IdTab_file,IdTab,Row,Column,Datapoint,factValue,qOOR
f_00.01,f_00.01,r0010,c0010,dp31870,eba_qAS:qx2004,
f_00.01,f_00.01,r0020,c0010,dp37969,eba_qSC:qx10,
f_01.01,f_01.01,r0010,c0010,dp10898,145078,
f_01.01,f_01.01,r0020,c0010,dp32358,87074,
f_01.01,f_01.01,r0030,c0010,dp32237,39279,
f_01.01,f_01.01,r0040,c0010,dp32244,18725,
f_01.01,f_01.01,r0050,c0010,dp11110,134307,
f_01.01,f_01.01,r0060,c0010,dp11108,24599,
f_01.01,f_01.01,r0070,c0010,dp11112,8704,
f_01.01,f_01.01,r0080,c0010,dp11106,41466,
f_01.01,f_01.01,r0090,c0010,dp11114,59538,
f_01.01,f_01.01,r0096,c0010,dp152736,21784,
f_01.01,f_01.01,r0097,c0010,dp152734,119,
f_01.01,f_01.01,r0098,c0010,dp152732,2412,
f_01.01,f_01.01,r0099,c0010,dp152738,19253,
f_01.01,f_01.01,r0100,c0010,dp10976,140693,
f_01.01,f_01.01,r0120,c0010,dp10972,69194,
f_01.01,f_01.01,r0130,c0010,dp10978,71499,
f_01.01,f_01.01,r0141,c0010,dp152877,196504,
f_01.01,f_01.01,r0142,c0010,dp152875,89082,
f_01.01,f_01.01,r0143,c0010,dp152873,14157,
f_01.01,f_01.01,r0144,c0010,dp152879,93265,
f_01.01,f_01.01,r0181,c0010,dp152251,82973,
f_01.01,f_01.01,r0182,c0010,dp152247,41795,
f_01.01,f_01.01,r0183,c0010,dp152253,41178,
f_01.01,f_01.01,r0240,c0010,dp11478,19323,
f_01.01,f_01.01,r0250,c0010,dp32402,87358,
f_01.01,f_01.01,r0260,c0010,dp11802,78628,
f_01.01,f_01.01,r0270,c0010,dp32420,80034,
f_01.01,f_01.01,r0280,c0010,dp11922,78603,
f_01.01,f_01.01,r0290,c0010,dp11776,1431,
f_01.01,f_01.01,r0300,c0010,dp32406,188361,
f_01.01,f_01.01,r0310,c0010,dp32404,95845,
f_01.01,f_01.01,r0320,c0010,dp32408,92516,
f_01.01,f_01.01,r0330,c0010,dp32422,70302,
f_01.01,f_01.01,r0340,c0010,dp32360,52092,
f_01.01,f_01.01,r0350,c0010,dp113147,18210,
f_01.01,f_01.01,r0360,c0010,dp32356,80172,
f_01.01,f_01.01,r0370,c0010,dp10903,27939,
f_01.01,f_01.01,r0380,c0010,dp32354,1414232,
f_01.02,f_01.02,r0010,c0010,dp11345,1608671,
f_01.02,f_01.02,r0020,c0010,dp11343,142080,
f_01.02,f_01.02,r0030,c0010,dp11349,438198,
f_01.02,f_01.02,r0040,c0010,dp11341,423306,
f_01.02,f_01.02,r0050,c0010,dp11332,367163,
f_01.02,f_01.02,r0060,c0010,dp11347,237924,
f_01.02,f_01.02,r0070,c0010,dp11247,687885,
f_01.02,f_01.02,r0080,c0010,dp11243,97312,
f_01.02,f_01.02,r0090,c0010,dp11233,150612,
f_01.02,f_01.02,r0100,c0010,dp11249,439961,
f_01.02,f_01.02,r0110,c0010,dp11451,624824,
f_01.02,f_01.02,r0120,c0010,dp11447,153119,
f_01.02,f_01.02,r0130,c0010,dp11437,68566,
f_01.02,f_01.02,r0140,c0010,dp11453,403139,
f_01.02,f_01.02,r0150,c0010,dp11485,13312,
f_01.02,f_01.02,r0160,c0010,dp32629,177429,
f_01.02,f_01.02,r0170,c0010,dp32633,1308444,
f_01.02,f_01.02,r0180,c0010,dp113186,84833,
f_01.02,f_01.02,r0190,c0010,dp32636,319893,
f_01.02,f_01.02,r0200,c0010,dp32646,421231,
f_01.02,f_01.02,r0210,c0010,dp32644,124220,
f_01.02,f_01.02,r0220,c0010,dp152670,65062,
f_01.02,f_01.02,r0230,c0010,dp32642,293205,
f_01.02,f_01.02,r0240,c0010,dp32651,133873,
f_01.02,f_01.02,r0250,c0010,dp32594,3510,
f_01.02,f_01.02,r0260,c0010,dp113175,130363,
f_01.02,f_01.02,r0270,c0010,dp32648,301368,
f_01.02,f_01.02,r0280,c0010,dp32631,22539,
f_01.02,f_01.02,r0290,c0010,dp10907,323680,
f_01.02,f_01.02,r0300,c0010,dp32592,5346581,
f_01.03,f_01.03,r0010,c0010,dp32440,756486,
f_01.03,f_01.03,r0020,c0010,dp56987,477985,
f_01.03,f_01.03,r0030,c0010,dp56988,278501,
f_01.03,f_01.03,r0040,c0010,dp32462,104276,
f_01.03,f_01.03,r0050,c0010,dp32444,420791,
f_01.03,f_01.03,r0060,c0010,dp32442,68909,
f_01.03,f_01.03,r0070,c0010,dp32443,351882,
f_01.03,f_01.03,r0080,c0010,dp32446,267728,
f_01.03,f_01.03,r0090,c0010,dp32429,2124426,
f_01.03,f_01.03,r0095,c0010,dp84737,1585218,
f_01.03,f_01.03,r0100,c0010,dp84736,349285,
f_01.03,f_01.03,r0110,c0010,dp84734,353817,
f_01.03,f_01.03,r0120,c0010,dp84731,221050,
f_01.03,f_01.03,r0122,c0010,dp84739,-99999,
f_01.03,f_01.03,r0124,c0010,dp84740,262292,
f_01.03,f_01.03,r0128,c0010,dp84738,539208,
f_01.03,f_01.03,r0130,c0010,dp84733,241352,
f_01.03,f_01.03,r0140,c0010,dp84732,281260,
f_01.03,f_01.03,r0150,c0010,dp84729,29132,
f_01.03,f_01.03,r0155,c0010,dp155465,-888888,
f_01.03,f_01.03,r0165,c0010,dp155466,263063,
f_01.03,f_01.03,r0170,c0010,dp84730,188167,
f_01.03,f_01.03,r0180,c0010,dp84735,259010,
f_01.03,f_01.03,r0190,c0010,dp32458,493519,
f_01.03,f_01.03,r0200,c0010,dp32460,112509,
f_01.03,f_01.03,r0210,c0010,dp32450,271117,
f_01.03,f_01.03,r0220,c0010,dp32453,43193,
f_01.03,f_01.03,r0230,c0010,dp32452,227924,
f_01.03,f_01.03,r0240,c0010,dp32454,-4638764,
f_01.03,f_01.03,r0250,c0010,dp32456,303272,
f_01.03,f_01.03,r0260,c0010,dp32448,-1000000,
f_01.03,f_01.03,r0270,c0010,dp32426,-767666,
f_01.03,f_01.03,r0280,c0010,dp32425,-68768,
f_01.03,f_01.03,r0290,c0010,dp32428,-698898,
f_01.03,f_01.03,r0300,c0010,dp32464,-1552306,
f_01.03,f_01.03,r0310,c0010,dp32654,3794275,
f_01.03,f_01.03,r0320,c0010,dp155462,218948,
f_01.03,f_01.03,r0330,c0010,dp155463,231011,
f_01.03,f_01.03,r0340,c0010,dp155454,131185,
f_01.03,f_01.03,r0350,c0010,dp155455,99826,
f_01.03,f_01.03,r0360,c0010,dp155464,48814,
f_02.00,f_02.00,r0010,c0010,dp33853,0,
f_02.00,f_02.00,r0090,c0010,dp33803,0,
f_02.00,f_02.00,r0200,c0010,dp33870,0,
f_02.00,f_02.00,r0210,c0010,dp33821,0,
f_02.00,f_02.00,r0355,c0010,dp46612,0,
f_02.00,f_02.00,r0620,c0010,dp33952,0,
f_02.00,f_02.00,r0670,c0010,dp57025,0,
f_03.00,f_03.00,r0010,c0010,dp57025,-43899,
f_03.00,f_03.00,r0020,c0010,dp33950,-346364,
f_03.00,f_03.00,r0030,c0010,dp84838,169022,
f_03.00,f_03.00,r0040,c0010,dp33935,59628,
f_03.00,f_03.00,r0050,c0010,dp33930,35531,
f_03.00,f_03.00,r0060,c0010,dp33927,-84672,
f_03.00,f_03.00,r0070,c0010,dp10912,-34067,
f_03.00,f_03.00,r0080,c0010,dp11814,92756,
f_03.00,f_03.00,r0081,c0010,dp152886,-36004,
f_03.00,f_03.00,r0083,c0010,dp151458,82157,
f_03.00,f_03.00,r0084,c0010,dp151581,42978,
f_03.00,f_03.00,r0085,c0010,dp151582,64091,
f_03.00,f_03.00,r0086,c0010,dp155671,-56687,
f_03.00,f_03.00,r0090,c0010,dp33954,110380,
f_03.00,f_03.00,r0100,c0010,dp84839,-515386,
f_03.00,f_03.00,r0110,c0010,dp11671,-242044,
f_03.00,f_03.00,r0120,c0010,dp11676,-54086,
f_03.00,f_03.00,r0130,c0010,dp11675,-88465,
f_03.00,f_03.00,r0140,c0010,dp11674,-99493,
f_03.00,f_03.00,r0150,c0010,dp33944,-10035,
f_03.00,f_03.00,r0160,c0010,dp38666,17689,
f_03.00,f_03.00,r0170,c0010,dp38488,30462,
f_03.00,f_03.00,r0180,c0010,dp37924,-58186,
f_03.00,f_03.00,r0190,c0010,dp11546,-167096,
f_03.00,f_03.00,r0200,c0010,dp11582,-10327,
f_03.00,f_03.00,r0210,c0010,dp11581,-11758,
f_03.00,f_03.00,r0220,c0010,dp11580,-83451,
f_03.00,f_03.00,r0230,c0010,dp11579,-61560,
f_03.00,f_03.00,r0231,c0010,dp155670,-34223,
f_03.00,f_03.00,r0232,c0010,dp155818,65188,
f_03.00,f_03.00,r0233,c0010,dp155815,-82176,
f_03.00,f_03.00,r0234,c0010,dp155807,-17235,
f_03.00,f_03.00,r0241,c0010,dp152887,76739,
f_03.00,f_03.00,r0251,c0010,dp152978,88464,
f_03.00,f_03.00,r0261,c0010,dp152969,10916,
f_03.00,f_03.00,r0270,c0010,dp10886,-22641,
f_03.00,f_03.00,r0280,c0010,dp49612,102059,
f_03.00,f_03.00,r0290,c0010,dp49616,89126,
f_03.00,f_03.00,r0300,c0010,dp49615,-40231,
f_03.00,f_03.00,r0310,c0010,dp49613,53164,
f_03.00,f_03.00,r0320,c0010,dp11815,28354,
f_03.00,f_03.00,r0330,c0010,dp33955,-269140,
f_03.00,f_03.00,r0340,c0010,dp33951,-390263,
f_03.00,f_03.00,r0350,c0010,dp33898,89676,
f_03.00,f_03.00,r0360,c0010,dp33899,-390401,
f_04.02.1,f_04.02.1,r0010,c0010,dp152734,51748,
f_04.02.1,f_04.02.1,r0020,c0010,dp152710,115638,
f_04.02.1,f_04.02.1,r0030,c0010,dp152719,98569,
f_04.02.1,f_04.02.1,r0040,c0010,dp152716,173226,
f_04.02.1,f_04.02.1,r0050,c0010,dp152732,629047,
f_04.02.1,f_04.02.1,r0050,c0020,dp152791,-352625,
f_04.02.1,f_04.02.1,r0060,c0010,dp152707,176570,
f_04.02.1,f_04.02.1,r0060,c0020,dp152780,-94197,
f_04.02.1,f_04.02.1,r0070,c0010,dp152712,175156,
f_04.02.1,f_04.02.1,r0070,c0020,dp152784,-18782,
f_04.02.1,f_04.02.1,r0080,c0010,dp152709,56903,
f_04.02.1,f_04.02.1,r0080,c0020,dp152782,-77148,
f_04.02.1,f_04.02.1,r0090,c0010,dp152718,161535,
f_04.02.1,f_04.02.1,r0090,c0020,dp152789,-68154,
f_04.02.1,f_04.02.1,r0100,c0010,dp152715,58883,
f_04.02.1,f_04.02.1,r0100,c0020,dp152787,-94344,
f_04.02.1,f_04.02.1,r0110,c0010,dp152738,636358,
f_04.02.1,f_04.02.1,r0110,c0020,dp152793,-661986,
f_04.02.1,f_04.02.1,r0120,c0010,dp152708,96242,
f_04.02.1,f_04.02.1,r0120,c0020,dp152781,-73680,
f_04.02.1,f_04.02.1,r0130,c0010,dp152713,107231,
f_04.02.1,f_04.02.1,r0130,c0020,dp152785,-149178,
f_04.02.1,f_04.02.1,r0140,c0010,dp152711,79364,
f_04.02.1,f_04.02.1,r0140,c0020,dp152783,-111481,
f_04.02.1,f_04.02.1,r0150,c0010,dp152720,127332,
f_04.02.1,f_04.02.1,r0150,c0020,dp152790,-129294,
f_04.02.1,f_04.02.1,r0160,c0010,dp152717,84870,
f_04.02.1,f_04.02.1,r0160,c0020,dp152788,-99098,
f_04.02.1,f_04.02.1,r0170,c0010,dp152714,141319,
f_04.02.1,f_04.02.1,r0170,c0020,dp152786,-99255,
f_04.02.1,f_04.02.1,r0180,c0010,dp152736,1317153,
f_04.02.1,f_04.02.1,r0180,c0020,dp152792,-1014611,
f_04.02.2,f_04.02.2,r0060,c0010,dp10972,309750,
f_04.02.2,f_04.02.2,r0060,c0020,dp151177,-261660,
f_04.02.2,f_04.02.2,r0070,c0010,dp10950,95827,
f_04.02.2,f_04.02.2,r0070,c0020,dp151166,-62518,
f_04.02.2,f_04.02.2,r0080,c0010,dp10955,29192,
f_04.02.2,f_04.02.2,r0080,c0020,dp151170,-5181,
f_04.02.2,f_04.02.2,r0090,c0010,dp10952,88367,
f_04.02.2,f_04.02.2,r0090,c0020,dp151168,-38263,
f_04.02.2,f_04.02.2,r0100,c0010,dp67305,70275,
f_04.02.2,f_04.02.2,r0100,c0020,dp151175,-83478,
f_04.02.2,f_04.02.2,r0110,c0010,dp10958,26089,
f_04.02.2,f_04.02.2,r0110,c0020,dp151173,-72220,
f_04.02.2,f_04.02.2,r0120,c0010,dp10978,153299,
f_04.02.2,f_04.02.2,r0120,c0020,dp151179,-187687,
f_04.02.2,f_04.02.2,r0130,c0010,dp10951,10303,
f_04.02.2,f_04.02.2,r0130,c0020,dp151167,-89498,
f_04.02.2,f_04.02.2,r0140,c0010,dp10956,219,
f_04.02.2,f_04.02.2,r0140,c0020,dp151171,-17961,
f_04.02.2,f_04.02.2,r0150,c0010,dp10954,48251,
f_04.02.2,f_04.02.2,r0150,c0020,dp151169,-15831,
f_04.02.2,f_04.02.2,r0160,c0010,dp67307,38444,
f_04.02.2,f_04.02.2,r0160,c0020,dp151176,-6479,
f_04.02.2,f_04.02.2,r0170,c0010,dp10960,2750,
f_04.02.2,f_04.02.2,r0170,c0020,dp151174,-33848,
f_04.02.2,f_04.02.2,r0180,c0010,dp10957,53332,
f_04.02.2,f_04.02.2,r0180,c0020,dp151172,-24070,
f_04.02.2,f_04.02.2,r0190,c0010,dp10976,463049,
f_04.02.2,f_04.02.2,r0190,c0020,dp151178,-449347,
f_04.03.1,f_04.03.1,r0020,c0010,dp152839,0,
f_04.03.1,f_04.03.1,r0050,c0010,dp152873,224693,
f_04.03.1,f_04.03.1,r0050,c0015,dp152956,246728,
f_04.03.1,f_04.03.1,r0050,c0020,dp152957,323760,
f_04.03.1,f_04.03.1,r0050,c0030,dp152962,276383,
f_04.03.1,f_04.03.1,r0050,c0040,dp152965,184053,
f_04.03.1,f_04.03.1,r0050,c0041,dp441857,358614,
f_04.03.1,f_04.03.1,r0050,c0050,dp152827,-365284,
f_04.03.1,f_04.03.1,r0050,c0060,dp152830,-328591,
f_04.03.1,f_04.03.1,r0050,c0070,dp152833,-232741,
f_04.03.1,f_04.03.1,r0050,c0071,dp441842,-295291,
f_04.03.1,f_04.03.1,r0050,c0080,dp152991,-346412,
f_04.03.1,f_04.03.1,r0050,c0090,dp153005,-285660,
f_04.03.1,f_04.03.1,r0060,c0010,dp152836,58381,
f_04.03.1,f_04.03.1,r0060,c0015,dp152912,87976,
f_04.03.1,f_04.03.1,r0060,c0020,dp152913,28386,
f_04.03.1,f_04.03.1,r0060,c0030,dp152916,53666,
f_04.03.1,f_04.03.1,r0060,c0040,dp152918,40508,
f_04.03.1,f_04.03.1,r0060,c0041,dp441845,75791,
f_04.03.1,f_04.03.1,r0060,c0050,dp152794,-86958,
f_04.03.1,f_04.03.1,r0060,c0060,dp152796,-87886,
f_04.03.1,f_04.03.1,r0060,c0070,dp152798,-84275,
f_04.03.1,f_04.03.1,r0060,c0071,dp441830,-61374,
f_04.03.1,f_04.03.1,r0060,c0080,dp152980,-44365,
f_04.03.1,f_04.03.1,r0060,c0090,dp152994,-41133,
f_04.03.1,f_04.03.1,r0070,c0010,dp152841,17467,
f_04.03.1,f_04.03.1,r0070,c0015,dp152928,31122,
f_04.03.1,f_04.03.1,r0070,c0020,dp152929,91546,
f_04.03.1,f_04.03.1,r0070,c0030,dp152932,98770,
f_04.03.1,f_04.03.1,r0070,c0040,dp152934,70358,
f_04.03.1,f_04.03.1,r0070,c0041,dp441849,15289,
f_04.03.1,f_04.03.1,r0070,c0050,dp152806,-92375,
f_04.03.1,f_04.03.1,r0070,c0060,dp152808,-36863,
f_04.03.1,f_04.03.1,r0070,c0070,dp152810,-41403,
f_04.03.1,f_04.03.1,r0070,c0071,dp441834,-22338,
f_04.03.1,f_04.03.1,r0070,c0080,dp152984,-82762,
f_04.03.1,f_04.03.1,r0070,c0090,dp152998,-94151,
f_04.03.1,f_04.03.1,r0080,c0010,dp152838,45333,
f_04.03.1,f_04.03.1,r0080,c0015,dp152920,57812,
f_04.03.1,f_04.03.1,r0080,c0020,dp152921,85425,
f_04.03.1,f_04.03.1,r0080,c0030,dp152924,30637,
f_04.03.1,f_04.03.1,r0080,c0040,dp152926,3931,
f_04.03.1,f_04.03.1,r0080,c0041,dp441847,86753,
f_04.03.1,f_04.03.1,r0080,c0050,dp152800,-61713,
f_04.03.1,f_04.03.1,r0080,c0060,dp152802,-52077,
f_04.03.1,f_04.03.1,r0080,c0070,dp152804,-3655,
f_04.03.1,f_04.03.1,r0080,c0071,dp441832,-90562,
f_04.03.1,f_04.03.1,r0080,c0080,dp152982,-73281,
f_04.03.1,f_04.03.1,r0080,c0090,dp152996,-66414,
f_04.03.1,f_04.03.1,r0090,c0010,dp152847,94188,
f_04.03.1,f_04.03.1,r0090,c0015,dp152948,20899,
f_04.03.1,f_04.03.1,r0090,c0020,dp152949,85154,
f_04.03.1,f_04.03.1,r0090,c0030,dp152952,92770,
f_04.03.1,f_04.03.1,r0090,c0040,dp152954,55830,
f_04.03.1,f_04.03.1,r0090,c0041,dp441855,99205,
f_04.03.1,f_04.03.1,r0090,c0050,dp152821,-62482,
f_04.03.1,f_04.03.1,r0090,c0060,dp152823,-81246,
f_04.03.1,f_04.03.1,r0090,c0070,dp152825,-60239,
f_04.03.1,f_04.03.1,r0090,c0071,dp441840,-67017,
f_04.03.1,f_04.03.1,r0090,c0080,dp152989,-73006,
f_04.03.1,f_04.03.1,r0090,c0090,dp153003,-46038,
f_04.03.1,f_04.03.1,r0100,c0010,dp152844,9324,
f_04.03.1,f_04.03.1,r0100,c0015,dp152940,48919,
f_04.03.1,f_04.03.1,r0100,c0020,dp152941,33249,
f_04.03.1,f_04.03.1,r0100,c0030,dp152944,540,
f_04.03.1,f_04.03.1,r0100,c0040,dp152946,13426,
f_04.03.1,f_04.03.1,r0100,c0041,dp441853,81576,
f_04.03.1,f_04.03.1,r0100,c0050,dp152815,-61756,
f_04.03.1,f_04.03.1,r0100,c0060,dp152817,-70519,
f_04.03.1,f_04.03.1,r0100,c0070,dp152819,-43169,
f_04.03.1,f_04.03.1,r0100,c0071,dp441838,-54000,
f_04.03.1,f_04.03.1,r0100,c0080,dp152987,-72998,
f_04.03.1,f_04.03.1,r0100,c0090,dp153001,-37924,
f_04.03.1,f_04.03.1,r0110,c0010,dp152879,270407,
f_04.03.1,f_04.03.1,r0110,c0015,dp152960,264386,
f_04.03.1,f_04.03.1,r0110,c0020,dp152961,258104,
f_04.03.1,f_04.03.1,r0110,c0030,dp152964,437788,
f_04.03.1,f_04.03.1,r0110,c0040,dp152967,261015,
f_04.03.1,f_04.03.1,r0110,c0041,dp441859,310191,
f_04.03.1,f_04.03.1,r0110,c0050,dp152829,-237413,
f_04.03.1,f_04.03.1,r0110,c0060,dp152832,-205413,
f_04.03.1,f_04.03.1,r0110,c0070,dp152835,-276264,
f_04.03.1,f_04.03.1,r0110,c0071,dp441844,-275426,
f_04.03.1,f_04.03.1,r0110,c0080,dp152993,-397185,
f_04.03.1,f_04.03.1,r0110,c0090,dp153007,-455897,
f_04.03.1,f_04.03.1,r0120,c0010,dp152837,57550,
f_04.03.1,f_04.03.1,r0120,c0015,dp152914,77394,
f_04.03.1,f_04.03.1,r0120,c0020,dp152915,40885,
f_04.03.1,f_04.03.1,r0120,c0030,dp152917,94292,
f_04.03.1,f_04.03.1,r0120,c0040,dp152919,58198,
f_04.03.1,f_04.03.1,r0120,c0041,dp441846,66601,
f_04.03.1,f_04.03.1,r0120,c0050,dp152795,-19811,
f_04.03.1,f_04.03.1,r0120,c0060,dp152797,-10997,
f_04.03.1,f_04.03.1,r0120,c0070,dp152799,-95334,
f_04.03.1,f_04.03.1,r0120,c0071,dp441831,-24343,
f_04.03.1,f_04.03.1,r0120,c0080,dp152981,-31623,
f_04.03.1,f_04.03.1,r0120,c0090,dp152995,-43350,
f_04.03.1,f_04.03.1,r0130,c0010,dp152842,9849,
f_04.03.1,f_04.03.1,r0130,c0015,dp152930,51446,
f_04.03.1,f_04.03.1,r0130,c0020,dp152931,32329,
f_04.03.1,f_04.03.1,r0130,c0030,dp152933,62014,
f_04.03.1,f_04.03.1,r0130,c0040,dp152935,40044,
f_04.03.1,f_04.03.1,r0130,c0041,dp441850,58762,
f_04.03.1,f_04.03.1,r0130,c0050,dp152807,-65419,
f_04.03.1,f_04.03.1,r0130,c0060,dp152809,-48079,
f_04.03.1,f_04.03.1,r0130,c0070,dp152811,-39644,
f_04.03.1,f_04.03.1,r0130,c0071,dp441835,-39695,
f_04.03.1,f_04.03.1,r0130,c0080,dp152985,-96186,
f_04.03.1,f_04.03.1,r0130,c0090,dp152999,-97776,
f_04.03.1,f_04.03.1,r0140,c0010,dp152840,59804,
f_04.03.1,f_04.03.1,r0140,c0015,dp152922,63530,
f_04.03.1,f_04.03.1,r0140,c0020,dp152923,12942,
f_04.03.1,f_04.03.1,r0140,c0030,dp152925,87120,
f_04.03.1,f_04.03.1,r0140,c0040,dp152927,20369,
f_04.03.1,f_04.03.1,r0140,c0041,dp441848,52372,
f_04.03.1,f_04.03.1,r0140,c0050,dp152801,-77016,
f_04.03.1,f_04.03.1,r0140,c0060,dp152803,-10827,
f_04.03.1,f_04.03.1,r0140,c0070,dp152805,-53091,
f_04.03.1,f_04.03.1,r0140,c0071,dp441833,-54366,
f_04.03.1,f_04.03.1,r0140,c0080,dp152983,-98304,
f_04.03.1,f_04.03.1,r0140,c0090,dp152997,-83379,
f_04.03.1,f_04.03.1,r0150,c0010,dp152849,35596,
f_04.03.1,f_04.03.1,r0150,c0015,dp152950,43780,
f_04.03.1,f_04.03.1,r0150,c0020,dp152951,65975,
f_04.03.1,f_04.03.1,r0150,c0030,dp152953,97574,
f_04.03.1,f_04.03.1,r0150,c0040,dp152955,571,
f_04.03.1,f_04.03.1,r0150,c0041,dp441856,38061,
f_04.03.1,f_04.03.1,r0150,c0050,dp152822,-16950,
f_04.03.1,f_04.03.1,r0150,c0060,dp152824,-10124,
f_04.03.1,f_04.03.1,r0150,c0070,dp152826,-40321,
f_04.03.1,f_04.03.1,r0150,c0071,dp441841,-81088,
f_04.03.1,f_04.03.1,r0150,c0080,dp152990,-17463,
f_04.03.1,f_04.03.1,r0150,c0090,dp153004,-98971,
f_04.03.1,f_04.03.1,r0160,c0010,dp152846,66232,
f_04.03.1,f_04.03.1,r0160,c0015,dp152942,5500,
f_04.03.1,f_04.03.1,r0160,c0020,dp152943,97174,
f_04.03.1,f_04.03.1,r0160,c0030,dp152945,88703,
f_04.03.1,f_04.03.1,r0160,c0040,dp152947,42083,
f_04.03.1,f_04.03.1,r0160,c0041,dp441854,54398,
f_04.03.1,f_04.03.1,r0160,c0050,dp152816,-28615,
f_04.03.1,f_04.03.1,r0160,c0060,dp152818,-77021,
f_04.03.1,f_04.03.1,r0160,c0070,dp152820,-12597,
f_04.03.1,f_04.03.1,r0160,c0071,dp441839,-35398,
f_04.03.1,f_04.03.1,r0160,c0080,dp152988,-89602,
f_04.03.1,f_04.03.1,r0160,c0090,dp153002,-65124,
f_04.03.1,f_04.03.1,r0165,c0010,dp429507,21108,
f_04.03.1,f_04.03.1,r0165,c0015,dp429508,70389,
f_04.03.1,f_04.03.1,r0165,c0020,dp429509,8613,
f_04.03.1,f_04.03.1,r0165,c0030,dp429510,64109,
f_04.03.1,f_04.03.1,r0165,c0040,dp429511,74336,
f_04.03.1,f_04.03.1,r0165,c0041,dp441852,77703,
f_04.03.1,f_04.03.1,r0165,c0050,dp429504,-58758,
f_04.03.1,f_04.03.1,r0165,c0060,dp429505,-34399,
f_04.03.1,f_04.03.1,r0165,c0070,dp429506,-69070,
f_04.03.1,f_04.03.1,r0165,c0071,dp441837,-53208,
f_04.03.1,f_04.03.1,r0165,c0080,dp429514,-12980,
f_04.03.1,f_04.03.1,r0165,c0090,dp429515,-22699,
f_04.03.1,f_04.03.1,r0170,c0010,dp152843,41376,
f_04.03.1,f_04.03.1,r0170,c0015,dp152936,22736,
f_04.03.1,f_04.03.1,r0170,c0020,dp152937,8799,
f_04.03.1,f_04.03.1,r0170,c0030,dp152938,8085,
f_04.03.1,f_04.03.1,r0170,c0040,dp152939,99750,
f_04.03.1,f_04.03.1,r0170,c0041,dp441851,39997,
f_04.03.1,f_04.03.1,r0170,c0050,dp152812,-29602,
f_04.03.1,f_04.03.1,r0170,c0060,dp152813,-48365,
f_04.03.1,f_04.03.1,r0170,c0070,dp152814,-35277,
f_04.03.1,f_04.03.1,r0170,c0071,dp441836,-40536,
f_04.03.1,f_04.03.1,r0170,c0080,dp152986,-64007,
f_04.03.1,f_04.03.1,r0170,c0090,dp153000,-67297,
f_04.03.1,f_04.03.1,r0180,c0010,dp152877,495100,
f_04.03.1,f_04.03.1,r0180,c0015,dp152958,511114,
f_04.03.1,f_04.03.1,r0180,c0020,dp152959,581864,
f_04.03.1,f_04.03.1,r0180,c0030,dp152963,714171,
f_04.03.1,f_04.03.1,r0180,c0040,dp152966,445068,
f_04.03.1,f_04.03.1,r0180,c0041,dp441858,668805,
f_04.03.1,f_04.03.1,r0180,c0050,dp152828,-602697,
f_04.03.1,f_04.03.1,r0180,c0060,dp152831,-534004,
f_04.03.1,f_04.03.1,r0180,c0070,dp152834,-509005,
f_04.03.1,f_04.03.1,r0180,c0071,dp441843,-570717,
f_04.03.1,f_04.03.1,r0180,c0080,dp152992,-743597,
f_04.03.1,f_04.03.1,r0180,c0090,dp153006,-741557,
f_04.04.1,f_04.04.1,r0010,c0010,dp152247,-117934,
f_04.04.1,f_04.04.1,r0010,c0015,dp152315,307786,
f_04.04.1,f_04.04.1,r0010,c0020,dp152316,240140,
f_04.04.1,f_04.04.1,r0010,c0030,dp152321,101891,
f_04.04.1,f_04.04.1,r0010,c0040,dp152324,239442,
f_04.04.1,f_04.04.1,r0010,c0041,dp441806,225036,
f_04.04.1,f_04.04.1,r0010,c0050,dp152206,-172720,
f_04.04.1,f_04.04.1,r0010,c0060,dp152209,-252005,
f_04.04.1,f_04.04.1,r0010,c0070,dp152212,-231669,
f_04.04.1,f_04.04.1,r0010,c0071,dp441791,-335695,
f_04.04.1,f_04.04.1,r0010,c0080,dp152338,-295979,
f_04.04.1,f_04.04.1,r0010,c0090,dp152352,-171001,
f_04.04.1,f_04.04.1,r0020,c0010,dp152215,-139564,
f_04.04.1,f_04.04.1,r0020,c0015,dp152271,46603,
f_04.04.1,f_04.04.1,r0020,c0020,dp152272,4772,
f_04.04.1,f_04.04.1,r0020,c0030,dp152275,4426,
f_04.04.1,f_04.04.1,r0020,c0040,dp152277,24935,
f_04.04.1,f_04.04.1,r0020,c0041,dp441794,25090,
f_04.04.1,f_04.04.1,r0020,c0050,dp152173,-97105,
f_04.04.1,f_04.04.1,r0020,c0060,dp152175,-47604,
f_04.04.1,f_04.04.1,r0020,c0070,dp152177,-14812,
f_04.04.1,f_04.04.1,r0020,c0071,dp441779,-81097,
f_04.04.1,f_04.04.1,r0020,c0080,dp152327,-78842,
f_04.04.1,f_04.04.1,r0020,c0090,dp152341,-9801,
f_04.04.1,f_04.04.1,r0030,c0010,dp152219,-10936,
f_04.04.1,f_04.04.1,r0030,c0015,dp152287,96846,
f_04.04.1,f_04.04.1,r0030,c0020,dp152288,71070,
f_04.04.1,f_04.04.1,r0030,c0030,dp152291,26646,
f_04.04.1,f_04.04.1,r0030,c0040,dp152293,50610,
f_04.04.1,f_04.04.1,r0030,c0041,dp441798,12358,
f_04.04.1,f_04.04.1,r0030,c0050,dp152185,-811,
f_04.04.1,f_04.04.1,r0030,c0060,dp152187,-98258,
f_04.04.1,f_04.04.1,r0030,c0070,dp152189,-54692,
f_04.04.1,f_04.04.1,r0030,c0071,dp441783,-43635,
f_04.04.1,f_04.04.1,r0030,c0080,dp152331,-6920,
f_04.04.1,f_04.04.1,r0030,c0090,dp152345,-12079,
f_04.04.1,f_04.04.1,r0040,c0010,dp152217,-1656,
f_04.04.1,f_04.04.1,r0040,c0015,dp152279,71072,
f_04.04.1,f_04.04.1,r0040,c0020,dp152280,47098,
f_04.04.1,f_04.04.1,r0040,c0030,dp152283,69235,
f_04.04.1,f_04.04.1,r0040,c0040,dp152285,29433,
f_04.04.1,f_04.04.1,r0040,c0041,dp441796,90370,
f_04.04.1,f_04.04.1,r0040,c0050,dp152179,-29374,
f_04.04.1,f_04.04.1,r0040,c0060,dp152181,-71342,
f_04.04.1,f_04.04.1,r0040,c0070,dp152183,-96448,
f_04.04.1,f_04.04.1,r0040,c0071,dp441781,-64602,
f_04.04.1,f_04.04.1,r0040,c0080,dp152329,-95852,
f_04.04.1,f_04.04.1,r0040,c0090,dp152343,-73254,
f_04.04.1,f_04.04.1,r0050,c0010,dp152224,30375,
f_04.04.1,f_04.04.1,r0050,c0015,dp152307,57968,
f_04.04.1,f_04.04.1,r0050,c0020,dp152308,35176,
f_04.04.1,f_04.04.1,r0050,c0030,dp152311,950,
f_04.04.1,f_04.04.1,r0050,c0040,dp152313,49229,
f_04.04.1,f_04.04.1,r0050,c0041,dp441804,85599,
f_04.04.1,f_04.04.1,r0050,c0050,dp152200,-33352,
f_04.04.1,f_04.04.1,r0050,c0060,dp152202,-28814,
f_04.04.1,f_04.04.1,r0050,c0070,dp152204,-30528,
f_04.04.1,f_04.04.1,r0050,c0071,dp441789,-70677,
f_04.04.1,f_04.04.1,r0050,c0080,dp152336,-16546,
f_04.04.1,f_04.04.1,r0050,c0090,dp152350,-58552,
f_04.04.1,f_04.04.1,r0060,c0010,dp152222,3847,
f_04.04.1,f_04.04.1,r0060,c0015,dp152299,35297,
f_04.04.1,f_04.04.1,r0060,c0020,dp152300,82024,
f_04.04.1,f_04.04.1,r0060,c0030,dp152303,634,
f_04.04.1,f_04.04.1,r0060,c0040,dp152305,85235,
f_04.04.1,f_04.04.1,r0060,c0041,dp441802,11619,
f_04.04.1,f_04.04.1,r0060,c0050,dp152194,-12078,
f_04.04.1,f_04.04.1,r0060,c0060,dp152196,-5987,
f_04.04.1,f_04.04.1,r0060,c0070,dp152198,-35189,
f_04.04.1,f_04.04.1,r0060,c0071,dp441787,-75684,
f_04.04.1,f_04.04.1,r0060,c0080,dp152334,-97819,
f_04.04.1,f_04.04.1,r0060,c0090,dp152348,-17315,
f_04.04.1,f_04.04.1,r0070,c0010,dp152253,194987,
f_04.04.1,f_04.04.1,r0070,c0015,dp152319,327851,
f_04.04.1,f_04.04.1,r0070,c0020,dp152320,335262,
f_04.04.1,f_04.04.1,r0070,c0030,dp152323,292611,
f_04.04.1,f_04.04.1,r0070,c0040,dp152326,307260,
f_04.04.1,f_04.04.1,r0070,c0041,dp441808,373041,
f_04.04.1,f_04.04.1,r0070,c0050,dp152208,-135189,
f_04.04.1,f_04.04.1,r0070,c0060,dp152211,-272209,
f_04.04.1,f_04.04.1,r0070,c0070,dp152214,-352032,
f_04.04.1,f_04.04.1,r0070,c0071,dp441793,-346346,
f_04.04.1,f_04.04.1,r0070,c0080,dp152340,-267682,
f_04.04.1,f_04.04.1,r0070,c0090,dp152354,-326385,
f_04.04.1,f_04.04.1,r0080,c0010,dp152216,-2699,
f_04.04.1,f_04.04.1,r0080,c0015,dp152273,97770,
f_04.04.1,f_04.04.1,r0080,c0020,dp152274,43458,
f_04.04.1,f_04.04.1,r0080,c0030,dp152276,16682,
f_04.04.1,f_04.04.1,r0080,c0040,dp152278,21647,
f_04.04.1,f_04.04.1,r0080,c0041,dp441795,95290,
f_04.04.1,f_04.04.1,r0080,c0050,dp152174,-1844,
f_04.04.1,f_04.04.1,r0080,c0060,dp152176,-45235,
f_04.04.1,f_04.04.1,r0080,c0070,dp152178,-95587,
f_04.04.1,f_04.04.1,r0080,c0071,dp441780,-91422,
f_04.04.1,f_04.04.1,r0080,c0080,dp152328,-64129,
f_04.04.1,f_04.04.1,r0080,c0090,dp152342,-50773,
f_04.04.1,f_04.04.1,r0090,c0010,dp152220,-24344,
f_04.04.1,f_04.04.1,r0090,c0015,dp152289,16945,
f_04.04.1,f_04.04.1,r0090,c0020,dp152290,4067,
f_04.04.1,f_04.04.1,r0090,c0030,dp152292,34863,
f_04.04.1,f_04.04.1,r0090,c0040,dp152294,54334,
f_04.04.1,f_04.04.1,r0090,c0041,dp441799,76343,
f_04.04.1,f_04.04.1,r0090,c0050,dp152186,-25166,
f_04.04.1,f_04.04.1,r0090,c0060,dp152188,-31216,
f_04.04.1,f_04.04.1,r0090,c0070,dp152190,-95483,
f_04.04.1,f_04.04.1,r0090,c0071,dp441784,-54964,
f_04.04.1,f_04.04.1,r0090,c0080,dp152332,-6735,
f_04.04.1,f_04.04.1,r0090,c0090,dp152346,-65331,
f_04.04.1,f_04.04.1,r0100,c0010,dp152218,10214,
f_04.04.1,f_04.04.1,r0100,c0015,dp152281,16159,
f_04.04.1,f_04.04.1,r0100,c0020,dp152282,85199,
f_04.04.1,f_04.04.1,r0100,c0030,dp152284,52072,
f_04.04.1,f_04.04.1,r0100,c0040,dp152286,84596,
f_04.04.1,f_04.04.1,r0100,c0041,dp441797,35841,
f_04.04.1,f_04.04.1,r0100,c0050,dp152180,-43431,
f_04.04.1,f_04.04.1,r0100,c0060,dp152182,-17651,
f_04.04.1,f_04.04.1,r0100,c0070,dp152184,-48621,
f_04.04.1,f_04.04.1,r0100,c0071,dp441782,-68751,
f_04.04.1,f_04.04.1,r0100,c0080,dp152330,-12446,
f_04.04.1,f_04.04.1,r0100,c0090,dp152344,-75220,
f_04.04.1,f_04.04.1,r0110,c0010,dp152225,26123,
f_04.04.1,f_04.04.1,r0110,c0015,dp152309,97384,
f_04.04.1,f_04.04.1,r0110,c0020,dp152310,74141,
f_04.04.1,f_04.04.1,r0110,c0030,dp152312,50817,
f_04.04.1,f_04.04.1,r0110,c0040,dp152314,34738,
f_04.04.1,f_04.04.1,r0110,c0041,dp441805,45267,
f_04.04.1,f_04.04.1,r0110,c0050,dp152201,-9226,
f_04.04.1,f_04.04.1,r0110,c0060,dp152203,-68131,
f_04.04.1,f_04.04.1,r0110,c0070,dp152205,-90995,
f_04.04.1,f_04.04.1,r0110,c0071,dp441790,-33731,
f_04.04.1,f_04.04.1,r0110,c0080,dp152337,-23426,
f_04.04.1,f_04.04.1,r0110,c0090,dp152351,-70285,
f_04.04.1,f_04.04.1,r0120,c0010,dp152223,78962,
f_04.04.1,f_04.04.1,r0120,c0015,dp152301,88618,
f_04.04.1,f_04.04.1,r0120,c0020,dp152302,91859,
f_04.04.1,f_04.04.1,r0120,c0030,dp152304,43352,
f_04.04.1,f_04.04.1,r0120,c0040,dp152306,20883,
f_04.04.1,f_04.04.1,r0120,c0041,dp441803,73890,
f_04.04.1,f_04.04.1,r0120,c0050,dp152195,-46085,
f_04.04.1,f_04.04.1,r0120,c0060,dp152197,-87830,
f_04.04.1,f_04.04.1,r0120,c0070,dp152199,-10044,
f_04.04.1,f_04.04.1,r0120,c0071,dp441788,-3822,
f_04.04.1,f_04.04.1,r0120,c0080,dp152335,-64631,
f_04.04.1,f_04.04.1,r0120,c0090,dp152349,-24058,
f_04.04.1,f_04.04.1,r0125,c0010,dp429278,-112433,
f_04.04.1,f_04.04.1,r0125,c0015,dp429279,2269,
f_04.04.1,f_04.04.1,r0125,c0020,dp429280,38520,
f_04.04.1,f_04.04.1,r0125,c0030,dp429281,88672,
f_04.04.1,f_04.04.1,r0125,c0040,dp429282,24105,
f_04.04.1,f_04.04.1,r0125,c0041,dp441801,511,
f_04.04.1,f_04.04.1,r0125,c0050,dp429275,-96034,
f_04.04.1,f_04.04.1,r0125,c0060,dp429276,-50929,
f_04.04.1,f_04.04.1,r0125,c0070,dp429277,-33372,
f_04.04.1,f_04.04.1,r0125,c0071,dp441786,-47655,
f_04.04.1,f_04.04.1,r0125,c0080,dp429283,-19730,
f_04.04.1,f_04.04.1,r0125,c0090,dp429284,-95710,
f_04.04.1,f_04.04.1,r0130,c0010,dp152221,106731,
f_04.04.1,f_04.04.1,r0130,c0015,dp152295,10975,
f_04.04.1,f_04.04.1,r0130,c0020,dp152296,36538,
f_04.04.1,f_04.04.1,r0130,c0030,dp152297,94825,
f_04.04.1,f_04.04.1,r0130,c0040,dp152298,91062,
f_04.04.1,f_04.04.1,r0130,c0041,dp441800,46410,
f_04.04.1,f_04.04.1,r0130,c0050,dp152191,-9437,
f_04.04.1,f_04.04.1,r0130,c0060,dp152192,-22146,
f_04.04.1,f_04.04.1,r0130,c0070,dp152193,-11302,
f_04.04.1,f_04.04.1,r0130,c0071,dp441785,-93656,
f_04.04.1,f_04.04.1,r0130,c0080,dp152333,-96315,
f_04.04.1,f_04.04.1,r0130,c0090,dp152347,-40718,
f_04.04.1,f_04.04.1,r0140,c0010,dp152249,77053,
f_04.04.1,f_04.04.1,r0140,c0015,dp152317,635637,
f_04.04.1,f_04.04.1,r0140,c0020,dp152318,575402,
f_04.04.1,f_04.04.1,r0140,c0030,dp152322,394502,
f_04.04.1,f_04.04.1,r0140,c0040,dp152325,546702,
f_04.04.1,f_04.04.1,r0140,c0041,dp441807,598077,
f_04.04.1,f_04.04.1,r0140,c0050,dp152207,-307909,
f_04.04.1,f_04.04.1,r0140,c0060,dp152210,-524214,
f_04.04.1,f_04.04.1,r0140,c0070,dp152213,-583701,
f_04.04.1,f_04.04.1,r0140,c0071,dp441792,-682041,
f_04.04.1,f_04.04.1,r0140,c0080,dp152339,-563661,
f_04.04.1,f_04.04.1,r0140,c0090,dp152353,-497386,
f_05.01,f_05.01,r0010,c0005,dp152586,0,
f_05.01,f_05.01,r0080,c0005,dp152598,0,
f_06.01,f_06.01,r0010,c0010,dp152499,82653,
f_06.01,f_06.01,r0010,c0011,dp150946,22134,
f_06.01,f_06.01,r0010,c0012,dp152500,2210,
f_06.01,f_06.01,r0010,c0013,dp429357,2210,
f_06.01,f_06.01,r0010,c0021,dp150858,-31407,
f_06.01,f_06.01,r0010,c0022,dp152369,-88651,
f_06.01,f_06.01,r0020,c0010,dp152503,81746,
f_06.01,f_06.01,r0020,c0011,dp150948,4842,
f_06.01,f_06.01,r0020,c0012,dp152504,35311,
f_06.01,f_06.01,r0020,c0013,dp429358,35311,
f_06.01,f_06.01,r0020,c0021,dp150860,-11371,
f_06.01,f_06.01,r0020,c0022,dp152371,-51036,
f_06.01,f_06.01,r0030,c0010,dp152507,77877,
f_06.01,f_06.01,r0030,c0011,dp150950,78632,
f_06.01,f_06.01,r0030,c0012,dp152508,58599,
f_06.01,f_06.01,r0030,c0013,dp429359,58599,
f_06.01,f_06.01,r0030,c0021,dp150862,-40368,
f_06.01,f_06.01,r0030,c0022,dp152373,-62317,
f_06.01,f_06.01,r0040,c0010,dp152511,61375,
f_06.01,f_06.01,r0040,c0011,dp150952,43898,
f_06.01,f_06.01,r0040,c0012,dp152512,43487,
f_06.01,f_06.01,r0040,c0013,dp429360,43487,
f_06.01,f_06.01,r0040,c0021,dp150864,-83076,
f_06.01,f_06.01,r0040,c0022,dp152375,-96854,
f_06.01,f_06.01,r0050,c0010,dp152515,91377,
f_06.01,f_06.01,r0050,c0011,dp150954,57885,
f_06.01,f_06.01,r0050,c0012,dp152516,77634,
f_06.01,f_06.01,r0050,c0013,dp429361,77634,
f_06.01,f_06.01,r0050,c0021,dp150866,-15018,
f_06.01,f_06.01,r0050,c0022,dp152377,-84139,
f_06.01,f_06.01,r0060,c0010,dp152519,19075,
f_06.01,f_06.01,r0060,c0011,dp150956,35585,
f_06.01,f_06.01,r0060,c0012,dp152520,22466,
f_06.01,f_06.01,r0060,c0013,dp429362,22466,
f_06.01,f_06.01,r0060,c0021,dp150868,-35626,
f_06.01,f_06.01,r0060,c0022,dp152379,-56574,
f_06.01,f_06.01,r0070,c0010,dp152523,86444,
f_06.01,f_06.01,r0070,c0011,dp150958,21716,
f_06.01,f_06.01,r0070,c0012,dp152524,82432,
f_06.01,f_06.01,r0070,c0013,dp429363,82432,
f_06.01,f_06.01,r0070,c0021,dp150870,-3658,
f_06.01,f_06.01,r0070,c0022,dp152381,-32718,
f_06.01,f_06.01,r0080,c0010,dp152527,50174,
f_06.01,f_06.01,r0080,c0011,dp150960,56189,
f_06.01,f_06.01,r0080,c0012,dp152528,75936,
f_06.01,f_06.01,r0080,c0013,dp429364,75936,
f_06.01,f_06.01,r0080,c0021,dp150872,-37667,
f_06.01,f_06.01,r0080,c0022,dp152383,-84265,
f_06.01,f_06.01,r0090,c0010,dp152531,97916,
f_06.01,f_06.01,r0090,c0011,dp150962,13802,
f_06.01,f_06.01,r0090,c0012,dp152532,50012,
f_06.01,f_06.01,r0090,c0013,dp429365,50012,
f_06.01,f_06.01,r0090,c0021,dp150874,-94878,
f_06.01,f_06.01,r0090,c0022,dp152385,-78460,
f_06.01,f_06.01,r0100,c0010,dp152535,60979,
f_06.01,f_06.01,r0100,c0011,dp150964,84265,
f_06.01,f_06.01,r0100,c0012,dp152536,52439,
f_06.01,f_06.01,r0100,c0013,dp429366,52439,
f_06.01,f_06.01,r0100,c0021,dp150876,-88400,
f_06.01,f_06.01,r0100,c0022,dp152387,-99590,
f_06.01,f_06.01,r0105,c0010,dp152571,68184,
f_06.01,f_06.01,r0105,c0011,dp150982,86942,
f_06.01,f_06.01,r0105,c0012,dp152572,32967,
f_06.01,f_06.01,r0105,c0013,dp429375,32967,
f_06.01,f_06.01,r0105,c0021,dp150894,-81979,
f_06.01,f_06.01,r0105,c0022,dp152405,-90703,
f_06.01,f_06.01,r0110,c0010,dp152539,28983,
f_06.01,f_06.01,r0110,c0011,dp150966,32429,
f_06.01,f_06.01,r0110,c0012,dp152540,67541,
f_06.01,f_06.01,r0110,c0013,dp429367,67541,
f_06.01,f_06.01,r0110,c0021,dp150878,-96132,
f_06.01,f_06.01,r0110,c0022,dp152389,-57368,
f_06.01,f_06.01,r0120,c0010,dp152543,30111,
f_06.01,f_06.01,r0120,c0011,dp150968,48009,
f_06.01,f_06.01,r0120,c0012,dp152544,94456,
f_06.01,f_06.01,r0120,c0013,dp429368,94456,
f_06.01,f_06.01,r0120,c0021,dp150880,-35478,
f_06.01,f_06.01,r0120,c0022,dp152391,-32879,
f_06.01,f_06.01,r0130,c0010,dp152547,34866,
f_06.01,f_06.01,r0130,c0011,dp150970,10431,
f_06.01,f_06.01,r0130,c0012,dp152548,93080,
f_06.01,f_06.01,r0130,c0013,dp429369,93080,
f_06.01,f_06.01,r0130,c0021,dp150882,-2214,
f_06.01,f_06.01,r0130,c0022,dp152393,-12543,
f_06.01,f_06.01,r0140,c0010,dp152551,86011,
f_06.01,f_06.01,r0140,c0011,dp150972,45044,
f_06.01,f_06.01,r0140,c0012,dp152552,79699,
f_06.01,f_06.01,r0140,c0013,dp429370,79699,
f_06.01,f_06.01,r0140,c0021,dp150884,-58140,
f_06.01,f_06.01,r0140,c0022,dp152395,-36015,
f_06.01,f_06.01,r0150,c0010,dp152555,48463,
f_06.01,f_06.01,r0150,c0011,dp150974,11129,
f_06.01,f_06.01,r0150,c0012,dp152556,50404,
f_06.01,f_06.01,r0150,c0013,dp429371,50404,
f_06.01,f_06.01,r0150,c0021,dp150886,-24184,
f_06.01,f_06.01,r0150,c0022,dp152397,-56627,
f_06.01,f_06.01,r0160,c0010,dp152559,43665,
f_06.01,f_06.01,r0160,c0011,dp150976,95698,
f_06.01,f_06.01,r0160,c0012,dp152560,31324,
f_06.01,f_06.01,r0160,c0013,dp429372,31324,
f_06.01,f_06.01,r0160,c0021,dp150888,-62732,
f_06.01,f_06.01,r0160,c0022,dp152399,-60720,
f_06.01,f_06.01,r0170,c0010,dp152563,1113,
f_06.01,f_06.01,r0170,c0011,dp150978,39629,
f_06.01,f_06.01,r0170,c0012,dp152564,10585,
f_06.01,f_06.01,r0170,c0013,dp429373,10585,
f_06.01,f_06.01,r0170,c0021,dp150890,-37732,
f_06.01,f_06.01,r0170,c0022,dp152401,-76048,
f_06.01,f_06.01,r0180,c0010,dp152567,32671,
f_06.01,f_06.01,r0180,c0011,dp150980,72334,
f_06.01,f_06.01,r0180,c0012,dp152568,95027,
f_06.01,f_06.01,r0180,c0013,dp429374,95027,
f_06.01,f_06.01,r0180,c0021,dp150892,-71032,
f_06.01,f_06.01,r0180,c0022,dp152403,-14636,
f_06.01,f_06.01,r0190,c0010,dp152498,1083683,
f_06.01,f_06.01,r0190,c0011,dp150945,860593,
f_06.01,f_06.01,r0190,c0012,dp152575,1055609,
f_06.01,f_06.01,r0190,c0013,dp429376,1055609,
f_06.01,f_06.01,r0190,c0021,dp150857,-911092,
f_06.01,f_06.01,r0190,c0022,dp152407,-1172143,
f_07.01,f_07.01,r0060,c0010,dp150750,311455,
f_07.01,f_07.01,r0060,c0020,dp150748,194403,
f_07.01,f_07.01,r0060,c0030,dp150749,435239,
f_07.01,f_07.01,r0060,c0040,dp150792,251898,
f_07.01,f_07.01,r0060,c0050,dp150790,236162,
f_07.01,f_07.01,r0060,c0060,dp150791,189427,
f_07.01,f_07.01,r0060,c0070,dp150834,306407,
f_07.01,f_07.01,r0060,c0080,dp150832,306309,
f_07.01,f_07.01,r0060,c0090,dp150833,249571,
f_07.01,f_07.01,r0060,c0100,dp441743,232634,
f_07.01,f_07.01,r0060,c0110,dp441741,187920,
f_07.01,f_07.01,r0060,c0120,dp441742,301647,
f_07.01,f_07.01,r0070,c0010,dp150549,97909,
f_07.01,f_07.01,r0070,c0020,dp150547,7863,
f_07.01,f_07.01,r0070,c0030,dp150548,88498,
f_07.01,f_07.01,r0070,c0040,dp150555,26447,
f_07.01,f_07.01,r0070,c0050,dp150553,32179,
f_07.01,f_07.01,r0070,c0060,dp150554,34070,
f_07.01,f_07.01,r0070,c0070,dp150561,87652,
f_07.01,f_07.01,r0070,c0080,dp150559,12314,
f_07.01,f_07.01,r0070,c0090,dp150560,80167,
f_07.01,f_07.01,r0070,c0100,dp441671,54950,
f_07.01,f_07.01,r0070,c0110,dp441669,37645,
f_07.01,f_07.01,r0070,c0120,dp441670,35617,
f_07.01,f_07.01,r0080,c0010,dp150585,74903,
f_07.01,f_07.01,r0080,c0020,dp150583,47841,
f_07.01,f_07.01,r0080,c0030,dp150584,99323,
f_07.01,f_07.01,r0080,c0040,dp150591,50848,
f_07.01,f_07.01,r0080,c0050,dp150589,27126,
f_07.01,f_07.01,r0080,c0060,dp150590,41320,
f_07.01,f_07.01,r0080,c0070,dp150597,91559,
f_07.01,f_07.01,r0080,c0080,dp150595,78112,
f_07.01,f_07.01,r0080,c0090,dp150596,23581,
f_07.01,f_07.01,r0080,c0100,dp441683,29878,
f_07.01,f_07.01,r0080,c0110,dp441681,65366,
f_07.01,f_07.01,r0080,c0120,dp441682,38588,
f_07.01,f_07.01,r0090,c0010,dp150567,89339,
f_07.01,f_07.01,r0090,c0020,dp150565,14854,
f_07.01,f_07.01,r0090,c0030,dp150566,69967,
f_07.01,f_07.01,r0090,c0040,dp150573,58303,
f_07.01,f_07.01,r0090,c0050,dp150571,84753,
f_07.01,f_07.01,r0090,c0060,dp150572,3069,
f_07.01,f_07.01,r0090,c0070,dp150579,57426,
f_07.01,f_07.01,r0090,c0080,dp150577,83368,
f_07.01,f_07.01,r0090,c0090,dp150578,18206,
f_07.01,f_07.01,r0090,c0100,dp441677,63722,
f_07.01,f_07.01,r0090,c0110,dp441675,2865,
f_07.01,f_07.01,r0090,c0120,dp441676,57302,
f_07.01,f_07.01,r0100,c0010,dp150630,29150,
f_07.01,f_07.01,r0100,c0020,dp150628,71077,
f_07.01,f_07.01,r0100,c0030,dp150629,92392,
f_07.01,f_07.01,r0100,c0040,dp150636,16989,
f_07.01,f_07.01,r0100,c0050,dp150634,36389,
f_07.01,f_07.01,r0100,c0060,dp150635,91886,
f_07.01,f_07.01,r0100,c0070,dp150642,48115,
f_07.01,f_07.01,r0100,c0080,dp150640,59473,
f_07.01,f_07.01,r0100,c0090,dp150641,82589,
f_07.01,f_07.01,r0100,c0100,dp441698,33755,
f_07.01,f_07.01,r0100,c0110,dp441696,64128,
f_07.01,f_07.01,r0100,c0120,dp441697,80213,
f_07.01,f_07.01,r0110,c0010,dp150612,20154,
f_07.01,f_07.01,r0110,c0020,dp150610,52768,
f_07.01,f_07.01,r0110,c0030,dp150611,85059,
f_07.01,f_07.01,r0110,c0040,dp150618,99311,
f_07.01,f_07.01,r0110,c0050,dp150616,55715,
f_07.01,f_07.01,r0110,c0060,dp150617,19082,
f_07.01,f_07.01,r0110,c0070,dp150624,21655,
f_07.01,f_07.01,r0110,c0080,dp150622,73042,
f_07.01,f_07.01,r0110,c0090,dp150623,45028,
f_07.01,f_07.01,r0110,c0100,dp441692,50329,
f_07.01,f_07.01,r0110,c0110,dp441690,17916,
f_07.01,f_07.01,r0110,c0120,dp441691,89927,
f_07.01,f_07.01,r0120,c0010,dp150759,211760,
f_07.01,f_07.01,r0120,c0020,dp150757,418228,
f_07.01,f_07.01,r0120,c0030,dp150758,309205,
f_07.01,f_07.01,r0120,c0040,dp150801,262448,
f_07.01,f_07.01,r0120,c0050,dp150799,365894,
f_07.01,f_07.01,r0120,c0060,dp150800,271077,
f_07.01,f_07.01,r0120,c0070,dp150843,373675,
f_07.01,f_07.01,r0120,c0080,dp150841,324927,
f_07.01,f_07.01,r0120,c0090,dp150842,291533,
f_07.01,f_07.01,r0120,c0100,dp441755,312928,
f_07.01,f_07.01,r0120,c0110,dp441753,206381,
f_07.01,f_07.01,r0120,c0120,dp441754,202617,
f_07.01,f_07.01,r0130,c0010,dp150552,52858,
f_07.01,f_07.01,r0130,c0020,dp150550,50021,
f_07.01,f_07.01,r0130,c0030,dp150551,96692,
f_07.01,f_07.01,r0130,c0040,dp150558,22786,
f_07.01,f_07.01,r0130,c0050,dp150556,65179,
f_07.01,f_07.01,r0130,c0060,dp150557,42255,
f_07.01,f_07.01,r0130,c0070,dp150564,91685,
f_07.01,f_07.01,r0130,c0080,dp150562,38677,
f_07.01,f_07.01,r0130,c0090,dp150563,35890,
f_07.01,f_07.01,r0130,c0100,dp441674,49359,
f_07.01,f_07.01,r0130,c0110,dp441672,24619,
f_07.01,f_07.01,r0130,c0120,dp441673,74460,
f_07.01,f_07.01,r0140,c0010,dp150588,24722,
f_07.01,f_07.01,r0140,c0020,dp150586,96565,
f_07.01,f_07.01,r0140,c0030,dp150587,134,
f_07.01,f_07.01,r0140,c0040,dp150594,35357,
f_07.01,f_07.01,r0140,c0050,dp150592,18471,
f_07.01,f_07.01,r0140,c0060,dp150593,37136,
f_07.01,f_07.01,r0140,c0070,dp150600,5128,
f_07.01,f_07.01,r0140,c0080,dp150598,46460,
f_07.01,f_07.01,r0140,c0090,dp150599,70066,
f_07.01,f_07.01,r0140,c0100,dp441686,69647,
f_07.01,f_07.01,r0140,c0110,dp441684,17623,
f_07.01,f_07.01,r0140,c0120,dp441685,7843,
f_07.01,f_07.01,r0150,c0010,dp150570,34898,
f_07.01,f_07.01,r0150,c0020,dp150568,83819,
f_07.01,f_07.01,r0150,c0030,dp150569,93366,
f_07.01,f_07.01,r0150,c0040,dp150576,53594,
f_07.01,f_07.01,r0150,c0050,dp150574,90153,
f_07.01,f_07.01,r0150,c0060,dp150575,51934,
f_07.01,f_07.01,r0150,c0070,dp150582,44869,
f_07.01,f_07.01,r0150,c0080,dp150580,50488,
f_07.01,f_07.01,r0150,c0090,dp150581,30171,
f_07.01,f_07.01,r0150,c0100,dp441680,67919,
f_07.01,f_07.01,r0150,c0110,dp441678,42349,
f_07.01,f_07.01,r0150,c0120,dp441679,19299,
f_07.01,f_07.01,r0160,c0010,dp150633,40967,
f_07.01,f_07.01,r0160,c0020,dp150631,49989,
f_07.01,f_07.01,r0160,c0030,dp150632,62875,
f_07.01,f_07.01,r0160,c0040,dp150639,80407,
f_07.01,f_07.01,r0160,c0050,dp150637,43622,
f_07.01,f_07.01,r0160,c0060,dp150638,11844,
f_07.01,f_07.01,r0160,c0070,dp150645,93211,
f_07.01,f_07.01,r0160,c0080,dp150643,64646,
f_07.01,f_07.01,r0160,c0090,dp150644,51113,
f_07.01,f_07.01,r0160,c0100,dp441701,33414,
f_07.01,f_07.01,r0160,c0110,dp441699,31431,
f_07.01,f_07.01,r0160,c0120,dp441700,45531,
f_07.01,f_07.01,r0170,c0010,dp150615,27955,
f_07.01,f_07.01,r0170,c0020,dp150613,99761,
f_07.01,f_07.01,r0170,c0030,dp150614,40712,
f_07.01,f_07.01,r0170,c0040,dp150621,1024,
f_07.01,f_07.01,r0170,c0050,dp150619,59807,
f_07.01,f_07.01,r0170,c0060,dp150620,67667,
f_07.01,f_07.01,r0170,c0070,dp150627,82559,
f_07.01,f_07.01,r0170,c0080,dp150625,37133,
f_07.01,f_07.01,r0170,c0090,dp150626,17483,
f_07.01,f_07.01,r0170,c0100,dp441695,4073,
f_07.01,f_07.01,r0170,c0110,dp441693,35457,
f_07.01,f_07.01,r0170,c0120,dp441694,21785,
f_07.01,f_07.01,r0180,c0010,dp150603,30360,
f_07.01,f_07.01,r0180,c0020,dp150601,38073,
f_07.01,f_07.01,r0180,c0030,dp150602,15426,
f_07.01,f_07.01,r0180,c0040,dp150606,69280,
f_07.01,f_07.01,r0180,c0050,dp150604,88662,
f_07.01,f_07.01,r0180,c0060,dp150605,60241,
f_07.01,f_07.01,r0180,c0070,dp150609,56223,
f_07.01,f_07.01,r0180,c0080,dp150607,87523,
f_07.01,f_07.01,r0180,c0090,dp150608,86810,
f_07.01,f_07.01,r0180,c0100,dp441689,88516,
f_07.01,f_07.01,r0180,c0110,dp441687,54902,
f_07.01,f_07.01,r0180,c0120,dp441688,33699,
f_07.01,f_07.01,r0190,c0010,dp150914,523215,
f_07.01,f_07.01,r0190,c0020,dp150912,612631,
f_07.01,f_07.01,r0190,c0030,dp150913,744444,
f_07.01,f_07.01,r0190,c0040,dp150917,514346,
f_07.01,f_07.01,r0190,c0050,dp150915,602056,
f_07.01,f_07.01,r0190,c0060,dp150916,460504,
f_07.01,f_07.01,r0190,c0070,dp150920,680082,
f_07.01,f_07.01,r0190,c0080,dp150918,631236,
f_07.01,f_07.01,r0190,c0090,dp150919,541104,
f_07.01,f_07.01,r0190,c0100,dp441746,545562,
f_07.01,f_07.01,r0190,c0110,dp441744,394301,
f_07.01,f_07.01,r0190,c0120,dp441745,504264,
f_07.01,f_07.01,r0200,c0010,dp150726,5042,
f_07.01,f_07.01,r0200,c0020,dp150724,69827,
f_07.01,f_07.01,r0200,c0030,dp150725,84212,
f_07.01,f_07.01,r0200,c0040,dp150768,78224,
f_07.01,f_07.01,r0200,c0050,dp150766,39367,
f_07.01,f_07.01,r0200,c0060,dp150767,28411,
f_07.01,f_07.01,r0200,c0070,dp150810,58652,
f_07.01,f_07.01,r0200,c0080,dp150808,53358,
f_07.01,f_07.01,r0200,c0090,dp150809,88187,
f_07.01,f_07.01,r0200,c0100,dp441719,54430,
f_07.01,f_07.01,r0200,c0110,dp441717,32891,
f_07.01,f_07.01,r0200,c0120,dp441718,41935,
f_07.01,f_07.01,r0210,c0010,dp150729,56336,
f_07.01,f_07.01,r0210,c0020,dp150727,66722,
f_07.01,f_07.01,r0210,c0030,dp150728,11059,
f_07.01,f_07.01,r0210,c0040,dp150771,18430,
f_07.01,f_07.01,r0210,c0050,dp150769,55147,
f_07.01,f_07.01,r0210,c0060,dp150770,53636,
f_07.01,f_07.01,r0210,c0070,dp150813,92148,
f_07.01,f_07.01,r0210,c0080,dp150811,47120,
f_07.01,f_07.01,r0210,c0090,dp150812,42482,
f_07.01,f_07.01,r0210,c0100,dp441722,59590,
f_07.01,f_07.01,r0210,c0110,dp441720,71312,
f_07.01,f_07.01,r0210,c0120,dp441721,33313,
f_07.01,f_07.01,r0220,c0010,dp150741,12492,
f_07.01,f_07.01,r0220,c0020,dp150739,94792,
f_07.01,f_07.01,r0220,c0030,dp150740,97482,
f_07.01,f_07.01,r0220,c0040,dp150783,14678,
f_07.01,f_07.01,r0220,c0050,dp150781,33116,
f_07.01,f_07.01,r0220,c0060,dp150782,12428,
f_07.01,f_07.01,r0220,c0070,dp150825,19548,
f_07.01,f_07.01,r0220,c0080,dp150823,49529,
f_07.01,f_07.01,r0220,c0090,dp150824,78372,
f_07.01,f_07.01,r0220,c0100,dp441734,88258,
f_07.01,f_07.01,r0220,c0110,dp441732,48019,
f_07.01,f_07.01,r0220,c0120,dp441733,78798,
f_07.01,f_07.01,r0230,c0010,dp150732,74070,
f_07.01,f_07.01,r0230,c0020,dp150730,9900,
f_07.01,f_07.01,r0230,c0030,dp150731,941,
f_07.01,f_07.01,r0230,c0040,dp150774,36474,
f_07.01,f_07.01,r0230,c0050,dp150772,16546,
f_07.01,f_07.01,r0230,c0060,dp150773,33217,
f_07.01,f_07.01,r0230,c0070,dp150816,18924,
f_07.01,f_07.01,r0230,c0080,dp150814,69094,
f_07.01,f_07.01,r0230,c0090,dp150815,39860,
f_07.01,f_07.01,r0230,c0100,dp441725,95916,
f_07.01,f_07.01,r0230,c0110,dp441723,67485,
f_07.01,f_07.01,r0230,c0120,dp441724,60686,
f_07.01,f_07.01,r0240,c0010,dp150738,1528,
f_07.01,f_07.01,r0240,c0020,dp150736,20281,
f_07.01,f_07.01,r0240,c0030,dp150737,64106,
f_07.01,f_07.01,r0240,c0040,dp150780,13311,
f_07.01,f_07.01,r0240,c0050,dp150778,60803,
f_07.01,f_07.01,r0240,c0060,dp150779,15858,
f_07.01,f_07.01,r0240,c0070,dp150822,96901,
f_07.01,f_07.01,r0240,c0080,dp150820,35939,
f_07.01,f_07.01,r0240,c0090,dp150821,54374,
f_07.01,f_07.01,r0240,c0100,dp441731,67311,
f_07.01,f_07.01,r0240,c0110,dp441729,85116,
f_07.01,f_07.01,r0240,c0120,dp441730,41464,
f_07.01,f_07.01,r0250,c0010,dp150735,29778,
f_07.01,f_07.01,r0250,c0020,dp150733,5623,
f_07.01,f_07.01,r0250,c0030,dp150734,36460,
f_07.01,f_07.01,r0250,c0040,dp150777,92523,
f_07.01,f_07.01,r0250,c0050,dp150775,2371,
f_07.01,f_07.01,r0250,c0060,dp150776,18781,
f_07.01,f_07.01,r0250,c0070,dp150819,50024,
f_07.01,f_07.01,r0250,c0080,dp150817,8091,
f_07.01,f_07.01,r0250,c0090,dp150818,72005,
f_07.01,f_07.01,r0250,c0100,dp441728,40742,
f_07.01,f_07.01,r0250,c0110,dp441726,6761,
f_07.01,f_07.01,r0250,c0120,dp441727,18058,
f_07.01,f_07.01,r0260,c0010,dp150723,30445,
f_07.01,f_07.01,r0260,c0020,dp150721,52033,
f_07.01,f_07.01,r0260,c0030,dp150722,58755,
f_07.01,f_07.01,r0260,c0040,dp150765,88581,
f_07.01,f_07.01,r0260,c0050,dp150763,55041,
f_07.01,f_07.01,r0260,c0060,dp150764,5516,
f_07.01,f_07.01,r0260,c0070,dp150807,18792,
f_07.01,f_07.01,r0260,c0080,dp150805,48364,
f_07.01,f_07.01,r0260,c0090,dp150806,13306,
f_07.01,f_07.01,r0260,c0100,dp441716,99104,
f_07.01,f_07.01,r0260,c0110,dp441714,84250,
f_07.01,f_07.01,r0260,c0120,dp441715,24636,
f_07.01,f_07.01,r0270,c0010,dp150747,4250,
f_07.01,f_07.01,r0270,c0020,dp150745,1093,
f_07.01,f_07.01,r0270,c0030,dp150746,67445,
f_07.01,f_07.01,r0270,c0040,dp150789,66790,
f_07.01,f_07.01,r0270,c0050,dp150787,76199,
f_07.01,f_07.01,r0270,c0060,dp150788,37825,
f_07.01,f_07.01,r0270,c0070,dp150831,65321,
f_07.01,f_07.01,r0270,c0080,dp150829,61057,
f_07.01,f_07.01,r0270,c0090,dp150830,51042,
f_07.01,f_07.01,r0270,c0100,dp441740,72414,
f_07.01,f_07.01,r0270,c0110,dp441738,49779,
f_07.01,f_07.01,r0270,c0120,dp441739,75492,
f_07.01,f_07.01,r0280,c0010,dp150744,68052,
f_07.01,f_07.01,r0280,c0020,dp150742,5686,
f_07.01,f_07.01,r0280,c0030,dp150743,28099,
f_07.01,f_07.01,r0280,c0040,dp150786,91162,
f_07.01,f_07.01,r0280,c0050,dp150784,61907,
f_07.01,f_07.01,r0280,c0060,dp150785,72792,
f_07.01,f_07.01,r0280,c0070,dp150828,23771,
f_07.01,f_07.01,r0280,c0080,dp150826,53291,
f_07.01,f_07.01,r0280,c0090,dp150827,63148,
f_07.01,f_07.01,r0280,c0100,dp441737,32869,
f_07.01,f_07.01,r0280,c0110,dp441735,39187,
f_07.01,f_07.01,r0280,c0120,dp441736,83420,
f_07.01,f_07.01,r0290,c0010,dp150753,44396,
f_07.01,f_07.01,r0290,c0020,dp150751,86177,
f_07.01,f_07.01,r0290,c0030,dp150752,93266,
f_07.01,f_07.01,r0290,c0040,dp150795,33808,
f_07.01,f_07.01,r0290,c0050,dp150793,8450,
f_07.01,f_07.01,r0290,c0060,dp150794,60640,
f_07.01,f_07.01,r0290,c0070,dp150837,34634,
f_07.01,f_07.01,r0290,c0080,dp150835,42039,
f_07.01,f_07.01,r0290,c0090,dp150836,23514,
f_07.01,f_07.01,r0290,c0100,dp441749,89128,
f_07.01,f_07.01,r0290,c0110,dp441747,71786,
f_07.01,f_07.01,r0290,c0120,dp441748,49654,
f_07.01,f_07.01,r0300,c0010,dp150756,9906,
f_07.01,f_07.01,r0300,c0020,dp150754,67206,
f_07.01,f_07.01,r0300,c0030,dp150755,11943,
f_07.01,f_07.01,r0300,c0040,dp150798,44227,
f_07.01,f_07.01,r0300,c0050,dp150796,39713,
f_07.01,f_07.01,r0300,c0060,dp150797,71893,
f_07.01,f_07.01,r0300,c0070,dp150840,54648,
f_07.01,f_07.01,r0300,c0080,dp150838,58516,
f_07.01,f_07.01,r0300,c0090,dp150839,42056,
f_07.01,f_07.01,r0300,c0100,dp441752,7044,
f_07.01,f_07.01,r0300,c0110,dp441750,81101,
f_07.01,f_07.01,r0300,c0120,dp441751,58615,
f_07.01,f_07.01,r0310,c0010,dp150720,33191,
f_07.01,f_07.01,r0310,c0020,dp150718,37020,
f_07.01,f_07.01,r0310,c0030,dp150719,4054,
f_07.01,f_07.01,r0310,c0040,dp150762,89743,
f_07.01,f_07.01,r0310,c0050,dp150760,67485,
f_07.01,f_07.01,r0310,c0060,dp150761,13268,
f_07.01,f_07.01,r0310,c0070,dp150804,24729,
f_07.01,f_07.01,r0310,c0080,dp150802,79047,
f_07.01,f_07.01,r0310,c0090,dp150803,89493,
f_07.01,f_07.01,r0310,c0100,dp441713,95308,
f_07.01,f_07.01,r0310,c0110,dp441711,95855,
f_07.01,f_07.01,r0310,c0120,dp441712,44105,
f_08.01.a,f_08.01.a,r0030,c0010,dp11331,0,
f_09.01.1,f_09.01.1,r0010,c0010,dp155917,400839,
f_09.01.1,f_09.01.1,r0010,c0020,dp155923,199479,
f_09.01.1,f_09.01.1,r0010,c0030,dp155929,371658,
f_09.01.1,f_09.01.1,r0010,c0035,dp456889,239507,
f_09.01.1,f_09.01.1,r0010,c0040,dp155600,286699,
f_09.01.1,f_09.01.1,r0010,c0050,dp155606,328193,
f_09.01.1,f_09.01.1,r0010,c0060,dp155612,305341,
f_09.01.1,f_09.01.1,r0010,c0065,dp454963,311562,
f_09.01.1,f_09.01.1,r0010,c0100,dp155935,218877,
f_09.01.1,f_09.01.1,r0010,c0110,dp155618,244511,
f_09.01.1,f_09.01.1,r0010,c0120,dp155821,45058,
f_09.01.1,f_09.01.1,r0021,c0010,dp155918,15372,
f_09.01.1,f_09.01.1,r0021,c0020,dp155924,51345,
f_09.01.1,f_09.01.1,r0021,c0030,dp155930,72397,
f_09.01.1,f_09.01.1,r0021,c0035,dp456890,98701,
f_09.01.1,f_09.01.1,r0021,c0040,dp155601,77857,
f_09.01.1,f_09.01.1,r0021,c0050,dp155607,37946,
f_09.01.1,f_09.01.1,r0021,c0060,dp155613,11680,
f_09.01.1,f_09.01.1,r0021,c0065,dp454964,40140,
f_09.01.1,f_09.01.1,r0021,c0110,dp155619,27129,
f_09.01.1,f_09.01.1,r0021,c0120,dp155822,51506,
f_09.01.1,f_09.01.1,r0021,c0130,dp155981,74977,
f_09.01.1,f_09.01.1,r0030,c0010,dp155826,45943,
f_09.01.1,f_09.01.1,r0030,c0020,dp155829,83416,
f_09.01.1,f_09.01.1,r0030,c0030,dp155832,70284,
f_09.01.1,f_09.01.1,r0030,c0035,dp456834,45606,
f_09.01.1,f_09.01.1,r0030,c0040,dp155468,56343,
f_09.01.1,f_09.01.1,r0030,c0050,dp155471,35668,
f_09.01.1,f_09.01.1,r0030,c0060,dp155474,15640,
f_09.01.1,f_09.01.1,r0030,c0065,dp454894,34996,
f_09.01.1,f_09.01.1,r0030,c0100,dp155835,81949,
f_09.01.1,f_09.01.1,r0030,c0110,dp155477,27841,
f_09.01.1,f_09.01.1,r0040,c0010,dp155856,46489,
f_09.01.1,f_09.01.1,r0040,c0020,dp155859,4809,
f_09.01.1,f_09.01.1,r0040,c0030,dp155862,62384,
f_09.01.1,f_09.01.1,r0040,c0035,dp456852,61882,
f_09.01.1,f_09.01.1,r0040,c0040,dp155510,10003,
f_09.01.1,f_09.01.1,r0040,c0050,dp155513,18257,
f_09.01.1,f_09.01.1,r0040,c0060,dp155516,63521,
f_09.01.1,f_09.01.1,r0040,c0065,dp454912,64351,
f_09.01.1,f_09.01.1,r0040,c0100,dp155865,75601,
f_09.01.1,f_09.01.1,r0040,c0110,dp155519,34019,
f_09.01.1,f_09.01.1,r0050,c0010,dp155841,41568,
f_09.01.1,f_09.01.1,r0050,c0020,dp155844,36677,
f_09.01.1,f_09.01.1,r0050,c0030,dp155847,60748,
f_09.01.1,f_09.01.1,r0050,c0035,dp456843,14173,
f_09.01.1,f_09.01.1,r0050,c0040,dp155489,77147,
f_09.01.1,f_09.01.1,r0050,c0050,dp155492,40114,
f_09.01.1,f_09.01.1,r0050,c0060,dp155495,10095,
f_09.01.1,f_09.01.1,r0050,c0065,dp454903,99306,
f_09.01.1,f_09.01.1,r0050,c0100,dp155850,4559,
f_09.01.1,f_09.01.1,r0050,c0110,dp155498,49094,
f_09.01.1,f_09.01.1,r0060,c0010,dp155901,74076,
f_09.01.1,f_09.01.1,r0060,c0020,dp155904,21483,
f_09.01.1,f_09.01.1,r0060,c0030,dp155907,43146,
f_09.01.1,f_09.01.1,r0060,c0035,dp456879,2315,
f_09.01.1,f_09.01.1,r0060,c0040,dp155573,30116,
f_09.01.1,f_09.01.1,r0060,c0050,dp155576,52702,
f_09.01.1,f_09.01.1,r0060,c0060,dp155579,97317,
f_09.01.1,f_09.01.1,r0060,c0065,dp454939,45671,
f_09.01.1,f_09.01.1,r0060,c0100,dp155910,22317,
f_09.01.1,f_09.01.1,r0060,c0110,dp155582,18152,
f_09.01.1,f_09.01.1,r0070,c0010,dp155886,94552,
f_09.01.1,f_09.01.1,r0070,c0020,dp155889,1177,
f_09.01.1,f_09.01.1,r0070,c0030,dp155892,76295,
f_09.01.1,f_09.01.1,r0070,c0035,dp456870,94677,
f_09.01.1,f_09.01.1,r0070,c0040,dp155552,81368,
f_09.01.1,f_09.01.1,r0070,c0050,dp155555,93258,
f_09.01.1,f_09.01.1,r0070,c0060,dp155558,85679,
f_09.01.1,f_09.01.1,r0070,c0065,dp454930,31771,
f_09.01.1,f_09.01.1,r0070,c0100,dp155895,10440,
f_09.01.1,f_09.01.1,r0070,c0110,dp155561,33800,
f_09.01.1,f_09.01.1,r0080,c0010,dp155871,98211,
f_09.01.1,f_09.01.1,r0080,c0020,dp155874,51917,
f_09.01.1,f_09.01.1,r0080,c0030,dp155877,58801,
f_09.01.1,f_09.01.1,r0080,c0035,dp456861,20854,
f_09.01.1,f_09.01.1,r0080,c0040,dp155531,31722,
f_09.01.1,f_09.01.1,r0080,c0050,dp155534,88194,
f_09.01.1,f_09.01.1,r0080,c0060,dp155537,33089,
f_09.01.1,f_09.01.1,r0080,c0065,dp454921,35467,
f_09.01.1,f_09.01.1,r0080,c0100,dp155880,24011,
f_09.01.1,f_09.01.1,r0080,c0110,dp155540,81605,
f_09.01.1,f_09.01.1,r0090,c0010,dp155915,389809,
f_09.01.1,f_09.01.1,r0090,c0020,dp155921,206008,
f_09.01.1,f_09.01.1,r0090,c0030,dp155927,247741,
f_09.01.1,f_09.01.1,r0090,c0035,dp456887,424866,
f_09.01.1,f_09.01.1,r0090,c0040,dp155598,354090,
f_09.01.1,f_09.01.1,r0090,c0050,dp155604,199551,
f_09.01.1,f_09.01.1,r0090,c0060,dp155610,223940,
f_09.01.1,f_09.01.1,r0090,c0065,dp454961,301174,
f_09.01.1,f_09.01.1,r0090,c0100,dp155933,184233,
f_09.01.1,f_09.01.1,r0090,c0110,dp155616,280029,
f_09.01.1,f_09.01.1,r0090,c0120,dp155819,76478,
f_09.01.1,f_09.01.1,r0101,c0010,dp155916,11788,
f_09.01.1,f_09.01.1,r0101,c0020,dp155922,57463,
f_09.01.1,f_09.01.1,r0101,c0030,dp155928,86914,
f_09.01.1,f_09.01.1,r0101,c0035,dp456888,34334,
f_09.01.1,f_09.01.1,r0101,c0040,dp155599,8540,
f_09.01.1,f_09.01.1,r0101,c0050,dp155605,94191,
f_09.01.1,f_09.01.1,r0101,c0060,dp155611,50474,
f_09.01.1,f_09.01.1,r0101,c0065,dp454962,51771,
f_09.01.1,f_09.01.1,r0101,c0100,dp155934,20557,
f_09.01.1,f_09.01.1,r0101,c0110,dp155617,25603,
f_09.01.1,f_09.01.1,r0101,c0120,dp155820,83019,
f_09.01.1,f_09.01.1,r0101,c0130,dp155980,72392,
f_09.01.1,f_09.01.1,r0110,c0010,dp155825,99287,
f_09.01.1,f_09.01.1,r0110,c0020,dp155828,30992,
f_09.01.1,f_09.01.1,r0110,c0030,dp155831,23120,
f_09.01.1,f_09.01.1,r0110,c0035,dp456833,88156,
f_09.01.1,f_09.01.1,r0110,c0040,dp155467,71586,
f_09.01.1,f_09.01.1,r0110,c0050,dp155470,30204,
f_09.01.1,f_09.01.1,r0110,c0060,dp155473,2692,
f_09.01.1,f_09.01.1,r0110,c0065,dp454893,21481,
f_09.01.1,f_09.01.1,r0110,c0100,dp155834,31102,
f_09.01.1,f_09.01.1,r0110,c0110,dp155476,84660,
f_09.01.1,f_09.01.1,r0120,c0010,dp155855,56423,
f_09.01.1,f_09.01.1,r0120,c0020,dp155858,3309,
f_09.01.1,f_09.01.1,r0120,c0030,dp155861,24154,
f_09.01.1,f_09.01.1,r0120,c0035,dp456851,61904,
f_09.01.1,f_09.01.1,r0120,c0040,dp155509,47069,
f_09.01.1,f_09.01.1,r0120,c0050,dp155512,5076,
f_09.01.1,f_09.01.1,r0120,c0060,dp155515,31746,
f_09.01.1,f_09.01.1,r0120,c0065,dp454911,81595,
f_09.01.1,f_09.01.1,r0120,c0100,dp155864,58683,
f_09.01.1,f_09.01.1,r0120,c0110,dp155518,8692,
f_09.01.1,f_09.01.1,r0130,c0010,dp155840,93680,
f_09.01.1,f_09.01.1,r0130,c0020,dp155843,27604,
f_09.01.1,f_09.01.1,r0130,c0030,dp155846,74562,
f_09.01.1,f_09.01.1,r0130,c0035,dp456842,68385,
f_09.01.1,f_09.01.1,r0130,c0040,dp155488,76396,
f_09.01.1,f_09.01.1,r0130,c0050,dp155491,44078,
f_09.01.1,f_09.01.1,r0130,c0060,dp155494,42570,
f_09.01.1,f_09.01.1,r0130,c0065,dp454902,42381,
f_09.01.1,f_09.01.1,r0130,c0100,dp155849,10271,
f_09.01.1,f_09.01.1,r0130,c0110,dp155497,93748,
f_09.01.1,f_09.01.1,r0140,c0010,dp155900,79712,
f_09.01.1,f_09.01.1,r0140,c0020,dp155903,92383,
f_09.01.1,f_09.01.1,r0140,c0030,dp155906,71437,
f_09.01.1,f_09.01.1,r0140,c0035,dp456878,74994,
f_09.01.1,f_09.01.1,r0140,c0040,dp155572,51473,
f_09.01.1,f_09.01.1,r0140,c0050,dp155575,156,
f_09.01.1,f_09.01.1,r0140,c0060,dp155578,47684,
f_09.01.1,f_09.01.1,r0140,c0065,dp454938,55432,
f_09.01.1,f_09.01.1,r0140,c0100,dp155909,7621,
f_09.01.1,f_09.01.1,r0140,c0110,dp155581,10766,
f_09.01.1,f_09.01.1,r0150,c0010,dp155885,56560,
f_09.01.1,f_09.01.1,r0150,c0020,dp155888,44535,
f_09.01.1,f_09.01.1,r0150,c0030,dp155891,50877,
f_09.01.1,f_09.01.1,r0150,c0035,dp456869,40722,
f_09.01.1,f_09.01.1,r0150,c0040,dp155551,65016,
f_09.01.1,f_09.01.1,r0150,c0050,dp155554,65937,
f_09.01.1,f_09.01.1,r0150,c0060,dp155557,90020,
f_09.01.1,f_09.01.1,r0150,c0065,dp454929,9252,
f_09.01.1,f_09.01.1,r0150,c0100,dp155894,44306,
f_09.01.1,f_09.01.1,r0150,c0110,dp155560,42084,
f_09.01.1,f_09.01.1,r0160,c0010,dp155870,4147,
f_09.01.1,f_09.01.1,r0160,c0020,dp155873,7185,
f_09.01.1,f_09.01.1,r0160,c0030,dp155876,3591,
f_09.01.1,f_09.01.1,r0160,c0035,dp456860,90705,
f_09.01.1,f_09.01.1,r0160,c0040,dp155530,42550,
f_09.01.1,f_09.01.1,r0160,c0050,dp155533,54100,
f_09.01.1,f_09.01.1,r0160,c0060,dp155536,9228,
f_09.01.1,f_09.01.1,r0160,c0065,dp454920,91033,
f_09.01.1,f_09.01.1,r0160,c0100,dp155879,32250,
f_09.01.1,f_09.01.1,r0160,c0110,dp155539,40079,
f_09.01.1,f_09.01.1,r0170,c0010,dp155919,233532,
f_09.01.1,f_09.01.1,r0170,c0020,dp155925,268372,
f_09.01.1,f_09.01.1,r0170,c0030,dp155931,282498,
f_09.01.1,f_09.01.1,r0170,c0035,dp456891,326077,
f_09.01.1,f_09.01.1,r0170,c0040,dp155602,243043,
f_09.01.1,f_09.01.1,r0170,c0050,dp155608,526234,
f_09.01.1,f_09.01.1,r0170,c0060,dp155614,317677,
f_09.01.1,f_09.01.1,r0170,c0065,dp454965,287022,
f_09.01.1,f_09.01.1,r0170,c0100,dp155937,235636,
f_09.01.1,f_09.01.1,r0170,c0110,dp155620,373330,
f_09.01.1,f_09.01.1,r0170,c0120,dp155823,81772,
f_09.01.1,f_09.01.1,r0181,c0010,dp155920,54358,
f_09.01.1,f_09.01.1,r0181,c0020,dp155926,70979,
f_09.01.1,f_09.01.1,r0181,c0030,dp155932,68332,
f_09.01.1,f_09.01.1,r0181,c0035,dp456892,29408,
f_09.01.1,f_09.01.1,r0181,c0040,dp155603,37076,
f_09.01.1,f_09.01.1,r0181,c0050,dp155609,36295,
f_09.01.1,f_09.01.1,r0181,c0060,dp155615,60634,
f_09.01.1,f_09.01.1,r0181,c0065,dp454966,47125,
f_09.01.1,f_09.01.1,r0181,c0100,dp155938,32600,
f_09.01.1,f_09.01.1,r0181,c0110,dp155621,5167,
f_09.01.1,f_09.01.1,r0181,c0120,dp155824,7170,
f_09.01.1,f_09.01.1,r0181,c0130,dp155982,43891,
f_09.01.1,f_09.01.1,r0190,c0010,dp155827,65734,
f_09.01.1,f_09.01.1,r0190,c0020,dp155830,77293,
f_09.01.1,f_09.01.1,r0190,c0030,dp155833,86907,
f_09.01.1,f_09.01.1,r0190,c0035,dp456835,62599,
f_09.01.1,f_09.01.1,r0190,c0040,dp155469,29642,
f_09.01.1,f_09.01.1,r0190,c0050,dp155472,89657,
f_09.01.1,f_09.01.1,r0190,c0060,dp155475,49235,
f_09.01.1,f_09.01.1,r0190,c0065,dp454895,11190,
f_09.01.1,f_09.01.1,r0190,c0100,dp155836,12364,
f_09.01.1,f_09.01.1,r0190,c0110,dp155478,96630,
f_09.01.1,f_09.01.1,r0200,c0010,dp155857,72,
f_09.01.1,f_09.01.1,r0200,c0020,dp155860,6627,
f_09.01.1,f_09.01.1,r0200,c0030,dp155863,43231,
f_09.01.1,f_09.01.1,r0200,c0035,dp456853,68689,
f_09.01.1,f_09.01.1,r0200,c0040,dp155511,90056,
f_09.01.1,f_09.01.1,r0200,c0050,dp155514,87768,
f_09.01.1,f_09.01.1,r0200,c0060,dp155517,91890,
f_09.01.1,f_09.01.1,r0200,c0065,dp454913,95922,
f_09.01.1,f_09.01.1,r0200,c0100,dp155866,64386,
f_09.01.1,f_09.01.1,r0200,c0110,dp155520,93540,
f_09.01.1,f_09.01.1,r0210,c0010,dp155842,35242,
f_09.01.1,f_09.01.1,r0210,c0020,dp155845,28968,
f_09.01.1,f_09.01.1,r0210,c0030,dp155848,35386,
f_09.01.1,f_09.01.1,r0210,c0035,dp456844,42326,
f_09.01.1,f_09.01.1,r0210,c0040,dp155490,7690,
f_09.01.1,f_09.01.1,r0210,c0050,dp155493,89764,
f_09.01.1,f_09.01.1,r0210,c0060,dp155496,30712,
f_09.01.1,f_09.01.1,r0210,c0065,dp454904,19095,
f_09.01.1,f_09.01.1,r0210,c0100,dp155851,2721,
f_09.01.1,f_09.01.1,r0210,c0110,dp155499,22998,
f_09.01.1,f_09.01.1,r0220,c0010,dp155902,69408,
f_09.01.1,f_09.01.1,r0220,c0020,dp155905,90438,
f_09.01.1,f_09.01.1,r0220,c0030,dp155908,55016,
f_09.01.1,f_09.01.1,r0220,c0035,dp456880,80117,
f_09.01.1,f_09.01.1,r0220,c0040,dp155574,53222,
f_09.01.1,f_09.01.1,r0220,c0050,dp155577,98318,
f_09.01.1,f_09.01.1,r0220,c0060,dp155580,25296,
f_09.01.1,f_09.01.1,r0220,c0065,dp454940,84528,
f_09.01.1,f_09.01.1,r0220,c0100,dp155911,68811,
f_09.01.1,f_09.01.1,r0220,c0110,dp155583,39239,
f_09.01.1,f_09.01.1,r0230,c0010,dp155887,2272,
f_09.01.1,f_09.01.1,r0230,c0020,dp155890,44167,
f_09.01.1,f_09.01.1,r0230,c0030,dp155893,45887,
f_09.01.1,f_09.01.1,r0230,c0035,dp456871,18472,
f_09.01.1,f_09.01.1,r0230,c0040,dp155553,10993,
f_09.01.1,f_09.01.1,r0230,c0050,dp155556,78030,
f_09.01.1,f_09.01.1,r0230,c0060,dp155559,41087,
f_09.01.1,f_09.01.1,r0230,c0065,dp454931,31013,
f_09.01.1,f_09.01.1,r0230,c0100,dp155896,49743,
f_09.01.1,f_09.01.1,r0230,c0110,dp155562,98859,
f_09.01.1,f_09.01.1,r0240,c0010,dp155872,60804,
f_09.01.1,f_09.01.1,r0240,c0020,dp155875,20879,
f_09.01.1,f_09.01.1,r0240,c0030,dp155878,16071,
f_09.01.1,f_09.01.1,r0240,c0035,dp456862,53874,
f_09.01.1,f_09.01.1,r0240,c0040,dp155532,51440,
f_09.01.1,f_09.01.1,r0240,c0050,dp155535,82697,
f_09.01.1,f_09.01.1,r0240,c0060,dp155538,79457,
f_09.01.1,f_09.01.1,r0240,c0065,dp454922,45274,
f_09.01.1,f_09.01.1,r0240,c0100,dp155881,37611,
f_09.01.1,f_09.01.1,r0240,c0110,dp155541,22064,
f_09.02,f_09.02,r0010,c0020,dp39676,0,
f_10.00,f_10.00,r0010,c0010,dp10623,0,
f_11.01,f_11.01,r0010,c0010,dp11585,122541,
f_11.01,f_11.01,r0010,c0020,dp11608,182425,
f_11.01,f_11.01,r0010,c0030,dp11648,204787,
f_11.01,f_11.01,r0010,c0040,dp11631,22412,
f_11.01,f_11.01,r0020,c0010,dp11595,3325,
f_11.01,f_11.01,r0020,c0020,dp11618,16732,
f_11.01,f_11.01,r0020,c0030,dp11658,88078,
f_11.01,f_11.01,r0020,c0040,dp11641,40272,
f_11.01,f_11.01,r0030,c0010,dp11602,61187,
f_11.01,f_11.01,r0030,c0020,dp11625,93868,
f_11.01,f_11.01,r0030,c0030,dp11665,6792,
f_11.01,f_11.01,r0040,c0010,dp11592,11016,
f_11.01,f_11.01,r0040,c0020,dp11615,22833,
f_11.01,f_11.01,r0040,c0030,dp11655,25414,
f_11.01,f_11.01,r0040,c0040,dp11638,22922,
f_11.01,f_11.01,r0050,c0010,dp11599,47013,
f_11.01,f_11.01,r0050,c0020,dp11622,48992,
f_11.01,f_11.01,r0050,c0030,dp11662,84503,
f_11.01,f_11.01,r0060,c0010,dp11587,133250,
f_11.01,f_11.01,r0060,c0020,dp11610,308764,
f_11.01,f_11.01,r0060,c0030,dp11650,317746,
f_11.01,f_11.01,r0060,c0040,dp11633,48935,
f_11.01,f_11.01,r0070,c0010,dp11596,17025,
f_11.01,f_11.01,r0070,c0020,dp11619,77954,
f_11.01,f_11.01,r0070,c0030,dp11659,96968,
f_11.01,f_11.01,r0070,c0040,dp11642,11703,
f_11.01,f_11.01,r0080,c0010,dp11603,83262,
f_11.01,f_11.01,r0080,c0020,dp11626,69878,
f_11.01,f_11.01,r0080,c0030,dp11666,67037,
f_11.01,f_11.01,r0090,c0010,dp11593,19246,
f_11.01,f_11.01,r0090,c0020,dp11616,71996,
f_11.01,f_11.01,r0090,c0030,dp11656,77346,
f_11.01,f_11.01,r0090,c0040,dp11639,14354,
f_11.01,f_11.01,r0100,c0010,dp11600,13717,
f_11.01,f_11.01,r0100,c0020,dp11623,88936,
f_11.01,f_11.01,r0100,c0030,dp11663,76395,
f_11.01,f_11.01,r0110,c0010,dp11588,183835,
f_11.01,f_11.01,r0110,c0020,dp11611,139131,
f_11.01,f_11.01,r0110,c0030,dp11651,192296,
f_11.01,f_11.01,r0110,c0040,dp11634,66294,
f_11.01,f_11.01,r0120,c0010,dp11597,24680,
f_11.01,f_11.01,r0120,c0020,dp11620,5958,
f_11.01,f_11.01,r0120,c0030,dp11660,93170,
f_11.01,f_11.01,r0120,c0040,dp11643,38482,
f_11.01,f_11.01,r0130,c0010,dp11604,38218,
f_11.01,f_11.01,r0130,c0020,dp11627,57594,
f_11.01,f_11.01,r0130,c0030,dp11667,25748,
f_11.01,f_11.01,r0140,c0010,dp11594,78945,
f_11.01,f_11.01,r0140,c0020,dp11617,10633,
f_11.01,f_11.01,r0140,c0030,dp11657,68407,
f_11.01,f_11.01,r0140,c0040,dp11640,47243,
f_11.01,f_11.01,r0150,c0010,dp11601,41992,
f_11.01,f_11.01,r0150,c0020,dp11624,64946,
f_11.01,f_11.01,r0150,c0030,dp11664,4971,
f_11.01,f_11.01,r0160,c0010,dp11584,124556,
f_11.01,f_11.01,r0160,c0020,dp11607,101484,
f_11.01,f_11.01,r0160,c0030,dp11647,212377,
f_11.01,f_11.01,r0160,c0040,dp11630,157594,
f_11.01,f_11.01,r0170,c0010,dp11590,72839,
f_11.01,f_11.01,r0170,c0020,dp11613,18007,
f_11.01,f_11.01,r0170,c0030,dp11653,41055,
f_11.01,f_11.01,r0170,c0040,dp11636,75048,
f_11.01,f_11.01,r0180,c0010,dp11591,47505,
f_11.01,f_11.01,r0180,c0020,dp11614,26480,
f_11.01,f_11.01,r0180,c0030,dp11654,87482,
f_11.01,f_11.01,r0180,c0040,dp11637,9373,
f_11.01,f_11.01,r0190,c0010,dp11605,3587,
f_11.01,f_11.01,r0190,c0020,dp11628,22327,
f_11.01,f_11.01,r0190,c0030,dp11668,13137,
f_11.01,f_11.01,r0190,c0040,dp11645,31045,
f_11.01,f_11.01,r0200,c0010,dp11598,625,
f_11.01,f_11.01,r0200,c0020,dp11621,34670,
f_11.01,f_11.01,r0200,c0030,dp11661,70703,
f_11.01,f_11.01,r0200,c0040,dp11644,42128,
f_11.01,f_11.01,r0210,c0010,dp11586,12873,
f_11.01,f_11.01,r0210,c0020,dp11609,88149,
f_11.01,f_11.01,r0210,c0030,dp11649,61962,
f_11.01,f_11.01,r0210,c0040,dp11632,12707,
f_11.01,f_11.01,r0220,c0010,dp11589,988,
f_11.01,f_11.01,r0220,c0020,dp11612,23174,
f_11.01,f_11.01,r0220,c0030,dp11652,5050,
f_11.01,f_11.01,r0220,c0040,dp11635,98430,
f_11.01,f_11.01,r0230,c0010,dp11583,578043,
f_11.01,f_11.01,r0230,c0020,dp11606,843127,
f_11.01,f_11.01,r0230,c0030,dp11646,994218,
f_11.01,f_11.01,r0230,c0040,dp11629,406372,
f_11.01,f_11.01,r0240,c0010,dp46655,192488,
f_11.01,f_11.01,r0240,c0020,dp46656,140521,
f_11.01,f_11.01,r0240,c0030,dp46658,228776,
f_11.01,f_11.01,r0240,c0040,dp46657,40742,
f_11.01,f_11.01,r0250,c0010,dp11516,17666,
f_11.01,f_11.01,r0250,c0020,dp11535,30741,
f_11.01,f_11.01,r0250,c0030,dp11568,33617,
f_11.01,f_11.01,r0250,c0040,dp11555,17495,
f_11.01,f_11.01,r0260,c0010,dp11523,70035,
f_11.01,f_11.01,r0260,c0020,dp11542,50803,
f_11.01,f_11.01,r0260,c0030,dp11575,98354,
f_11.01,f_11.01,r0270,c0010,dp11513,90795,
f_11.01,f_11.01,r0270,c0020,dp11532,21340,
f_11.01,f_11.01,r0270,c0030,dp11565,47285,
f_11.01,f_11.01,r0270,c0040,dp11552,29573,
f_11.01,f_11.01,r0280,c0010,dp11520,13992,
f_11.01,f_11.01,r0280,c0020,dp11539,37637,
f_11.01,f_11.01,r0280,c0030,dp11572,49520,
f_11.01,f_11.01,r0290,c0010,dp45625,229845,
f_11.01,f_11.01,r0290,c0020,dp45628,121304,
f_11.01,f_11.01,r0290,c0030,dp45634,175821,
f_11.01,f_11.01,r0290,c0040,dp45631,13152,
f_11.01,f_11.01,r0300,c0010,dp11517,35738,
f_11.01,f_11.01,r0300,c0020,dp11536,13258,
f_11.01,f_11.01,r0300,c0030,dp11569,78327,
f_11.01,f_11.01,r0300,c0040,dp11556,40732,
f_11.01,f_11.01,r0310,c0010,dp11524,8864,
f_11.01,f_11.01,r0310,c0020,dp11543,27274,
f_11.01,f_11.01,r0310,c0030,dp11576,59719,
f_11.01,f_11.01,r0320,c0010,dp11514,94774,
f_11.01,f_11.01,r0320,c0020,dp11533,18465,
f_11.01,f_11.01,r0320,c0030,dp11566,22702,
f_11.01,f_11.01,r0320,c0040,dp11553,50656,
f_11.01,f_11.01,r0330,c0010,dp11521,90469,
f_11.01,f_11.01,r0330,c0020,dp11540,62307,
f_11.01,f_11.01,r0330,c0030,dp11573,15073,
f_11.01,f_11.01,r0340,c0010,dp45626,185684,
f_11.01,f_11.01,r0340,c0020,dp45629,203773,
f_11.01,f_11.01,r0340,c0030,dp45635,211100,
f_11.01,f_11.01,r0340,c0040,dp45632,36170,
f_11.01,f_11.01,r0350,c0010,dp11518,41331,
f_11.01,f_11.01,r0350,c0020,dp11537,32725,
f_11.01,f_11.01,r0350,c0030,dp11570,21486,
f_11.01,f_11.01,r0350,c0040,dp11557,49668,
f_11.01,f_11.01,r0360,c0010,dp11525,95475,
f_11.01,f_11.01,r0360,c0020,dp11544,62870,
f_11.01,f_11.01,r0360,c0030,dp11577,82259,
f_11.01,f_11.01,r0370,c0010,dp11515,6228,
f_11.01,f_11.01,r0370,c0020,dp11534,40750,
f_11.01,f_11.01,r0370,c0030,dp11567,90590,
f_11.01,f_11.01,r0370,c0040,dp11554,96160,
f_11.01,f_11.01,r0380,c0010,dp11522,42650,
f_11.01,f_11.01,r0380,c0020,dp11541,67428,
f_11.01,f_11.01,r0380,c0030,dp11574,16765,
f_11.01,f_11.01,r0390,c0010,dp45624,335532,
f_11.01,f_11.01,r0390,c0020,dp45627,173491,
f_11.01,f_11.01,r0390,c0030,dp45633,135137,
f_11.01,f_11.01,r0390,c0040,dp45630,260351,
f_11.01,f_11.01,r0400,c0010,dp11511,57214,
f_11.01,f_11.01,r0400,c0020,dp11530,63698,
f_11.01,f_11.01,r0400,c0030,dp11563,33342,
f_11.01,f_11.01,r0400,c0040,dp11550,88323,
f_11.01,f_11.01,r0410,c0010,dp11512,92038,
f_11.01,f_11.01,r0410,c0020,dp11531,15661,
f_11.01,f_11.01,r0410,c0030,dp11564,27139,
f_11.01,f_11.01,r0410,c0040,dp11551,75733,
f_11.01,f_11.01,r0420,c0010,dp11526,86477,
f_11.01,f_11.01,r0420,c0020,dp11545,24701,
f_11.01,f_11.01,r0420,c0030,dp11578,5800,
f_11.01,f_11.01,r0420,c0040,dp11559,19475,
f_11.01,f_11.01,r0430,c0010,dp11519,99803,
f_11.01,f_11.01,r0430,c0020,dp11538,69431,
f_11.01,f_11.01,r0430,c0030,dp11571,68856,
f_11.01,f_11.01,r0430,c0040,dp11558,76820,
f_11.01,f_11.01,r0440,c0010,dp11509,57017,
f_11.01,f_11.01,r0440,c0020,dp11528,71249,
f_11.01,f_11.01,r0440,c0030,dp11561,85845,
f_11.01,f_11.01,r0440,c0040,dp11548,41727,
f_11.01,f_11.01,r0450,c0010,dp11510,55176,
f_11.01,f_11.01,r0450,c0020,dp11529,99148,
f_11.01,f_11.01,r0450,c0030,dp11562,29367,
f_11.01,f_11.01,r0450,c0040,dp11549,26006,
f_11.01,f_11.01,r0460,c0010,dp11508,1055742,
f_11.01,f_11.01,r0460,c0020,dp11527,809486,
f_11.01,f_11.01,r0460,c0030,dp11560,866046,
f_11.01,f_11.01,r0460,c0040,dp11547,157797,
f_11.01,f_11.01,r0470,c0010,dp11669,70757,
f_11.01,f_11.01,r0470,c0020,dp11670,35097,
f_11.01,f_11.01,r0470,c0030,dp11673,43178,
f_11.01,f_11.01,r0470,c0040,dp11672,71821,
f_11.01,f_11.01,r0480,c0010,dp11683,89759,
f_11.01,f_11.01,r0480,c0020,dp11684,47580,
f_11.01,f_11.01,r0480,c0030,dp11686,73829,
f_11.01,f_11.01,r0480,c0040,dp11685,5600,
f_11.01,f_11.01,r0490,c0010,dp11679,77560,
f_11.01,f_11.01,r0490,c0020,dp11680,74890,
f_11.01,f_11.01,r0490,c0030,dp11682,32715,
f_11.01,f_11.01,r0490,c0040,dp11681,66645,
f_11.01,f_11.01,r0500,c0010,dp11478,1871861,
f_11.01,f_11.01,r0500,c0020,dp11485,1810180,
f_11.01,f_11.01,r0500,c0030,dp11503,2009986,
f_11.01,f_11.01,r0500,c0040,dp11502,968586,
f_11.01,f_11.01,r0510,c0010,dp67338,86978,
f_11.01,f_11.01,r0510,c0020,dp67341,34275,
f_11.01,f_11.01,r0510,c0030,dp67344,25122,
f_11.01,f_11.01,r0520,c0010,dp67339,56622,
f_11.01,f_11.01,r0520,c0020,dp67342,94649,
f_11.01,f_11.01,r0520,c0030,dp67345,36838,
f_11.01,f_11.01,r0530,c0010,dp67337,37043,
f_11.01,f_11.01,r0530,c0020,dp67340,23841,
f_11.01,f_11.01,r0530,c0030,dp67343,29517,
f_11.03,f_11.03,r0010,c0010,dp155332,83888,
f_11.03,f_11.03,r0010,c0020,dp155333,29823,
f_11.03,f_11.03,r0010,c0030,dp155334,86227,
f_11.03,f_11.03,r0020,c0010,dp151198,83298,
f_11.03,f_11.03,r0020,c0020,dp151199,52462,
f_11.03,f_11.03,r0020,c0030,dp151200,88745,
f_11.03,f_11.03,r0030,c0010,dp152729,4719,
f_11.03,f_11.03,r0030,c0020,dp152730,25479,
f_11.03,f_11.03,r0030,c0030,dp152731,9804,
f_11.03,f_11.03,r0040,c0010,dp151157,52857,
f_11.03,f_11.03,r0040,c0020,dp151158,48874,
f_11.03,f_11.03,r0040,c0030,dp151159,40663,
f_11.03,f_11.03,r0050,c0010,dp155335,1425508,
f_11.03,f_11.03,r0050,c0020,dp155336,536893,
f_11.03,f_11.03,r0050,c0030,dp155337,1320956,
f_11.03,f_11.03,r0060,c0010,dp151269,438178,
f_11.03,f_11.03,r0060,c0020,dp151270,5674,
f_11.03,f_11.03,r0060,c0030,dp151271,404845,
f_11.03,f_11.03,r0070,c0010,dp151232,987330,
f_11.03,f_11.03,r0070,c0020,dp151233,531219,
f_11.03,f_11.03,r0070,c0030,dp151234,899492,
f_11.03,f_11.03,r0080,c0030,dp151303,16619,
f_11.04,f_11.04,r0010,c0010,dp152871,349437,
f_11.04,f_11.04,r0010,c0020,dp152872,215703,
f_11.04,f_11.04,r0010,c0030,dp153008,73083,
f_11.04,f_11.04,r0010,c0040,dp153009,47260,
f_11.04,f_11.04,r0010,c0050,dp152870,6189,
f_11.04,f_11.04,r0020,c0010,dp152860,70051,
f_11.04,f_11.04,r0020,c0020,dp152861,39256,
f_11.04,f_11.04,r0030,c0010,dp152864,23647,
f_11.04,f_11.04,r0030,c0020,dp152865,47830,
f_11.04,f_11.04,r0040,c0010,dp152866,97941,
f_11.04,f_11.04,r0040,c0020,dp152867,2151,
f_11.04,f_11.04,r0050,c0010,dp152858,44709,
f_11.04,f_11.04,r0050,c0020,dp152859,42380,
f_11.04,f_11.04,r0060,c0010,dp152862,18594,
f_11.04,f_11.04,r0060,c0020,dp152863,50813,
f_11.04,f_11.04,r0070,c0010,dp152868,94495,
f_11.04,f_11.04,r0070,c0020,dp152869,33273,
f_11.04,f_11.04,r0080,c0010,dp152245,286699,
f_11.04,f_11.04,r0080,c0020,dp152246,281752,
f_11.04,f_11.04,r0080,c0030,dp152355,41761,
f_11.04,f_11.04,r0080,c0040,dp152356,97827,
f_11.04,f_11.04,r0080,c0050,dp152244,88162,
f_11.04,f_11.04,r0090,c0010,dp152234,13249,
f_11.04,f_11.04,r0090,c0020,dp152235,4012,
f_11.04,f_11.04,r0100,c0010,dp152238,4186,
f_11.04,f_11.04,r0100,c0020,dp152239,93553,
f_11.04,f_11.04,r0110,c0010,dp152240,90361,
f_11.04,f_11.04,r0110,c0020,dp152241,34922,
f_11.04,f_11.04,r0120,c0010,dp152232,73715,
f_11.04,f_11.04,r0120,c0020,dp152233,27776,
f_11.04,f_11.04,r0130,c0010,dp152236,95379,
f_11.04,f_11.04,r0130,c0020,dp152237,85635,
f_11.04,f_11.04,r0140,c0010,dp152242,9809,
f_11.04,f_11.04,r0140,c0020,dp152243,35854,
f_11.04,f_11.04,r0150,c0010,dp151317,356188,
f_11.04,f_11.04,r0150,c0020,dp151318,319530,
f_11.04,f_11.04,r0150,c0030,dp151322,-57080,
f_11.04,f_11.04,r0150,c0040,dp151323,-361,
f_11.04,f_11.04,r0150,c0050,dp151316,54145,
f_11.04,f_11.04,r0160,c0010,dp151306,27863,
f_11.04,f_11.04,r0160,c0020,dp151307,78058,
f_11.04,f_11.04,r0170,c0010,dp151310,57997,
f_11.04,f_11.04,r0170,c0020,dp151311,96573,
f_11.04,f_11.04,r0180,c0010,dp151312,95713,
f_11.04,f_11.04,r0180,c0020,dp151313,38459,
f_11.04,f_11.04,r0190,c0010,dp151304,78504,
f_11.04,f_11.04,r0190,c0020,dp151305,23590,
f_11.04,f_11.04,r0200,c0010,dp151308,88060,
f_11.04,f_11.04,r0200,c0020,dp151309,57553,
f_11.04,f_11.04,r0210,c0010,dp151314,8051,
f_11.04,f_11.04,r0210,c0020,dp151315,25297,
f_12.01.a,f_12.01.a,r0010,c0010,dp149866,-136792,
f_12.01.a,f_12.01.a,r0010,c0020,dp149963,-596495,
f_12.01.a,f_12.01.a,r0010,c0030,dp150007,715135,
f_12.01.a,f_12.01.a,r0010,c0040,dp150051,-94676,
f_12.01.a,f_12.01.a,r0010,c0050,dp150095,-6014,
f_12.01.a,f_12.01.a,r0010,c0070,dp150139,472215,
f_12.01.a,f_12.01.a,r0010,c0080,dp150183,610482,
f_12.01.a,f_12.01.a,r0010,c0090,dp150227,85576,
f_12.01.a,f_12.01.a,r0010,c0100,dp149865,1049431,
f_12.01.a,f_12.01.a,r0010,c0110,dp149919,524199,
f_12.01.a,f_12.01.a,r0010,c0120,dp150271,-543266,
f_12.01.a,f_12.01.a,r0010,c0125,dp429131,-72817,
f_12.01.a,f_12.01.a,r0015,c0010,dp441579,87799,
f_12.01.a,f_12.01.a,r0015,c0020,dp441587,-6279,
f_12.01.a,f_12.01.a,r0015,c0030,dp441590,40509,
f_12.01.a,f_12.01.a,r0015,c0040,dp441593,23638,
f_12.01.a,f_12.01.a,r0015,c0050,dp441596,-46897,
f_12.01.a,f_12.01.a,r0015,c0070,dp441599,58430,
f_12.01.a,f_12.01.a,r0015,c0080,dp441602,52939,
f_12.01.a,f_12.01.a,r0015,c0090,dp441605,-111804,
f_12.01.a,f_12.01.a,r0015,c0100,dp441578,98335,
f_12.01.a,f_12.01.a,r0015,c0110,dp441584,86935,
f_12.01.a,f_12.01.a,r0015,c0120,dp441608,-24824,
f_12.01.a,f_12.01.a,r0015,c0125,dp441611,1405,
f_12.01.a,f_12.01.a,r0020,c0010,dp149864,-76137,
f_12.01.a,f_12.01.a,r0020,c0020,dp149962,-196380,
f_12.01.a,f_12.01.a,r0020,c0030,dp150006,291345,
f_12.01.a,f_12.01.a,r0020,c0040,dp150050,-148561,
f_12.01.a,f_12.01.a,r0020,c0050,dp150094,-67541,
f_12.01.a,f_12.01.a,r0020,c0070,dp150138,223278,
f_12.01.a,f_12.01.a,r0020,c0080,dp150182,316870,
f_12.01.a,f_12.01.a,r0020,c0090,dp150226,273711,
f_12.01.a,f_12.01.a,r0020,c0100,dp149863,616585,
f_12.01.a,f_12.01.a,r0020,c0110,dp149918,172542,
f_12.01.a,f_12.01.a,r0020,c0120,dp150270,-150319,
f_12.01.a,f_12.01.a,r0020,c0125,dp429130,-81956,
f_12.01.a,f_12.01.a,r0030,c0010,dp149798,-31020,
f_12.01.a,f_12.01.a,r0030,c0020,dp149929,-67943,
f_12.01.a,f_12.01.a,r0030,c0030,dp149973,33941,
f_12.01.a,f_12.01.a,r0030,c0040,dp150017,83476,
f_12.01.a,f_12.01.a,r0030,c0050,dp150061,81235,
f_12.01.a,f_12.01.a,r0030,c0070,dp150105,90822,
f_12.01.a,f_12.01.a,r0030,c0080,dp150149,47088,
f_12.01.a,f_12.01.a,r0030,c0090,dp150193,-117747,
f_12.01.a,f_12.01.a,r0030,c0100,dp149797,119852,
f_12.01.a,f_12.01.a,r0030,c0110,dp149885,30661,
f_12.01.a,f_12.01.a,r0030,c0120,dp150237,-36058,
f_12.01.a,f_12.01.a,r0030,c0125,dp429097,-57282,
f_12.01.a,f_12.01.a,r0040,c0010,dp149822,-68932,
f_12.01.a,f_12.01.a,r0040,c0020,dp149941,-2679,
f_12.01.a,f_12.01.a,r0040,c0030,dp149985,49522,
f_12.01.a,f_12.01.a,r0040,c0040,dp150029,-76624,
f_12.01.a,f_12.01.a,r0040,c0050,dp150073,-19915,
f_12.01.a,f_12.01.a,r0040,c0070,dp150117,-19634,
f_12.01.a,f_12.01.a,r0040,c0080,dp150161,43254,
f_12.01.a,f_12.01.a,r0040,c0090,dp150205,192694,
f_12.01.a,f_12.01.a,r0040,c0100,dp149821,97686,
f_12.01.a,f_12.01.a,r0040,c0110,dp149897,69485,
f_12.01.a,f_12.01.a,r0040,c0120,dp150249,-17762,
f_12.01.a,f_12.01.a,r0040,c0125,dp429109,-22727,
f_12.01.a,f_12.01.a,r0050,c0010,dp149810,-16330,
f_12.01.a,f_12.01.a,r0050,c0020,dp149935,-93414,
f_12.01.a,f_12.01.a,r0050,c0030,dp149979,58089,
f_12.01.a,f_12.01.a,r0050,c0040,dp150023,-93466,
f_12.01.a,f_12.01.a,r0050,c0050,dp150067,-56706,
f_12.01.a,f_12.01.a,r0050,c0070,dp150111,24184,
f_12.01.a,f_12.01.a,r0050,c0080,dp150155,33775,
f_12.01.a,f_12.01.a,r0050,c0090,dp150199,27129,
f_12.01.a,f_12.01.a,r0050,c0100,dp149809,-116739,
f_12.01.a,f_12.01.a,r0050,c0110,dp149891,3512,
f_12.01.a,f_12.01.a,r0050,c0120,dp150243,-10505,
f_12.01.a,f_12.01.a,r0050,c0125,dp429103,74274,
f_12.01.a,f_12.01.a,r0060,c0010,dp149852,-13623,
f_12.01.a,f_12.01.a,r0060,c0020,dp149956,-25903,
f_12.01.a,f_12.01.a,r0060,c0030,dp150000,67957,
f_12.01.a,f_12.01.a,r0060,c0040,dp150044,-64281,
f_12.01.a,f_12.01.a,r0060,c0050,dp150088,-25393,
f_12.01.a,f_12.01.a,r0060,c0070,dp150132,59076,
f_12.01.a,f_12.01.a,r0060,c0080,dp150176,97717,
f_12.01.a,f_12.01.a,r0060,c0090,dp150220,144597,
f_12.01.a,f_12.01.a,r0060,c0100,dp149851,240147,
f_12.01.a,f_12.01.a,r0060,c0110,dp149912,46339,
f_12.01.a,f_12.01.a,r0060,c0120,dp150264,-82552,
f_12.01.a,f_12.01.a,r0060,c0125,dp429124,-32700,
f_12.01.a,f_12.01.a,r0070,c0010,dp149840,53768,
f_12.01.a,f_12.01.a,r0070,c0020,dp149950,-6441,
f_12.01.a,f_12.01.a,r0070,c0030,dp149994,81836,
f_12.01.a,f_12.01.a,r0070,c0040,dp150038,2334,
f_12.01.a,f_12.01.a,r0070,c0050,dp150082,-46762,
f_12.01.a,f_12.01.a,r0070,c0070,dp150126,68830,
f_12.01.a,f_12.01.a,r0070,c0080,dp150170,95036,
f_12.01.a,f_12.01.a,r0070,c0090,dp150214,27038,
f_12.01.a,f_12.01.a,r0070,c0100,dp149839,275639,
f_12.01.a,f_12.01.a,r0070,c0110,dp149906,22545,
f_12.01.a,f_12.01.a,r0070,c0120,dp150258,-3442,
f_12.01.a,f_12.01.a,r0070,c0125,dp429118,-43521,
f_12.01.a,f_12.01.a,r0080,c0010,dp149868,-148454,
f_12.01.a,f_12.01.a,r0080,c0020,dp149964,-393836,
f_12.01.a,f_12.01.a,r0080,c0030,dp150008,383281,
f_12.01.a,f_12.01.a,r0080,c0040,dp150052,30247,
f_12.01.a,f_12.01.a,r0080,c0050,dp150096,108424,
f_12.01.a,f_12.01.a,r0080,c0070,dp150140,190507,
f_12.01.a,f_12.01.a,r0080,c0080,dp150184,240673,
f_12.01.a,f_12.01.a,r0080,c0090,dp150228,-76331,
f_12.01.a,f_12.01.a,r0080,c0100,dp149867,334511,
f_12.01.a,f_12.01.a,r0080,c0110,dp149920,264722,
f_12.01.a,f_12.01.a,r0080,c0120,dp150272,-368123,
f_12.01.a,f_12.01.a,r0080,c0125,dp429132,7734,
f_12.01.a,f_12.01.a,r0090,c0010,dp149800,11314,
f_12.01.a,f_12.01.a,r0090,c0020,dp149930,-11195,
f_12.01.a,f_12.01.a,r0090,c0030,dp149974,39732,
f_12.01.a,f_12.01.a,r0090,c0040,dp150018,-51311,
f_12.01.a,f_12.01.a,r0090,c0050,dp150062,45466,
f_12.01.a,f_12.01.a,r0090,c0070,dp150106,37204,
f_12.01.a,f_12.01.a,r0090,c0080,dp150150,4711,
f_12.01.a,f_12.01.a,r0090,c0090,dp150194,-21532,
f_12.01.a,f_12.01.a,r0090,c0100,dp149799,54389,
f_12.01.a,f_12.01.a,r0090,c0110,dp149886,950,
f_12.01.a,f_12.01.a,r0090,c0120,dp150238,-73541,
f_12.01.a,f_12.01.a,r0090,c0125,dp429098,1394,
f_12.01.a,f_12.01.a,r0100,c0010,dp149824,-77625,
f_12.01.a,f_12.01.a,r0100,c0020,dp149942,-97390,
f_12.01.a,f_12.01.a,r0100,c0030,dp149986,86441,
f_12.01.a,f_12.01.a,r0100,c0040,dp150030,-38681,
f_12.01.a,f_12.01.a,r0100,c0050,dp150074,32247,
f_12.01.a,f_12.01.a,r0100,c0070,dp150118,80684,
f_12.01.a,f_12.01.a,r0100,c0080,dp150162,29657,
f_12.01.a,f_12.01.a,r0100,c0090,dp150206,61576,
f_12.01.a,f_12.01.a,r0100,c0100,dp149823,76909,
f_12.01.a,f_12.01.a,r0100,c0110,dp149898,54009,
f_12.01.a,f_12.01.a,r0100,c0120,dp150250,-40432,
f_12.01.a,f_12.01.a,r0100,c0125,dp429110,-87642,
f_12.01.a,f_12.01.a,r0110,c0010,dp149812,-95820,
f_12.01.a,f_12.01.a,r0110,c0020,dp149936,-71358,
f_12.01.a,f_12.01.a,r0110,c0030,dp149980,24530,
f_12.01.a,f_12.01.a,r0110,c0040,dp150024,71706,
f_12.01.a,f_12.01.a,r0110,c0050,dp150068,86897,
f_12.01.a,f_12.01.a,r0110,c0070,dp150112,-18209,
f_12.01.a,f_12.01.a,r0110,c0080,dp150156,69123,
f_12.01.a,f_12.01.a,r0110,c0090,dp150200,5308,
f_12.01.a,f_12.01.a,r0110,c0100,dp149811,72177,
f_12.01.a,f_12.01.a,r0110,c0110,dp149892,73015,
f_12.01.a,f_12.01.a,r0110,c0120,dp150244,-21870,
f_12.01.a,f_12.01.a,r0110,c0125,dp429104,57809,
f_12.01.a,f_12.01.a,r0120,c0010,dp149854,31226,
f_12.01.a,f_12.01.a,r0120,c0020,dp149957,-72476,
f_12.01.a,f_12.01.a,r0120,c0030,dp150001,76981,
f_12.01.a,f_12.01.a,r0120,c0040,dp150045,-21429,
f_12.01.a,f_12.01.a,r0120,c0050,dp150089,-57421,
f_12.01.a,f_12.01.a,r0120,c0070,dp150133,-364,
f_12.01.a,f_12.01.a,r0120,c0080,dp150177,67443,
f_12.01.a,f_12.01.a,r0120,c0090,dp150221,9996,
f_12.01.a,f_12.01.a,r0120,c0100,dp149853,33956,
f_12.01.a,f_12.01.a,r0120,c0110,dp149913,83240,
f_12.01.a,f_12.01.a,r0120,c0120,dp150265,-91677,
f_12.01.a,f_12.01.a,r0120,c0125,dp429125,14219,
f_12.01.a,f_12.01.a,r0130,c0010,dp149842,56944,
f_12.01.a,f_12.01.a,r0130,c0020,dp149951,-72945,
f_12.01.a,f_12.01.a,r0130,c0030,dp149995,81439,
f_12.01.a,f_12.01.a,r0130,c0040,dp150039,62218,
f_12.01.a,f_12.01.a,r0130,c0050,dp150083,15171,
f_12.01.a,f_12.01.a,r0130,c0070,dp150127,83881,
f_12.01.a,f_12.01.a,r0130,c0080,dp150171,47908,
f_12.01.a,f_12.01.a,r0130,c0090,dp150215,-44695,
f_12.01.a,f_12.01.a,r0130,c0100,dp149841,229921,
f_12.01.a,f_12.01.a,r0130,c0110,dp149907,43446,
f_12.01.a,f_12.01.a,r0130,c0120,dp150259,-93872,
f_12.01.a,f_12.01.a,r0130,c0125,dp429119,4827,
f_12.01.a,f_12.01.a,r0140,c0010,dp149834,-74493,
f_12.01.a,f_12.01.a,r0140,c0020,dp149947,-68472,
f_12.01.a,f_12.01.a,r0140,c0030,dp149991,74158,
f_12.01.a,f_12.01.a,r0140,c0040,dp150035,7744,
f_12.01.a,f_12.01.a,r0140,c0050,dp150079,-13936,
f_12.01.a,f_12.01.a,r0140,c0070,dp150123,7311,
f_12.01.a,f_12.01.a,r0140,c0080,dp150167,21831,
f_12.01.a,f_12.01.a,r0140,c0090,dp150211,-86984,
f_12.01.a,f_12.01.a,r0140,c0100,dp149833,-132841,
f_12.01.a,f_12.01.a,r0140,c0110,dp149903,10062,
f_12.01.a,f_12.01.a,r0140,c0120,dp150255,-46731,
f_12.01.a,f_12.01.a,r0140,c0125,dp429115,17127,
f_12.01.a,f_12.01.a,r0160,c0010,dp150482,56406,
f_12.01.a,f_12.01.a,r0160,c0020,dp150490,-93657,
f_12.01.a,f_12.01.a,r0160,c0030,dp150493,97843,
f_12.01.a,f_12.01.a,r0160,c0040,dp150496,26711,
f_12.01.a,f_12.01.a,r0160,c0050,dp150499,8148,
f_12.01.a,f_12.01.a,r0160,c0070,dp150502,38685,
f_12.01.a,f_12.01.a,r0160,c0080,dp150505,86549,
f_12.01.a,f_12.01.a,r0160,c0090,dp150508,101105,
f_12.01.a,f_12.01.a,r0160,c0100,dp150481,321790,
f_12.01.a,f_12.01.a,r0160,c0110,dp150487,47779,
f_12.01.a,f_12.01.a,r0160,c0120,dp150511,-62994,
f_12.01.a,f_12.01.a,r0160,c0125,dp429150,-24343,
f_12.01.a,f_12.01.a,r0170,c0010,dp150515,29435,
f_12.01.a,f_12.01.a,r0170,c0020,dp150523,-32817,
f_12.01.a,f_12.01.a,r0170,c0030,dp150526,12009,
f_12.01.a,f_12.01.a,r0170,c0040,dp150529,-92480,
f_12.01.a,f_12.01.a,r0170,c0050,dp150532,-42422,
f_12.01.a,f_12.01.a,r0170,c0070,dp150535,-94034,
f_12.01.a,f_12.01.a,r0170,c0080,dp150538,93798,
f_12.01.a,f_12.01.a,r0170,c0090,dp150541,138300,
f_12.01.a,f_12.01.a,r0170,c0100,dp150514,11789,
f_12.01.a,f_12.01.a,r0170,c0110,dp150520,61418,
f_12.01.a,f_12.01.a,r0170,c0120,dp150544,-22377,
f_12.01.a,f_12.01.a,r0170,c0125,dp429153,85782,
f_12.01.a,f_12.01.a,r0180,c0010,dp149874,-111735,
f_12.01.a,f_12.01.a,r0180,c0020,dp149966,-795523,
f_12.01.a,f_12.01.a,r0180,c0030,dp150010,641382,
f_12.01.a,f_12.01.a,r0180,c0040,dp150054,-158204,
f_12.01.a,f_12.01.a,r0180,c0050,dp150098,55089,
f_12.01.a,f_12.01.a,r0180,c0070,dp150142,-123893,
f_12.01.a,f_12.01.a,r0180,c0080,dp150186,428786,
f_12.01.a,f_12.01.a,r0180,c0090,dp150230,528854,
f_12.01.a,f_12.01.a,r0180,c0100,dp149871,464756,
f_12.01.a,f_12.01.a,r0180,c0110,dp149922,606200,
f_12.01.a,f_12.01.a,r0180,c0120,dp150274,-514356,
f_12.01.a,f_12.01.a,r0180,c0125,dp429134,106869,
f_12.01.a,f_12.01.a,r0185,c0010,dp441581,-47493,
f_12.01.a,f_12.01.a,r0185,c0020,dp441588,-70548,
f_12.01.a,f_12.01.a,r0185,c0030,dp441591,15505,
f_12.01.a,f_12.01.a,r0185,c0040,dp441594,-70866,
f_12.01.a,f_12.01.a,r0185,c0050,dp441597,90351,
f_12.01.a,f_12.01.a,r0185,c0070,dp441600,-88426,
f_12.01.a,f_12.01.a,r0185,c0080,dp441603,21767,
f_12.01.a,f_12.01.a,r0185,c0090,dp441606,195248,
f_12.01.a,f_12.01.a,r0185,c0100,dp441580,45538,
f_12.01.a,f_12.01.a,r0185,c0110,dp441585,19848,
f_12.01.a,f_12.01.a,r0185,c0120,dp441609,-56425,
f_12.01.a,f_12.01.a,r0185,c0125,dp441612,45364,
f_12.01.a,f_12.01.a,r0190,c0010,dp149870,-102690,
f_12.01.a,f_12.01.a,r0190,c0020,dp149965,-281641,
f_12.01.a,f_12.01.a,r0190,c0030,dp150009,249894,
f_12.01.a,f_12.01.a,r0190,c0040,dp150053,-208767,
f_12.01.a,f_12.01.a,r0190,c0050,dp150097,-14668,
f_12.01.a,f_12.01.a,r0190,c0070,dp150141,-138815,
f_12.01.a,f_12.01.a,r0190,c0080,dp150185,107387,
f_12.01.a,f_12.01.a,r0190,c0090,dp150229,-36002,
f_12.01.a,f_12.01.a,r0190,c0100,dp149869,-425302,
f_12.01.a,f_12.01.a,r0190,c0110,dp149921,260042,
f_12.01.a,f_12.01.a,r0190,c0120,dp150273,-206991,
f_12.01.a,f_12.01.a,r0190,c0125,dp429133,-58270,
f_12.01.a,f_12.01.a,r0200,c0010,dp149802,-3892,
f_12.01.a,f_12.01.a,r0200,c0020,dp149931,-56502,
f_12.01.a,f_12.01.a,r0200,c0030,dp149975,74671,
f_12.01.a,f_12.01.a,r0200,c0040,dp150019,15479,
f_12.01.a,f_12.01.a,r0200,c0050,dp150063,55426,
f_12.01.a,f_12.01.a,r0200,c0070,dp150107,-51081,
f_12.01.a,f_12.01.a,r0200,c0080,dp150151,13989,
f_12.01.a,f_12.01.a,r0200,c0090,dp150195,-50655,
f_12.01.a,f_12.01.a,r0200,c0100,dp149801,-2565,
f_12.01.a,f_12.01.a,r0200,c0110,dp149887,11476,
f_12.01.a,f_12.01.a,r0200,c0120,dp150239,-10868,
f_12.01.a,f_12.01.a,r0200,c0125,dp429099,-23129,
f_12.01.a,f_12.01.a,r0210,c0010,dp149826,-92032,
f_12.01.a,f_12.01.a,r0210,c0020,dp149943,-98144,
f_12.01.a,f_12.01.a,r0210,c0030,dp149987,61560,
f_12.01.a,f_12.01.a,r0210,c0040,dp150031,-58300,
f_12.01.a,f_12.01.a,r0210,c0050,dp150075,-76444,
f_12.01.a,f_12.01.a,r0210,c0070,dp150119,-36299,
f_12.01.a,f_12.01.a,r0210,c0080,dp150163,44810,
f_12.01.a,f_12.01.a,r0210,c0090,dp150207,-75813,
f_12.01.a,f_12.01.a,r0210,c0100,dp149825,-330662,
f_12.01.a,f_12.01.a,r0210,c0110,dp149899,91397,
f_12.01.a,f_12.01.a,r0210,c0120,dp150251,-52192,
f_12.01.a,f_12.01.a,r0210,c0125,dp429111,24574,
f_12.01.a,f_12.01.a,r0220,c0010,dp149814,5871,
f_12.01.a,f_12.01.a,r0220,c0020,dp149937,-71251,
f_12.01.a,f_12.01.a,r0220,c0030,dp149981,836,
f_12.01.a,f_12.01.a,r0220,c0040,dp150025,-29834,
f_12.01.a,f_12.01.a,r0220,c0050,dp150069,-74492,
f_12.01.a,f_12.01.a,r0220,c0070,dp150113,11720,
f_12.01.a,f_12.01.a,r0220,c0080,dp150157,39093,
f_12.01.a,f_12.01.a,r0220,c0090,dp150201,91127,
f_12.01.a,f_12.01.a,r0220,c0100,dp149813,-26930,
f_12.01.a,f_12.01.a,r0220,c0110,dp149893,66648,
f_12.01.a,f_12.01.a,r0220,c0120,dp150245,-68382,
f_12.01.a,f_12.01.a,r0220,c0125,dp429105,-87635,
f_12.01.a,f_12.01.a,r0230,c0010,dp149856,63820,
f_12.01.a,f_12.01.a,r0230,c0020,dp149958,-26665,
f_12.01.a,f_12.01.a,r0230,c0030,dp150002,43378,
f_12.01.a,f_12.01.a,r0230,c0040,dp150046,-48188,
f_12.01.a,f_12.01.a,r0230,c0050,dp150090,63814,
f_12.01.a,f_12.01.a,r0230,c0070,dp150134,-52528,
f_12.01.a,f_12.01.a,r0230,c0080,dp150178,8941,
f_12.01.a,f_12.01.a,r0230,c0090,dp150222,-68537,
f_12.01.a,f_12.01.a,r0230,c0100,dp149855,-15965,
f_12.01.a,f_12.01.a,r0230,c0110,dp149914,87772,
f_12.01.a,f_12.01.a,r0230,c0120,dp150266,-7732,
f_12.01.a,f_12.01.a,r0230,c0125,dp429126,-26597,
f_12.01.a,f_12.01.a,r0240,c0010,dp149844,-76457,
f_12.01.a,f_12.01.a,r0240,c0020,dp149952,-29079,
f_12.01.a,f_12.01.a,r0240,c0030,dp149996,69449,
f_12.01.a,f_12.01.a,r0240,c0040,dp150040,-87924,
f_12.01.a,f_12.01.a,r0240,c0050,dp150084,17028,
f_12.01.a,f_12.01.a,r0240,c0070,dp150128,-10627,
f_12.01.a,f_12.01.a,r0240,c0080,dp150172,554,
f_12.01.a,f_12.01.a,r0240,c0090,dp150216,67876,
f_12.01.a,f_12.01.a,r0240,c0100,dp149843,-49180,
f_12.01.a,f_12.01.a,r0240,c0110,dp149908,2749,
f_12.01.a,f_12.01.a,r0240,c0120,dp150260,-67817,
f_12.01.a,f_12.01.a,r0240,c0125,dp429120,54517,
f_12.01.a,f_12.01.a,r0250,c0010,dp149876,38448,
f_12.01.a,f_12.01.a,r0250,c0020,dp149968,-443334,
f_12.01.a,f_12.01.a,r0250,c0030,dp150012,375983,
f_12.01.a,f_12.01.a,r0250,c0040,dp150056,121429,
f_12.01.a,f_12.01.a,r0250,c0050,dp150100,-20594,
f_12.01.a,f_12.01.a,r0250,c0070,dp150144,103348,
f_12.01.a,f_12.01.a,r0250,c0080,dp150188,299632,
f_12.01.a,f_12.01.a,r0250,c0090,dp150232,369608,
f_12.01.a,f_12.01.a,r0250,c0100,dp149875,844520,
f_12.01.a,f_12.01.a,r0250,c0110,dp149924,326310,
f_12.01.a,f_12.01.a,r0250,c0120,dp150276,-250940,
f_12.01.a,f_12.01.a,r0250,c0125,dp429136,119775,
f_12.01.a,f_12.01.a,r0260,c0010,dp149804,49291,
f_12.01.a,f_12.01.a,r0260,c0020,dp149932,-78779,
f_12.01.a,f_12.01.a,r0260,c0030,dp149976,86276,
f_12.01.a,f_12.01.a,r0260,c0040,dp150020,-93130,
f_12.01.a,f_12.01.a,r0260,c0050,dp150064,96445,
f_12.01.a,f_12.01.a,r0260,c0070,dp150108,35360,
f_12.01.a,f_12.01.a,r0260,c0080,dp150152,88790,
f_12.01.a,f_12.01.a,r0260,c0090,dp150196,107610,
f_12.01.a,f_12.01.a,r0260,c0100,dp149803,291863,
f_12.01.a,f_12.01.a,r0260,c0110,dp149888,95536,
f_12.01.a,f_12.01.a,r0260,c0120,dp150240,-55623,
f_12.01.a,f_12.01.a,r0260,c0125,dp429100,73544,
f_12.01.a,f_12.01.a,r0270,c0010,dp149828,86220,
f_12.01.a,f_12.01.a,r0270,c0020,dp149944,-96972,
f_12.01.a,f_12.01.a,r0270,c0030,dp149988,24832,
f_12.01.a,f_12.01.a,r0270,c0040,dp150032,36050,
f_12.01.a,f_12.01.a,r0270,c0050,dp150076,-63559,
f_12.01.a,f_12.01.a,r0270,c0070,dp150120,-962,
f_12.01.a,f_12.01.a,r0270,c0080,dp150164,88798,
f_12.01.a,f_12.01.a,r0270,c0090,dp150208,42335,
f_12.01.a,f_12.01.a,r0270,c0100,dp149827,116742,
f_12.01.a,f_12.01.a,r0270,c0110,dp149900,18413,
f_12.01.a,f_12.01.a,r0270,c0120,dp150252,-32011,
f_12.01.a,f_12.01.a,r0270,c0125,dp429112,-76285,
f_12.01.a,f_12.01.a,r0280,c0010,dp149816,-96904,
f_12.01.a,f_12.01.a,r0280,c0020,dp149938,-47982,
f_12.01.a,f_12.01.a,r0280,c0030,dp149982,66968,
f_12.01.a,f_12.01.a,r0280,c0040,dp150026,14089,
f_12.01.a,f_12.01.a,r0280,c0050,dp150070,35786,
f_12.01.a,f_12.01.a,r0280,c0070,dp150114,70166,
f_12.01.a,f_12.01.a,r0280,c0080,dp150158,76152,
f_12.01.a,f_12.01.a,r0280,c0090,dp150202,15903,
f_12.01.a,f_12.01.a,r0280,c0100,dp149815,134178,
f_12.01.a,f_12.01.a,r0280,c0110,dp149894,94251,
f_12.01.a,f_12.01.a,r0280,c0120,dp150246,-79469,
f_12.01.a,f_12.01.a,r0280,c0125,dp429106,51704,
f_12.01.a,f_12.01.a,r0290,c0010,dp149858,-30108,
f_12.01.a,f_12.01.a,r0290,c0020,dp149959,-78224,
f_12.01.a,f_12.01.a,r0290,c0030,dp150003,76584,
f_12.01.a,f_12.01.a,r0290,c0040,dp150047,26276,
f_12.01.a,f_12.01.a,r0290,c0050,dp150091,-60891,
f_12.01.a,f_12.01.a,r0290,c0070,dp150135,62310,
f_12.01.a,f_12.01.a,r0290,c0080,dp150179,35574,
f_12.01.a,f_12.01.a,r0290,c0090,dp150223,116135,
f_12.01.a,f_12.01.a,r0290,c0100,dp149857,147656,
f_12.01.a,f_12.01.a,r0290,c0110,dp149915,84352,
f_12.01.a,f_12.01.a,r0290,c0120,dp150267,-38746,
f_12.01.a,f_12.01.a,r0290,c0125,dp429127,69411,
f_12.01.a,f_12.01.a,r0300,c0010,dp149846,17511,
f_12.01.a,f_12.01.a,r0300,c0020,dp149953,-43467,
f_12.01.a,f_12.01.a,r0300,c0030,dp149997,48656,
f_12.01.a,f_12.01.a,r0300,c0040,dp150041,94543,
f_12.01.a,f_12.01.a,r0300,c0050,dp150085,-28138,
f_12.01.a,f_12.01.a,r0300,c0070,dp150129,19361,
f_12.01.a,f_12.01.a,r0300,c0080,dp150173,194,
f_12.01.a,f_12.01.a,r0300,c0090,dp150217,80339,
f_12.01.a,f_12.01.a,r0300,c0100,dp149845,188999,
f_12.01.a,f_12.01.a,r0300,c0110,dp149909,30817,
f_12.01.a,f_12.01.a,r0300,c0120,dp150261,-5696,
f_12.01.a,f_12.01.a,r0300,c0125,dp429121,-79475,
f_12.01.a,f_12.01.a,r0310,c0010,dp149836,12438,
f_12.01.a,f_12.01.a,r0310,c0020,dp149948,-97910,
f_12.01.a,f_12.01.a,r0310,c0030,dp149992,72667,
f_12.01.a,f_12.01.a,r0310,c0040,dp150036,43601,
f_12.01.a,f_12.01.a,r0310,c0050,dp150080,-237,
f_12.01.a,f_12.01.a,r0310,c0070,dp150124,-82887,
f_12.01.a,f_12.01.a,r0310,c0080,dp150168,10124,
f_12.01.a,f_12.01.a,r0310,c0090,dp150212,7286,
f_12.01.a,f_12.01.a,r0310,c0100,dp149835,-34918,
f_12.01.a,f_12.01.a,r0310,c0110,dp149904,2941,
f_12.01.a,f_12.01.a,r0310,c0120,dp150256,-39395,
f_12.01.a,f_12.01.a,r0310,c0125,dp429116,80876,
f_12.01.a,f_12.01.a,r0330,c0010,dp150484,-94594,
f_12.01.a,f_12.01.a,r0330,c0020,dp150491,-53496,
f_12.01.a,f_12.01.a,r0330,c0030,dp150494,62296,
f_12.01.a,f_12.01.a,r0330,c0040,dp150497,-93856,
f_12.01.a,f_12.01.a,r0330,c0050,dp150500,-20182,
f_12.01.a,f_12.01.a,r0330,c0070,dp150503,-4994,
f_12.01.a,f_12.01.a,r0330,c0080,dp150506,61547,
f_12.01.a,f_12.01.a,r0330,c0090,dp150509,51803,
f_12.01.a,f_12.01.a,r0330,c0100,dp150483,-91476,
f_12.01.a,f_12.01.a,r0330,c0110,dp150488,29760,
f_12.01.a,f_12.01.a,r0330,c0120,dp150512,-21517,
f_12.01.a,f_12.01.a,r0330,c0125,dp429151,98471,
f_12.01.a,f_12.01.a,r0340,c0010,dp150517,49691,
f_12.01.a,f_12.01.a,r0340,c0020,dp150524,-23572,
f_12.01.a,f_12.01.a,r0340,c0030,dp150527,77822,
f_12.01.a,f_12.01.a,r0340,c0040,dp150530,53519,
f_12.01.a,f_12.01.a,r0340,c0050,dp150533,-1941,
f_12.01.a,f_12.01.a,r0340,c0070,dp150536,-63646,
f_12.01.a,f_12.01.a,r0340,c0080,dp150539,67804,
f_12.01.a,f_12.01.a,r0340,c0090,dp150542,-143022,
f_12.01.a,f_12.01.a,r0340,c0100,dp150516,16655,
f_12.01.a,f_12.01.a,r0340,c0110,dp150521,32258,
f_12.01.a,f_12.01.a,r0340,c0120,dp150545,-64842,
f_12.01.a,f_12.01.a,r0340,c0125,dp429154,-48183,
f_12.01.a,f_12.01.a,r0350,c0120,dp150275,-17870,
f_12.01.a,f_12.01.a,r0360,c0010,dp149880,135805,
f_12.01.a,f_12.01.a,r0360,c0020,dp149970,-502290,
f_12.01.a,f_12.01.a,r0360,c0030,dp150014,599655,
f_12.01.a,f_12.01.a,r0360,c0040,dp150058,84256,
f_12.01.a,f_12.01.a,r0360,c0050,dp150102,4449,
f_12.01.a,f_12.01.a,r0360,c0070,dp150146,86500,
f_12.01.a,f_12.01.a,r0360,c0080,dp150190,592596,
f_12.01.a,f_12.01.a,r0360,c0090,dp150234,-149063,
f_12.01.a,f_12.01.a,r0360,c0100,dp149879,851908,
f_12.01.a,f_12.01.a,r0360,c0110,dp149926,714936,
f_12.01.a,f_12.01.a,r0360,c0120,dp150278,-583895,
f_12.01.a,f_12.01.a,r0360,c0125,dp429138,236558,
f_12.01.a,f_12.01.a,r0365,c0010,dp441583,41395,
f_12.01.a,f_12.01.a,r0365,c0020,dp441589,-54434,
f_12.01.a,f_12.01.a,r0365,c0030,dp441592,52410,
f_12.01.a,f_12.01.a,r0365,c0040,dp441595,22928,
f_12.01.a,f_12.01.a,r0365,c0050,dp441598,-32026,
f_12.01.a,f_12.01.a,r0365,c0070,dp441601,47469,
f_12.01.a,f_12.01.a,r0365,c0080,dp441604,26481,
f_12.01.a,f_12.01.a,r0365,c0090,dp441607,30482,
f_12.01.a,f_12.01.a,r0365,c0100,dp441582,134705,
f_12.01.a,f_12.01.a,r0365,c0110,dp441586,32085,
f_12.01.a,f_12.01.a,r0365,c0120,dp441610,-31836,
f_12.01.a,f_12.01.a,r0365,c0125,dp441613,39809,
f_12.01.a,f_12.01.a,r0370,c0010,dp149878,91773,
f_12.01.a,f_12.01.a,r0370,c0020,dp149969,-162775,
f_12.01.a,f_12.01.a,r0370,c0030,dp150013,228106,
f_12.01.a,f_12.01.a,r0370,c0040,dp150057,-52196,
f_12.01.a,f_12.01.a,r0370,c0050,dp150101,72798,
f_12.01.a,f_12.01.a,r0370,c0070,dp150145,1723,
f_12.01.a,f_12.01.a,r0370,c0080,dp150189,317353,
f_12.01.a,f_12.01.a,r0370,c0090,dp150233,250002,
f_12.01.a,f_12.01.a,r0370,c0100,dp149877,746784,
f_12.01.a,f_12.01.a,r0370,c0110,dp149925,278503,
f_12.01.a,f_12.01.a,r0370,c0120,dp150277,-310145,
f_12.01.a,f_12.01.a,r0370,c0125,dp429137,156461,
f_12.01.a,f_12.01.a,r0380,c0010,dp149806,17927,
f_12.01.a,f_12.01.a,r0380,c0020,dp149933,-14583,
f_12.01.a,f_12.01.a,r0380,c0030,dp149977,28961,
f_12.01.a,f_12.01.a,r0380,c0040,dp150021,-59065,
f_12.01.a,f_12.01.a,r0380,c0050,dp150065,53401,
f_12.01.a,f_12.01.a,r0380,c0070,dp150109,60069,
f_12.01.a,f_12.01.a,r0380,c0080,dp150153,92231,
f_12.01.a,f_12.01.a,r0380,c0090,dp150197,148867,
f_12.01.a,f_12.01.a,r0380,c0100,dp149805,327808,
f_12.01.a,f_12.01.a,r0380,c0110,dp149889,44339,
f_12.01.a,f_12.01.a,r0380,c0120,dp150241,-32746,
f_12.01.a,f_12.01.a,r0380,c0125,dp429101,81316,
f_12.01.a,f_12.01.a,r0390,c0010,dp149830,-52275,
f_12.01.a,f_12.01.a,r0390,c0020,dp149945,-39183,
f_12.01.a,f_12.01.a,r0390,c0030,dp149989,30411,
f_12.01.a,f_12.01.a,r0390,c0040,dp150033,-55852,
f_12.01.a,f_12.01.a,r0390,c0050,dp150077,66853,
f_12.01.a,f_12.01.a,r0390,c0070,dp150121,-55459,
f_12.01.a,f_12.01.a,r0390,c0080,dp150165,65221,
f_12.01.a,f_12.01.a,r0390,c0090,dp150209,80224,
f_12.01.a,f_12.01.a,r0390,c0100,dp149829,39940,
f_12.01.a,f_12.01.a,r0390,c0110,dp149901,73042,
f_12.01.a,f_12.01.a,r0390,c0120,dp150253,-91789,
f_12.01.a,f_12.01.a,r0390,c0125,dp429113,61374,
f_12.01.a,f_12.01.a,r0400,c0010,dp149818,87340,
f_12.01.a,f_12.01.a,r0400,c0020,dp149939,-6228,
f_12.01.a,f_12.01.a,r0400,c0030,dp149983,13058,
f_12.01.a,f_12.01.a,r0400,c0040,dp150027,97664,
f_12.01.a,f_12.01.a,r0400,c0050,dp150071,-80463,
f_12.01.a,f_12.01.a,r0400,c0070,dp150115,20625,
f_12.01.a,f_12.01.a,r0400,c0080,dp150159,37737,
f_12.01.a,f_12.01.a,r0400,c0090,dp150203,34680,
f_12.01.a,f_12.01.a,r0400,c0100,dp149817,204413,
f_12.01.a,f_12.01.a,r0400,c0110,dp149895,10562,
f_12.01.a,f_12.01.a,r0400,c0120,dp150247,-63971,
f_12.01.a,f_12.01.a,r0400,c0125,dp429107,85576,
f_12.01.a,f_12.01.a,r0410,c0010,dp149860,70719,
f_12.01.a,f_12.01.a,r0410,c0020,dp149960,-67404,
f_12.01.a,f_12.01.a,r0410,c0030,dp150004,71183,
f_12.01.a,f_12.01.a,r0410,c0040,dp150048,51975,
f_12.01.a,f_12.01.a,r0410,c0050,dp150092,-34760,
f_12.01.a,f_12.01.a,r0410,c0070,dp150136,-45486,
f_12.01.a,f_12.01.a,r0410,c0080,dp150180,24814,
f_12.01.a,f_12.01.a,r0410,c0090,dp150224,-44410,
f_12.01.a,f_12.01.a,r0410,c0100,dp149859,26631,
f_12.01.a,f_12.01.a,r0410,c0110,dp149916,78889,
f_12.01.a,f_12.01.a,r0410,c0120,dp150268,-85428,
f_12.01.a,f_12.01.a,r0410,c0125,dp429128,-77480,
f_12.01.a,f_12.01.a,r0420,c0010,dp149848,-31938,
f_12.01.a,f_12.01.a,r0420,c0020,dp149954,-35377,
f_12.01.a,f_12.01.a,r0420,c0030,dp149998,84493,
f_12.01.a,f_12.01.a,r0420,c0040,dp150042,-86918,
f_12.01.a,f_12.01.a,r0420,c0050,dp150086,67767,
f_12.01.a,f_12.01.a,r0420,c0070,dp150130,21974,
f_12.01.a,f_12.01.a,r0420,c0080,dp150174,97350,
f_12.01.a,f_12.01.a,r0420,c0090,dp150218,30641,
f_12.01.a,f_12.01.a,r0420,c0100,dp149847,147992,
f_12.01.a,f_12.01.a,r0420,c0110,dp149910,71671,
f_12.01.a,f_12.01.a,r0420,c0120,dp150262,-36211,
f_12.01.a,f_12.01.a,r0420,c0125,dp429122,5675,
f_12.01.a,f_12.01.a,r0430,c0010,dp149882,2637,
f_12.01.a,f_12.01.a,r0430,c0020,dp149971,-285081,
f_12.01.a,f_12.01.a,r0430,c0030,dp150015,319139,
f_12.01.a,f_12.01.a,r0430,c0040,dp150059,113524,
f_12.01.a,f_12.01.a,r0430,c0050,dp150103,-36323,
f_12.01.a,f_12.01.a,r0430,c0070,dp150147,37308,
f_12.01.a,f_12.01.a,r0430,c0080,dp150191,248762,
f_12.01.a,f_12.01.a,r0430,c0090,dp150235,-429547,
f_12.01.a,f_12.01.a,r0430,c0100,dp149881,-29581,
f_12.01.a,f_12.01.a,r0430,c0110,dp149927,404348,
f_12.01.a,f_12.01.a,r0430,c0120,dp150279,-241914,
f_12.01.a,f_12.01.a,r0430,c0125,dp429139,40288,
f_12.01.a,f_12.01.a,r0440,c0010,dp149808,2070,
f_12.01.a,f_12.01.a,r0440,c0020,dp149934,-75509,
f_12.01.a,f_12.01.a,r0440,c0030,dp149978,63864,
f_12.01.a,f_12.01.a,r0440,c0040,dp150022,74782,
f_12.01.a,f_12.01.a,r0440,c0050,dp150066,99257,
f_12.01.a,f_12.01.a,r0440,c0070,dp150110,47007,
f_12.01.a,f_12.01.a,r0440,c0080,dp150154,8581,
f_12.01.a,f_12.01.a,r0440,c0090,dp150198,-132440,
f_12.01.a,f_12.01.a,r0440,c0100,dp149807,87612,
f_12.01.a,f_12.01.a,r0440,c0110,dp149890,7794,
f_12.01.a,f_12.01.a,r0440,c0120,dp150242,-28290,
f_12.01.a,f_12.01.a,r0440,c0125,dp429102,95624,
f_12.01.a,f_12.01.a,r0450,c0010,dp149832,-3215,
f_12.01.a,f_12.01.a,r0450,c0020,dp149946,-39916,
f_12.01.a,f_12.01.a,r0450,c0030,dp149990,58165,
f_12.01.a,f_12.01.a,r0450,c0040,dp150034,-3287,
f_12.01.a,f_12.01.a,r0450,c0050,dp150078,-52136,
f_12.01.a,f_12.01.a,r0450,c0070,dp150122,-73544,
f_12.01.a,f_12.01.a,r0450,c0080,dp150166,33561,
f_12.01.a,f_12.01.a,r0450,c0090,dp150210,-219969,
f_12.01.a,f_12.01.a,r0450,c0100,dp149831,-300341,
f_12.01.a,f_12.01.a,r0450,c0110,dp149902,98013,
f_12.01.a,f_12.01.a,r0450,c0120,dp150254,-12852,
f_12.01.a,f_12.01.a,r0450,c0125,dp429114,52644,
f_12.01.a,f_12.01.a,r0460,c0010,dp149820,-85597,
f_12.01.a,f_12.01.a,r0460,c0020,dp149940,-60876,
f_12.01.a,f_12.01.a,r0460,c0030,dp149984,97798,
f_12.01.a,f_12.01.a,r0460,c0040,dp150028,39670,
f_12.01.a,f_12.01.a,r0460,c0050,dp150072,-40492,
f_12.01.a,f_12.01.a,r0460,c0070,dp150116,14852,
f_12.01.a,f_12.01.a,r0460,c0080,dp150160,36681,
f_12.01.a,f_12.01.a,r0460,c0090,dp150204,44681,
f_12.01.a,f_12.01.a,r0460,c0100,dp149819,46717,
f_12.01.a,f_12.01.a,r0460,c0110,dp149896,98178,
f_12.01.a,f_12.01.a,r0460,c0120,dp150248,-45882,
f_12.01.a,f_12.01.a,r0460,c0125,dp429108,-48098,
f_12.01.a,f_12.01.a,r0470,c0010,dp149862,51244,
f_12.01.a,f_12.01.a,r0470,c0020,dp149961,-9515,
f_12.01.a,f_12.01.a,r0470,c0030,dp150005,21645,
f_12.01.a,f_12.01.a,r0470,c0040,dp150049,76859,
f_12.01.a,f_12.01.a,r0470,c0050,dp150093,-86451,
f_12.01.a,f_12.01.a,r0470,c0070,dp150137,16097,
f_12.01.a,f_12.01.a,r0470,c0080,dp150181,91319,
f_12.01.a,f_12.01.a,r0470,c0090,dp150225,88320,
f_12.01.a,f_12.01.a,r0470,c0100,dp149861,249518,
f_12.01.a,f_12.01.a,r0470,c0110,dp149917,60512,
f_12.01.a,f_12.01.a,r0470,c0120,dp150269,-34690,
f_12.01.a,f_12.01.a,r0470,c0125,dp429129,-63872,
f_12.01.a,f_12.01.a,r0480,c0010,dp149850,20335,
f_12.01.a,f_12.01.a,r0480,c0020,dp149955,-95779,
f_12.01.a,f_12.01.a,r0480,c0030,dp149999,64715,
f_12.01.a,f_12.01.a,r0480,c0040,dp150043,-73394,
f_12.01.a,f_12.01.a,r0480,c0050,dp150087,-12332,
f_12.01.a,f_12.01.a,r0480,c0070,dp150131,-12749,
f_12.01.a,f_12.01.a,r0480,c0080,dp150175,21852,
f_12.01.a,f_12.01.a,r0480,c0090,dp150219,-77355,
f_12.01.a,f_12.01.a,r0480,c0100,dp149849,-164707,
f_12.01.a,f_12.01.a,r0480,c0110,dp149911,73838,
f_12.01.a,f_12.01.a,r0480,c0120,dp150263,-49261,
f_12.01.a,f_12.01.a,r0480,c0125,dp429123,-18130,
f_12.01.a,f_12.01.a,r0490,c0010,dp149838,17800,
f_12.01.a,f_12.01.a,r0490,c0020,dp149949,-3486,
f_12.01.a,f_12.01.a,r0490,c0030,dp149993,12952,
f_12.01.a,f_12.01.a,r0490,c0040,dp150037,-1106,
f_12.01.a,f_12.01.a,r0490,c0050,dp150081,55831,
f_12.01.a,f_12.01.a,r0490,c0070,dp150125,45645,
f_12.01.a,f_12.01.a,r0490,c0080,dp150169,56768,
f_12.01.a,f_12.01.a,r0490,c0090,dp150213,-132784,
f_12.01.a,f_12.01.a,r0490,c0100,dp149837,51620,
f_12.01.a,f_12.01.a,r0490,c0110,dp149905,66013,
f_12.01.a,f_12.01.a,r0490,c0120,dp150257,-70939,
f_12.01.a,f_12.01.a,r0490,c0125,dp429117,22120,
f_12.01.a,f_12.01.a,r0500,c0010,dp150486,70507,
f_12.01.a,f_12.01.a,r0500,c0020,dp150492,-31307,
f_12.01.a,f_12.01.a,r0500,c0030,dp150495,54747,
f_12.01.a,f_12.01.a,r0500,c0040,dp150498,59854,
f_12.01.a,f_12.01.a,r0500,c0050,dp150501,41255,
f_12.01.a,f_12.01.a,r0500,c0070,dp150504,-31980,
f_12.01.a,f_12.01.a,r0500,c0080,dp150507,57074,
f_12.01.a,f_12.01.a,r0500,c0090,dp150510,-61416,
f_12.01.a,f_12.01.a,r0500,c0100,dp150485,158734,
f_12.01.a,f_12.01.a,r0500,c0110,dp150489,64958,
f_12.01.a,f_12.01.a,r0500,c0120,dp150513,-54406,
f_12.01.a,f_12.01.a,r0500,c0125,dp429152,-38999,
f_12.01.a,f_12.01.a,r0510,c0010,dp150519,-31782,
f_12.01.a,f_12.01.a,r0510,c0020,dp150525,-15083,
f_12.01.a,f_12.01.a,r0510,c0030,dp150528,95313,
f_12.01.a,f_12.01.a,r0510,c0040,dp150531,4641,
f_12.01.a,f_12.01.a,r0510,c0050,dp150534,67569,
f_12.01.a,f_12.01.a,r0510,c0070,dp150537,-90221,
f_12.01.a,f_12.01.a,r0510,c0080,dp150540,81636,
f_12.01.a,f_12.01.a,r0510,c0090,dp150543,34346,
f_12.01.a,f_12.01.a,r0510,c0100,dp150518,146419,
f_12.01.a,f_12.01.a,r0510,c0110,dp150522,33194,
f_12.01.a,f_12.01.a,r0510,c0120,dp150546,-76197,
f_12.01.a,f_12.01.a,r0510,c0125,dp429155,-52165,
f_12.01.a,f_12.01.a,r0520,c0010,dp149884,-217575,
f_12.01.a,f_12.01.a,r0520,c0020,dp149972,-1894308,
f_12.01.a,f_12.01.a,r0520,c0030,dp150016,2469535,
f_12.01.a,f_12.01.a,r0520,c0040,dp150060,-363351,
f_12.01.a,f_12.01.a,r0520,c0050,dp150104,7611,
f_12.01.a,f_12.01.a,r0520,c0070,dp150148,326572,
f_12.01.a,f_12.01.a,r0520,c0080,dp150192,2154420,
f_12.01.a,f_12.01.a,r0520,c0090,dp150236,780719,
f_12.01.a,f_12.01.a,r0520,c0100,dp149883,3263623,
f_12.01.a,f_12.01.a,r0520,c0110,dp149928,2281071,
f_12.01.a,f_12.01.a,r0520,c0120,dp150280,-2130219,
f_12.01.a,f_12.01.a,r0520,c0125,dp429140,272849,
f_12.01.a,f_12.01.a,r0600,c0010,dp441449,-104853,
f_12.01.a,f_12.01.a,r0600,c0030,dp441478,513363,
f_12.01.a,f_12.01.a,r0600,c0040,dp441492,-194727,
f_12.01.a,f_12.01.a,r0600,c0050,dp441506,-45913,
f_12.01.a,f_12.01.a,r0600,c0070,dp441520,-108250,
f_12.01.a,f_12.01.a,r0600,c0080,dp441534,522556,
f_12.01.a,f_12.01.a,r0600,c0090,dp441548,315352,
f_12.01.a,f_12.01.a,r0600,c0100,dp441448,897528,
f_12.01.a,f_12.01.a,r0600,c0110,dp441464,435736,
f_12.01.a,f_12.01.a,r0600,c0120,dp441562,-488702,
f_12.01.a,f_12.01.a,r0600,c0125,dp441576,2239,
f_12.01.a,f_12.01.a,r0610,c0010,dp441447,-73396,
f_12.01.a,f_12.01.a,r0610,c0030,dp441477,289129,
f_12.01.a,f_12.01.a,r0610,c0040,dp441491,-253289,
f_12.01.a,f_12.01.a,r0610,c0050,dp441505,137198,
f_12.01.a,f_12.01.a,r0610,c0070,dp441519,-184084,
f_12.01.a,f_12.01.a,r0610,c0080,dp441533,256958,
f_12.01.a,f_12.01.a,r0610,c0090,dp441547,-27251,
f_12.01.a,f_12.01.a,r0610,c0100,dp441446,145265,
f_12.01.a,f_12.01.a,r0610,c0110,dp441463,186802,
f_12.01.a,f_12.01.a,r0610,c0120,dp441561,-240867,
f_12.01.a,f_12.01.a,r0610,c0125,dp441575,20175,
f_12.01.a,f_12.01.a,r0620,c0010,dp441425,19186,
f_12.01.a,f_12.01.a,r0620,c0030,dp441466,35447,
f_12.01.a,f_12.01.a,r0620,c0040,dp441480,-85103,
f_12.01.a,f_12.01.a,r0620,c0050,dp441494,-49200,
f_12.01.a,f_12.01.a,r0620,c0070,dp441508,-51376,
f_12.01.a,f_12.01.a,r0620,c0080,dp441522,91208,
f_12.01.a,f_12.01.a,r0620,c0090,dp441536,-63298,
f_12.01.a,f_12.01.a,r0620,c0100,dp441424,-103136,
f_12.01.a,f_12.01.a,r0620,c0110,dp441452,53392,
f_12.01.a,f_12.01.a,r0620,c0120,dp441550,-5803,
f_12.01.a,f_12.01.a,r0620,c0125,dp441564,45216,
f_12.01.a,f_12.01.a,r0630,c0010,dp441433,-67981,
f_12.01.a,f_12.01.a,r0630,c0030,dp441470,74955,
f_12.01.a,f_12.01.a,r0630,c0040,dp441484,-41889,
f_12.01.a,f_12.01.a,r0630,c0050,dp441498,-780,
f_12.01.a,f_12.01.a,r0630,c0070,dp441512,-68168,
f_12.01.a,f_12.01.a,r0630,c0080,dp441526,76760,
f_12.01.a,f_12.01.a,r0630,c0090,dp441540,-92088,
f_12.01.a,f_12.01.a,r0630,c0100,dp441432,-119191,
f_12.01.a,f_12.01.a,r0630,c0110,dp441456,30991,
f_12.01.a,f_12.01.a,r0630,c0120,dp441554,-93692,
f_12.01.a,f_12.01.a,r0630,c0125,dp441568,96949,
f_12.01.a,f_12.01.a,r0640,c0010,dp441429,-84364,
f_12.01.a,f_12.01.a,r0640,c0030,dp441468,25017,
f_12.01.a,f_12.01.a,r0640,c0040,dp441482,-32218,
f_12.01.a,f_12.01.a,r0640,c0050,dp441496,55424,
f_12.01.a,f_12.01.a,r0640,c0070,dp441510,-71450,
f_12.01.a,f_12.01.a,r0640,c0080,dp441524,8173,
f_12.01.a,f_12.01.a,r0640,c0090,dp441538,26991,
f_12.01.a,f_12.01.a,r0640,c0100,dp441428,-72427,
f_12.01.a,f_12.01.a,r0640,c0110,dp441454,37074,
f_12.01.a,f_12.01.a,r0640,c0120,dp441552,-42398,
f_12.01.a,f_12.01.a,r0640,c0125,dp441566,-3804,
f_12.01.a,f_12.01.a,r0650,c0010,dp441443,75075,
f_12.01.a,f_12.01.a,r0650,c0030,dp441475,67797,
f_12.01.a,f_12.01.a,r0650,c0040,dp441489,-2856,
f_12.01.a,f_12.01.a,r0650,c0050,dp441503,75214,
f_12.01.a,f_12.01.a,r0650,c0070,dp441517,-74083,
f_12.01.a,f_12.01.a,r0650,c0080,dp441531,43985,
f_12.01.a,f_12.01.a,r0650,c0090,dp441545,77347,
f_12.01.a,f_12.01.a,r0650,c0100,dp441442,262479,
f_12.01.a,f_12.01.a,r0650,c0110,dp441461,3998,
f_12.01.a,f_12.01.a,r0650,c0120,dp441559,-36958,
f_12.01.a,f_12.01.a,r0650,c0125,dp441573,-89939,
f_12.01.a,f_12.01.a,r0660,c0010,dp441439,-15312,
f_12.01.a,f_12.01.a,r0660,c0030,dp441473,85913,
f_12.01.a,f_12.01.a,r0660,c0040,dp441487,-91223,
f_12.01.a,f_12.01.a,r0660,c0050,dp441501,56540,
f_12.01.a,f_12.01.a,r0660,c0070,dp441515,80993,
f_12.01.a,f_12.01.a,r0660,c0080,dp441529,36832,
f_12.01.a,f_12.01.a,r0660,c0090,dp441543,23797,
f_12.01.a,f_12.01.a,r0660,c0100,dp441438,177540,
f_12.01.a,f_12.01.a,r0660,c0110,dp441459,61347,
f_12.01.a,f_12.01.a,r0660,c0120,dp441557,-62016,
f_12.01.a,f_12.01.a,r0660,c0125,dp441571,-28247,
f_12.01.a,f_12.01.a,r0670,c0010,dp441451,-31457,
f_12.01.a,f_12.01.a,r0670,c0030,dp441479,224234,
f_12.01.a,f_12.01.a,r0670,c0040,dp441493,58562,
f_12.01.a,f_12.01.a,r0670,c0050,dp441507,-183111,
f_12.01.a,f_12.01.a,r0670,c0070,dp441521,75834,
f_12.01.a,f_12.01.a,r0670,c0080,dp441535,265598,
f_12.01.a,f_12.01.a,r0670,c0090,dp441549,342603,
f_12.01.a,f_12.01.a,r0670,c0100,dp441450,752263,
f_12.01.a,f_12.01.a,r0670,c0110,dp441465,248934,
f_12.01.a,f_12.01.a,r0670,c0120,dp441563,-247835,
f_12.01.a,f_12.01.a,r0670,c0125,dp441577,-17936,
f_12.01.a,f_12.01.a,r0680,c0010,dp441427,-10206,
f_12.01.a,f_12.01.a,r0680,c0030,dp441467,14112,
f_12.01.a,f_12.01.a,r0680,c0040,dp441481,-58658,
f_12.01.a,f_12.01.a,r0680,c0050,dp441495,60572,
f_12.01.a,f_12.01.a,r0680,c0070,dp441509,13975,
f_12.01.a,f_12.01.a,r0680,c0080,dp441523,58639,
f_12.01.a,f_12.01.a,r0680,c0090,dp441537,-25586,
f_12.01.a,f_12.01.a,r0680,c0100,dp441426,52848,
f_12.01.a,f_12.01.a,r0680,c0110,dp441453,11335,
f_12.01.a,f_12.01.a,r0680,c0120,dp441551,-28866,
f_12.01.a,f_12.01.a,r0680,c0125,dp441565,-61991,
f_12.01.a,f_12.01.a,r0690,c0010,dp441435,31682,
f_12.01.a,f_12.01.a,r0690,c0030,dp441471,22485,
f_12.01.a,f_12.01.a,r0690,c0040,dp441485,59951,
f_12.01.a,f_12.01.a,r0690,c0050,dp441499,65951,
f_12.01.a,f_12.01.a,r0690,c0070,dp441513,45494,
f_12.01.a,f_12.01.a,r0690,c0080,dp441527,11596,
f_12.01.a,f_12.01.a,r0690,c0090,dp441541,-6995,
f_12.01.a,f_12.01.a,r0690,c0100,dp441434,230164,
f_12.01.a,f_12.01.a,r0690,c0110,dp441457,17768,
f_12.01.a,f_12.01.a,r0690,c0120,dp441555,-82111,
f_12.01.a,f_12.01.a,r0690,c0125,dp441569,13510,
f_12.01.a,f_12.01.a,r0700,c0010,dp441431,-13114,
f_12.01.a,f_12.01.a,r0700,c0030,dp441469,83164,
f_12.01.a,f_12.01.a,r0700,c0040,dp441483,52211,
f_12.01.a,f_12.01.a,r0700,c0050,dp441497,-86284,
f_12.01.a,f_12.01.a,r0700,c0070,dp441511,54883,
f_12.01.a,f_12.01.a,r0700,c0080,dp441525,5188,
f_12.01.a,f_12.01.a,r0700,c0090,dp441539,129785,
f_12.01.a,f_12.01.a,r0700,c0100,dp441430,225833,
f_12.01.a,f_12.01.a,r0700,c0110,dp441455,50293,
f_12.01.a,f_12.01.a,r0700,c0120,dp441553,-9354,
f_12.01.a,f_12.01.a,r0700,c0125,dp441567,42785,
f_12.01.a,f_12.01.a,r0710,c0010,dp441445,-94218,
f_12.01.a,f_12.01.a,r0710,c0030,dp441476,33425,
f_12.01.a,f_12.01.a,r0710,c0040,dp441490,-83512,
f_12.01.a,f_12.01.a,r0710,c0050,dp441504,-55054,
f_12.01.a,f_12.01.a,r0710,c0070,dp441518,-73537,
f_12.01.a,f_12.01.a,r0710,c0080,dp441532,87376,
f_12.01.a,f_12.01.a,r0710,c0090,dp441546,80371,
f_12.01.a,f_12.01.a,r0710,c0100,dp441444,-105149,
f_12.01.a,f_12.01.a,r0710,c0110,dp441462,56146,
f_12.01.a,f_12.01.a,r0710,c0120,dp441560,-73119,
f_12.01.a,f_12.01.a,r0710,c0125,dp441574,-167,
f_12.01.a,f_12.01.a,r0720,c0010,dp441441,-41066,
f_12.01.a,f_12.01.a,r0720,c0030,dp441474,44444,
f_12.01.a,f_12.01.a,r0720,c0040,dp441488,57258,
f_12.01.a,f_12.01.a,r0720,c0050,dp441502,-68755,
f_12.01.a,f_12.01.a,r0720,c0070,dp441516,-14332,
f_12.01.a,f_12.01.a,r0720,c0080,dp441530,39210,
f_12.01.a,f_12.01.a,r0720,c0090,dp441544,21523,
f_12.01.a,f_12.01.a,r0720,c0100,dp441440,38282,
f_12.01.a,f_12.01.a,r0720,c0110,dp441460,51136,
f_12.01.a,f_12.01.a,r0720,c0120,dp441558,-31701,
f_12.01.a,f_12.01.a,r0720,c0125,dp441572,-1766,
f_12.01.a,f_12.01.a,r0730,c0010,dp441437,95465,
f_12.01.a,f_12.01.a,r0730,c0030,dp441472,26604,
f_12.01.a,f_12.01.a,r0730,c0040,dp441486,31312,
f_12.01.a,f_12.01.a,r0730,c0050,dp441500,-99541,
f_12.01.a,f_12.01.a,r0730,c0070,dp441514,49351,
f_12.01.a,f_12.01.a,r0730,c0080,dp441528,63589,
f_12.01.a,f_12.01.a,r0730,c0090,dp441542,143505,
f_12.01.a,f_12.01.a,r0730,c0100,dp441436,310285,
f_12.01.a,f_12.01.a,r0730,c0110,dp441458,62256,
f_12.01.a,f_12.01.a,r0730,c0120,dp441556,-22684,
f_12.01.a,f_12.01.a,r0730,c0125,dp441570,-10307,
f_12.01.a,f_12.01.a,r0740,c0010,dp441645,56779,
f_12.01.a,f_12.01.a,r0740,c0030,dp441647,72756,
f_12.01.a,f_12.01.a,r0740,c0040,dp441648,-76464,
f_12.01.a,f_12.01.a,r0740,c0050,dp441649,-42513,
f_12.01.a,f_12.01.a,r0740,c0070,dp441650,44217,
f_12.01.a,f_12.01.a,r0740,c0080,dp441651,61071,
f_12.01.a,f_12.01.a,r0740,c0090,dp441652,-6048,
f_12.01.a,f_12.01.a,r0740,c0100,dp441644,109798,
f_12.01.a,f_12.01.a,r0740,c0110,dp441646,58559,
f_12.01.a,f_12.01.a,r0740,c0120,dp441653,-69516,
f_12.01.a,f_12.01.a,r0740,c0125,dp441654,-30544,
f_12.01.a,f_12.01.a,r0750,c0010,dp441656,80882,
f_12.01.a,f_12.01.a,r0750,c0030,dp441658,19594,
f_12.01.a,f_12.01.a,r0750,c0040,dp441659,5172,
f_12.01.a,f_12.01.a,r0750,c0050,dp441660,74552,
f_12.01.a,f_12.01.a,r0750,c0070,dp441661,-71637,
f_12.01.a,f_12.01.a,r0750,c0080,dp441662,11433,
f_12.01.a,f_12.01.a,r0750,c0090,dp441663,32648,
f_12.01.a,f_12.01.a,r0750,c0100,dp441655,152644,
f_12.01.a,f_12.01.a,r0750,c0110,dp441657,57050,
f_12.01.a,f_12.01.a,r0750,c0120,dp441664,-54176,
f_12.01.a,f_12.01.a,r0750,c0125,dp441665,-81250,
f_12.01.b,f_12.01.b,r0530,c0010,dp155349,66372,
f_12.01.b,f_12.01.b,r0530,c0020,dp155983,48762,
f_12.01.b,f_12.01.b,r0530,c0030,dp155988,-23193,
f_12.01.b,f_12.01.b,r0530,c0040,dp155993,60906,
f_12.01.b,f_12.01.b,r0530,c0050,dp155998,14348,
f_12.01.b,f_12.01.b,r0530,c0070,dp156003,1698,
f_12.01.b,f_12.01.b,r0530,c0080,dp156008,-53024,
f_12.01.b,f_12.01.b,r0530,c0090,dp156013,-83611,
f_12.01.b,f_12.01.b,r0530,c0100,dp155348,32258,
f_12.01.b,f_12.01.b,r0530,c0110,dp155808,10071,
f_12.01.b,f_12.01.b,r0530,c0120,dp156018,-46418,
f_12.01.b,f_12.01.b,r0540,c0010,dp155353,-9272,
f_12.01.b,f_12.01.b,r0540,c0020,dp155984,60485,
f_12.01.b,f_12.01.b,r0540,c0030,dp155989,-71839,
f_12.01.b,f_12.01.b,r0540,c0040,dp155994,-46753,
f_12.01.b,f_12.01.b,r0540,c0050,dp155999,36451,
f_12.01.b,f_12.01.b,r0540,c0070,dp156004,-83386,
f_12.01.b,f_12.01.b,r0540,c0080,dp156009,-84213,
f_12.01.b,f_12.01.b,r0540,c0090,dp156014,-54468,
f_12.01.b,f_12.01.b,r0540,c0100,dp155350,-252995,
f_12.01.b,f_12.01.b,r0540,c0110,dp155809,12875,
f_12.01.b,f_12.01.b,r0540,c0120,dp156019,-75023,
f_12.01.b,f_12.01.b,r0550,c0120,dp156020,-2983,
f_12.01.b,f_12.01.b,r0560,c0010,dp155355,31165,
f_12.01.b,f_12.01.b,r0560,c0020,dp155986,49578,
f_12.01.b,f_12.01.b,r0560,c0030,dp155991,-29380,
f_12.01.b,f_12.01.b,r0560,c0040,dp155996,-27319,
f_12.01.b,f_12.01.b,r0560,c0050,dp156001,-41980,
f_12.01.b,f_12.01.b,r0560,c0070,dp156006,-26598,
f_12.01.b,f_12.01.b,r0560,c0080,dp156011,-1671,
f_12.01.b,f_12.01.b,r0560,c0090,dp156016,-29897,
f_12.01.b,f_12.01.b,r0560,c0100,dp155354,-76102,
f_12.01.b,f_12.01.b,r0560,c0110,dp155811,38792,
f_12.01.b,f_12.01.b,r0560,c0120,dp156021,-54830,
f_12.01.b,f_12.01.b,r0565,c0010,dp454691,-81251,
f_12.01.b,f_12.01.b,r0565,c0020,dp457016,59914,
f_12.01.b,f_12.01.b,r0565,c0030,dp457017,-83479,
f_12.01.b,f_12.01.b,r0565,c0040,dp457018,88064,
f_12.01.b,f_12.01.b,r0565,c0050,dp457019,74462,
f_12.01.b,f_12.01.b,r0565,c0070,dp457020,59688,
f_12.01.b,f_12.01.b,r0565,c0080,dp457021,-23491,
f_12.01.b,f_12.01.b,r0565,c0090,dp457022,-31694,
f_12.01.b,f_12.01.b,r0565,c0100,dp454690,62213,
f_12.01.b,f_12.01.b,r0565,c0110,dp456707,27549,
f_12.01.b,f_12.01.b,r0565,c0120,dp457023,-63380,
f_12.01.b,f_12.01.b,r0570,c0010,dp155357,7014,
f_12.01.b,f_12.01.b,r0570,c0020,dp155987,218739,
f_12.01.b,f_12.01.b,r0570,c0030,dp155992,-207891,
f_12.01.b,f_12.01.b,r0570,c0040,dp155997,74898,
f_12.01.b,f_12.01.b,r0570,c0050,dp156002,83281,
f_12.01.b,f_12.01.b,r0570,c0070,dp156007,-48598,
f_12.01.b,f_12.01.b,r0570,c0080,dp156012,-162399,
f_12.01.b,f_12.01.b,r0570,c0090,dp156017,-199670,
f_12.01.b,f_12.01.b,r0570,c0100,dp155356,-234626,
f_12.01.b,f_12.01.b,r0570,c0110,dp155812,89287,
f_12.01.b,f_12.01.b,r0570,c0120,dp156022,-239651,
f_12.02,f_12.02,r0010,c0010,dp155765,224435,
f_12.02,f_12.02,r0010,c0020,dp155769,389815,
f_12.02,f_12.02,r0010,c0030,dp155768,272902,
f_12.02,f_12.02,r0010,c0040,dp155766,116386,
f_12.02,f_12.02,r0010,c0050,dp155767,279521,
f_12.02,f_12.02,r0010,c0060,dp155770,172147,
f_12.02,f_12.02,r0020,c0010,dp155699,30301,
f_12.02,f_12.02,r0020,c0020,dp155703,84922,
f_12.02,f_12.02,r0020,c0030,dp155702,91749,
f_12.02,f_12.02,r0020,c0040,dp155700,32039,
f_12.02,f_12.02,r0020,c0050,dp155701,70158,
f_12.02,f_12.02,r0020,c0060,dp155704,29786,
f_12.02,f_12.02,r0030,c0010,dp155723,50881,
f_12.02,f_12.02,r0030,c0020,dp155727,95670,
f_12.02,f_12.02,r0030,c0030,dp155726,69351,
f_12.02,f_12.02,r0030,c0040,dp155724,26113,
f_12.02,f_12.02,r0030,c0050,dp155725,96129,
f_12.02,f_12.02,r0030,c0060,dp155728,49900,
f_12.02,f_12.02,r0040,c0010,dp155711,21369,
f_12.02,f_12.02,r0040,c0020,dp155715,97927,
f_12.02,f_12.02,r0040,c0030,dp155714,50350,
f_12.02,f_12.02,r0040,c0040,dp155712,34183,
f_12.02,f_12.02,r0040,c0050,dp155713,35908,
f_12.02,f_12.02,r0040,c0060,dp155716,13268,
f_12.02,f_12.02,r0050,c0010,dp155753,46435,
f_12.02,f_12.02,r0050,c0020,dp155757,65617,
f_12.02,f_12.02,r0050,c0030,dp155756,22429,
f_12.02,f_12.02,r0050,c0040,dp155754,8576,
f_12.02,f_12.02,r0050,c0050,dp155755,48510,
f_12.02,f_12.02,r0050,c0060,dp155758,60854,
f_12.02,f_12.02,r0060,c0010,dp155741,75449,
f_12.02,f_12.02,r0060,c0020,dp155745,45679,
f_12.02,f_12.02,r0060,c0030,dp155744,39023,
f_12.02,f_12.02,r0060,c0040,dp155742,15475,
f_12.02,f_12.02,r0060,c0050,dp155743,28816,
f_12.02,f_12.02,r0060,c0060,dp155746,18339,
f_12.02,f_12.02,r0070,c0010,dp155771,236652,
f_12.02,f_12.02,r0070,c0020,dp155775,226739,
f_12.02,f_12.02,r0070,c0030,dp155774,141795,
f_12.02,f_12.02,r0070,c0040,dp155772,355142,
f_12.02,f_12.02,r0070,c0050,dp155773,178947,
f_12.02,f_12.02,r0070,c0060,dp155776,238446,
f_12.02,f_12.02,r0080,c0010,dp155705,63811,
f_12.02,f_12.02,r0080,c0020,dp155709,20776,
f_12.02,f_12.02,r0080,c0030,dp155708,27937,
f_12.02,f_12.02,r0080,c0040,dp155706,97675,
f_12.02,f_12.02,r0080,c0050,dp155707,18383,
f_12.02,f_12.02,r0080,c0060,dp155710,22010,
f_12.02,f_12.02,r0090,c0010,dp155729,13069,
f_12.02,f_12.02,r0090,c0020,dp155733,69267,
f_12.02,f_12.02,r0090,c0030,dp155732,14100,
f_12.02,f_12.02,r0090,c0040,dp155730,57214,
f_12.02,f_12.02,r0090,c0050,dp155731,8157,
f_12.02,f_12.02,r0090,c0060,dp155734,23715,
f_12.02,f_12.02,r0100,c0010,dp155717,42282,
f_12.02,f_12.02,r0100,c0020,dp155721,48873,
f_12.02,f_12.02,r0100,c0030,dp155720,25827,
f_12.02,f_12.02,r0100,c0040,dp155718,68086,
f_12.02,f_12.02,r0100,c0050,dp155719,37275,
f_12.02,f_12.02,r0100,c0060,dp155722,54453,
f_12.02,f_12.02,r0110,c0010,dp155759,21292,
f_12.02,f_12.02,r0110,c0020,dp155763,18899,
f_12.02,f_12.02,r0110,c0030,dp155762,29771,
f_12.02,f_12.02,r0110,c0040,dp155760,35764,
f_12.02,f_12.02,r0110,c0050,dp155761,63894,
f_12.02,f_12.02,r0110,c0060,dp155764,177,
f_12.02,f_12.02,r0120,c0010,dp155747,22910,
f_12.02,f_12.02,r0120,c0020,dp155751,23941,
f_12.02,f_12.02,r0120,c0030,dp155750,36825,
f_12.02,f_12.02,r0120,c0040,dp155748,35040,
f_12.02,f_12.02,r0120,c0050,dp155749,50511,
f_12.02,f_12.02,r0120,c0060,dp155752,83490,
f_12.02,f_12.02,r0130,c0010,dp155735,73288,
f_12.02,f_12.02,r0130,c0020,dp155739,44983,
f_12.02,f_12.02,r0130,c0030,dp155738,7335,
f_12.02,f_12.02,r0130,c0040,dp155736,61363,
f_12.02,f_12.02,r0130,c0050,dp155737,727,
f_12.02,f_12.02,r0130,c0060,dp155740,54601,
f_12.02,f_12.02,r0140,c0010,dp155777,461087,
f_12.02,f_12.02,r0140,c0020,dp155781,616554,
f_12.02,f_12.02,r0140,c0030,dp155780,414697,
f_12.02,f_12.02,r0140,c0040,dp155778,471528,
f_12.02,f_12.02,r0140,c0050,dp155779,458468,
f_12.02,f_12.02,r0140,c0060,dp155782,410593,
f_12.02,f_12.02,r0150,c0010,dp155951,8871,
f_12.02,f_12.02,r0150,c0020,dp155955,97236,
f_12.02,f_12.02,r0150,c0030,dp155954,71336,
f_12.02,f_12.02,r0150,c0040,dp155952,56451,
f_12.02,f_12.02,r0150,c0050,dp155953,80236,
f_12.02,f_12.02,r0150,c0060,dp155956,26701,
f_13.01,f_13.01,r0010,c0010,dp67822,0,
f_13.01,f_13.01,r0010,c0020,dp67821,0,
f_13.01,f_13.01,r0010,c0030,dp67819,0,
f_13.01,f_13.01,r0010,c0050,dp67820,0,
f_13.02.1.a,f_13.02.1.a,r0010,c0010,dp429253,0,
f_13.03.1.a,f_13.03.1.a,r0010,c0010,dp429255,0,
f_14.00,f_14.00,r0010,c0010,dp11120,0,
f_15.00.a,f_15.00.a,r0010,c0010,dp66922,170237,
f_15.00.a,f_15.00.a,r0010,c0020,dp66923,115002,
f_15.00.a,f_15.00.a,r0010,c0030,dp66924,137108,
f_15.00.a,f_15.00.a,r0010,c0070,dp67162,129696,
f_15.00.a,f_15.00.a,r0010,c0080,dp66883,180214,
f_15.00.a,f_15.00.a,r0010,c0110,dp67127,91487,
f_15.00.a,f_15.00.a,r0020,c0010,dp66919,48588,
f_15.00.a,f_15.00.a,r0020,c0020,dp66920,68168,
f_15.00.a,f_15.00.a,r0020,c0030,dp66921,40910,
f_15.00.a,f_15.00.a,r0020,c0070,dp67161,56622,
f_15.00.a,f_15.00.a,r0020,c0080,dp66882,18454,
f_15.00.a,f_15.00.a,r0030,c0010,dp66916,40177,
f_15.00.a,f_15.00.a,r0030,c0020,dp66917,25529,
f_15.00.a,f_15.00.a,r0030,c0030,dp66918,47813,
f_15.00.a,f_15.00.a,r0030,c0070,dp67160,43317,
f_15.00.a,f_15.00.a,r0030,c0080,dp66881,99505,
f_15.00.a,f_15.00.a,r0030,c0110,dp67126,10798,
f_15.00.a,f_15.00.a,r0040,c0010,dp66925,81472,
f_15.00.a,f_15.00.a,r0040,c0020,dp66926,21305,
f_15.00.a,f_15.00.a,r0040,c0030,dp66927,48385,
f_15.00.a,f_15.00.a,r0040,c0070,dp67163,29757,
f_15.00.a,f_15.00.a,r0040,c0080,dp66884,62255,
f_15.00.a,f_15.00.a,r0040,c0110,dp67128,80689,
f_15.00.a,f_15.00.a,r0045,c0010,dp149702,127087,
f_15.00.a,f_15.00.a,r0045,c0020,dp149703,195431,
f_15.00.a,f_15.00.a,r0045,c0030,dp149704,237786,
f_15.00.a,f_15.00.a,r0045,c0070,dp149776,164051,
f_15.00.a,f_15.00.a,r0045,c0080,dp149772,131840,
f_15.00.a,f_15.00.a,r0045,c0110,dp149694,108295,
f_15.00.a,f_15.00.a,r0046,c0010,dp149699,65026,
f_15.00.a,f_15.00.a,r0046,c0020,dp149700,26520,
f_15.00.a,f_15.00.a,r0046,c0030,dp149701,92085,
f_15.00.a,f_15.00.a,r0046,c0070,dp149775,95219,
f_15.00.a,f_15.00.a,r0046,c0080,dp149771,64267,
f_15.00.a,f_15.00.a,r0047,c0010,dp149696,11848,
f_15.00.a,f_15.00.a,r0047,c0020,dp149697,71053,
f_15.00.a,f_15.00.a,r0047,c0030,dp149698,74624,
f_15.00.a,f_15.00.a,r0047,c0070,dp149774,56075,
f_15.00.a,f_15.00.a,r0047,c0080,dp149770,18131,
f_15.00.a,f_15.00.a,r0047,c0110,dp149693,31782,
f_15.00.a,f_15.00.a,r0048,c0010,dp149705,50213,
f_15.00.a,f_15.00.a,r0048,c0020,dp149706,97858,
f_15.00.a,f_15.00.a,r0048,c0030,dp149707,71077,
f_15.00.a,f_15.00.a,r0048,c0070,dp149777,12757,
f_15.00.a,f_15.00.a,r0048,c0080,dp149773,49442,
f_15.00.a,f_15.00.a,r0048,c0110,dp149695,76513,
f_15.00.a,f_15.00.a,r0050,c0010,dp66910,145395,
f_15.00.a,f_15.00.a,r0050,c0020,dp66911,101368,
f_15.00.a,f_15.00.a,r0050,c0030,dp66912,66459,
f_15.00.a,f_15.00.a,r0050,c0070,dp67158,152983,
f_15.00.a,f_15.00.a,r0050,c0080,dp66879,127776,
f_15.00.a,f_15.00.a,r0050,c0110,dp67124,170691,
f_15.00.a,f_15.00.a,r0070,c0010,dp66904,70327,
f_15.00.a,f_15.00.a,r0070,c0020,dp66905,56010,
f_15.00.a,f_15.00.a,r0070,c0030,dp66906,27957,
f_15.00.a,f_15.00.a,r0070,c0070,dp67156,82484,
f_15.00.a,f_15.00.a,r0070,c0080,dp66877,92968,
f_15.00.a,f_15.00.a,r0070,c0110,dp67123,94381,
f_15.00.a,f_15.00.a,r0080,c0010,dp66913,75068,
f_15.00.a,f_15.00.a,r0080,c0020,dp66914,45358,
f_15.00.a,f_15.00.a,r0080,c0030,dp66915,38502,
f_15.00.a,f_15.00.a,r0080,c0070,dp67159,70499,
f_15.00.a,f_15.00.a,r0080,c0080,dp66880,34808,
f_15.00.a,f_15.00.a,r0080,c0110,dp67125,76310,
f_15.00.a,f_15.00.a,r0091,c0010,dp149717,247077,
f_15.00.a,f_15.00.a,r0091,c0020,dp149718,163595,
f_15.00.a,f_15.00.a,r0091,c0030,dp149719,239724,
f_15.00.a,f_15.00.a,r0091,c0070,dp149784,90409,
f_15.00.a,f_15.00.a,r0091,c0080,dp149780,209120,
f_15.00.a,f_15.00.a,r0091,c0110,dp149709,140965,
f_15.00.a,f_15.00.a,r0092,c0010,dp149714,81079,
f_15.00.a,f_15.00.a,r0092,c0020,dp149715,28784,
f_15.00.a,f_15.00.a,r0092,c0030,dp149716,99519,
f_15.00.a,f_15.00.a,r0092,c0070,dp149783,45784,
f_15.00.a,f_15.00.a,r0092,c0080,dp149779,96654,
f_15.00.a,f_15.00.a,r0093,c0010,dp149711,89840,
f_15.00.a,f_15.00.a,r0093,c0020,dp149712,77847,
f_15.00.a,f_15.00.a,r0093,c0030,dp149713,82581,
f_15.00.a,f_15.00.a,r0093,c0070,dp149782,31391,
f_15.00.a,f_15.00.a,r0093,c0080,dp149778,39202,
f_15.00.a,f_15.00.a,r0093,c0110,dp149708,61470,
f_15.00.a,f_15.00.a,r0094,c0010,dp149720,76158,
f_15.00.a,f_15.00.a,r0094,c0020,dp149721,56964,
f_15.00.a,f_15.00.a,r0094,c0030,dp149722,57624,
f_15.00.a,f_15.00.a,r0094,c0070,dp149785,13234,
f_15.00.a,f_15.00.a,r0094,c0080,dp149781,73264,
f_15.00.a,f_15.00.a,r0094,c0110,dp149710,79495,
f_15.00.a,f_15.00.a,r0131,c0010,dp149687,29815,
f_15.00.a,f_15.00.a,r0131,c0020,dp149688,98660,
f_15.00.a,f_15.00.a,r0131,c0030,dp149689,64808,
f_15.00.a,f_15.00.a,r0131,c0070,dp149768,64367,
f_15.00.a,f_15.00.a,r0131,c0080,dp149765,110259,
f_15.00.a,f_15.00.a,r0131,c0110,dp149682,122753,
f_15.00.a,f_15.00.a,r0132,c0010,dp149684,18318,
f_15.00.a,f_15.00.a,r0132,c0020,dp149685,86081,
f_15.00.a,f_15.00.a,r0132,c0030,dp149686,12099,
f_15.00.a,f_15.00.a,r0132,c0070,dp149767,35671,
f_15.00.a,f_15.00.a,r0132,c0080,dp149764,79127,
f_15.00.a,f_15.00.a,r0132,c0110,dp149681,73047,
f_15.00.a,f_15.00.a,r0133,c0010,dp149690,11497,
f_15.00.a,f_15.00.a,r0133,c0020,dp149691,12579,
f_15.00.a,f_15.00.a,r0133,c0030,dp149692,52709,
f_15.00.a,f_15.00.a,r0133,c0070,dp149769,28696,
f_15.00.a,f_15.00.a,r0133,c0080,dp149766,31132,
f_15.00.a,f_15.00.a,r0133,c0110,dp149683,49706,
f_15.00.a,f_15.00.a,r0190,c0010,dp67003,719611,
f_15.00.a,f_15.00.a,r0190,c0020,dp67004,674056,
f_15.00.a,f_15.00.a,r0190,c0030,dp67005,745885,
f_15.00.a,f_15.00.a,r0190,c0070,dp67189,601506,
f_15.00.a,f_15.00.a,r0190,c0080,dp66891,759209,
f_15.00.a,f_15.00.a,r0190,c0100,dp67151,32455,
f_15.00.a,f_15.00.a,r0190,c0110,dp67150,634191,
f_15.00.b,f_15.00.b,r0010,c0040,dp67072,191016,
f_15.00.b,f_15.00.b,r0010,c0050,dp67073,129850,
f_15.00.b,f_15.00.b,r0010,c0060,dp67074,204867,
f_15.00.b,f_15.00.b,r0010,c0090,dp67182,194810,
f_15.00.b,f_15.00.b,r0020,c0040,dp67051,28299,
f_15.00.b,f_15.00.b,r0020,c0050,dp67052,64174,
f_15.00.b,f_15.00.b,r0020,c0060,dp67053,77737,
f_15.00.b,f_15.00.b,r0020,c0090,dp67179,59164,
f_15.00.b,f_15.00.b,r0030,c0040,dp67012,80968,
f_15.00.b,f_15.00.b,r0030,c0050,dp67013,18014,
f_15.00.b,f_15.00.b,r0030,c0060,dp67014,46137,
f_15.00.b,f_15.00.b,r0030,c0090,dp67172,83767,
f_15.00.b,f_15.00.b,r0040,c0040,dp67093,81749,
f_15.00.b,f_15.00.b,r0040,c0050,dp67094,47662,
f_15.00.b,f_15.00.b,r0040,c0060,dp67095,80993,
f_15.00.b,f_15.00.b,r0040,c0090,dp67185,51879,
f_15.00.b,f_15.00.b,r0045,c0040,dp149748,149974,
f_15.00.b,f_15.00.b,r0045,c0050,dp149749,152649,
f_15.00.b,f_15.00.b,r0045,c0060,dp149750,48470,
f_15.00.b,f_15.00.b,r0045,c0090,dp149792,217596,
f_15.00.b,f_15.00.b,r0046,c0040,dp149739,66620,
f_15.00.b,f_15.00.b,r0046,c0050,dp149740,76393,
f_15.00.b,f_15.00.b,r0046,c0060,dp149741,33677,
f_15.00.b,f_15.00.b,r0046,c0090,dp149790,70357,
f_15.00.b,f_15.00.b,r0047,c0040,dp149727,38431,
f_15.00.b,f_15.00.b,r0047,c0050,dp149728,35709,
f_15.00.b,f_15.00.b,r0047,c0060,dp149729,8905,
f_15.00.b,f_15.00.b,r0047,c0090,dp149787,80124,
f_15.00.b,f_15.00.b,r0048,c0040,dp149757,44923,
f_15.00.b,f_15.00.b,r0048,c0050,dp149758,40547,
f_15.00.b,f_15.00.b,r0048,c0060,dp149759,5888,
f_15.00.b,f_15.00.b,r0048,c0090,dp149795,67115,
f_15.00.b,f_15.00.b,r0050,c0040,dp67069,43185,
f_15.00.b,f_15.00.b,r0050,c0050,dp67070,97607,
f_15.00.b,f_15.00.b,r0050,c0060,dp67071,151622,
f_15.00.b,f_15.00.b,r0050,c0090,dp67181,103078,
f_15.00.b,f_15.00.b,r0070,c0040,dp67009,34275,
f_15.00.b,f_15.00.b,r0070,c0050,dp67010,38795,
f_15.00.b,f_15.00.b,r0070,c0060,dp67011,90714,
f_15.00.b,f_15.00.b,r0070,c0090,dp67171,63525,
f_15.00.b,f_15.00.b,r0080,c0040,dp67090,8910,
f_15.00.b,f_15.00.b,r0080,c0050,dp67091,58812,
f_15.00.b,f_15.00.b,r0080,c0060,dp67092,60908,
f_15.00.b,f_15.00.b,r0080,c0090,dp67184,39553,
f_15.00.b,f_15.00.b,r0091,c0040,dp149751,96620,
f_15.00.b,f_15.00.b,r0091,c0050,dp149752,188311,
f_15.00.b,f_15.00.b,r0091,c0060,dp149753,165333,
f_15.00.b,f_15.00.b,r0091,c0090,dp149793,150824,
f_15.00.b,f_15.00.b,r0092,c0040,dp149742,70093,
f_15.00.b,f_15.00.b,r0092,c0050,dp149743,63698,
f_15.00.b,f_15.00.b,r0092,c0060,dp149744,91149,
f_15.00.b,f_15.00.b,r0092,c0090,dp149791,72633,
f_15.00.b,f_15.00.b,r0093,c0040,dp149730,23284,
f_15.00.b,f_15.00.b,r0093,c0050,dp149731,57146,
f_15.00.b,f_15.00.b,r0093,c0060,dp149732,26362,
f_15.00.b,f_15.00.b,r0093,c0090,dp149788,24445,
f_15.00.b,f_15.00.b,r0094,c0040,dp149760,3243,
f_15.00.b,f_15.00.b,r0094,c0050,dp149761,67467,
f_15.00.b,f_15.00.b,r0094,c0060,dp149762,47822,
f_15.00.b,f_15.00.b,r0094,c0090,dp149796,53746,
f_15.00.b,f_15.00.b,r0131,c0040,dp149733,59266,
f_15.00.b,f_15.00.b,r0131,c0050,dp149734,67538,
f_15.00.b,f_15.00.b,r0131,c0060,dp149735,100564,
f_15.00.b,f_15.00.b,r0131,c0090,dp149789,48097,
f_15.00.b,f_15.00.b,r0132,c0040,dp149724,4848,
f_15.00.b,f_15.00.b,r0132,c0050,dp149725,43370,
f_15.00.b,f_15.00.b,r0132,c0060,dp149726,31149,
f_15.00.b,f_15.00.b,r0132,c0090,dp149786,20402,
f_15.00.b,f_15.00.b,r0133,c0040,dp149754,54418,
f_15.00.b,f_15.00.b,r0133,c0050,dp149755,24168,
f_15.00.b,f_15.00.b,r0133,c0060,dp149756,69415,
f_15.00.b,f_15.00.b,r0133,c0090,dp149794,27695,
f_15.00.b,f_15.00.b,r0190,c0040,dp67117,540061,
f_15.00.b,f_15.00.b,r0190,c0050,dp67118,635955,
f_15.00.b,f_15.00.b,r0190,c0060,dp67119,670856,
f_15.00.b,f_15.00.b,r0190,c0090,dp67188,714405,
f_16.02,f_16.02,r0020,c0010,dp10745,45354,
f_16.02,f_16.02,r0030,c0010,dp10749,23432,
f_16.02,f_16.02,r0040,c0010,dp10747,352,
f_16.02,f_16.02,r0050,c0010,dp10746,44,
f_16.02,f_16.02,r0060,c0010,dp10750,4534,
f_16.02,f_16.02,r0070,c0010,dp10744,73716,
f_16.04.1,f_16.04.1,r0020,c0010,dp152745,87979,
f_16.04.1,f_16.04.1,r0030,c0010,dp152744,898,
f_16.04.1,f_16.04.1,r0040,c0010,dp152747,998,
f_16.04.1,f_16.04.1,r0090,c0010,dp152746,89875,
f_16.04.1,f_16.04.1,r0100,c0010,dp152748,2134,
f_16.05,f_16.05,r0020,c0010,dp10982,6578,
f_16.05,f_16.05,r0020,c0020,dp67308,6785,
f_16.05,f_16.05,r0030,c0010,dp10985,4566,
f_16.05,f_16.05,r0030,c0020,dp67311,5654,
f_16.05,f_16.05,r0040,c0010,dp11253,34345,
f_16.05,f_16.05,r0040,c0020,dp67323,3456,
f_16.05,f_16.05,r0050,c0010,dp11252,345,
f_16.05,f_16.05,r0050,c0020,dp67322,36,
f_16.05,f_16.05,r0060,c0010,dp11255,578,
f_16.05,f_16.05,r0060,c0020,dp67326,979,
f_16.05,f_16.05,r0070,c0010,dp56328,46412,
f_16.05,f_16.05,r0071,c0010,dp151196,344,
f_16.05,f_16.05,r0072,c0010,dp151197,7657,
f_16.06,f_16.06,r0010,c0010,dp33939,565,
f_16.06,f_16.06,r0020,c0010,dp33938,3432,
f_16.06,f_16.06,r0030,c0010,dp33940,345345,
f_16.06,f_16.06,r0040,c0010,dp33941,234,
f_16.06,f_16.06,r0050,c0010,dp33937,349576,
f_16.07.a,f_16.07.a,r0060,c0010,dp11796,70261,
f_16.07.a,f_16.07.a,r0060,c0020,dp11818,-163095,
f_16.07.a,f_16.07.a,r0070,c0010,dp11799,30658,
f_16.07.a,f_16.07.a,r0070,c0020,dp11821,-72054,
f_16.07.a,f_16.07.a,r0080,c0010,dp11798,5310,
f_16.07.a,f_16.07.a,r0080,c0020,dp11820,-39167,
f_16.07.a,f_16.07.a,r0090,c0010,dp11797,34293,
f_16.07.a,f_16.07.a,r0090,c0020,dp11819,-51874,
f_16.07.a,f_16.07.a,r0100,c0010,dp31899,259255,
f_16.07.a,f_16.07.a,r0100,c0020,dp37972,-194233,
f_16.07.a,f_16.07.a,r0110,c0010,dp11921,7133,
f_16.07.a,f_16.07.a,r0110,c0020,dp11929,-78901,
f_16.07.a,f_16.07.a,r0120,c0010,dp11775,33358,
f_16.07.a,f_16.07.a,r0120,c0020,dp11783,-31881,
f_16.07.a,f_16.07.a,r0130,c0010,dp31900,60486,
f_16.07.a,f_16.07.a,r0140,c0010,dp11913,76901,
f_16.07.a,f_16.07.a,r0140,c0020,dp11917,-16621,
f_16.07.a,f_16.07.a,r0145,c0010,dp112250,81377,
f_16.07.a,f_16.07.a,r0145,c0020,dp112301,-66830,
f_16.07.a,f_16.07.a,r0150,c0010,dp31901,329516,
f_16.07.a,f_16.07.a,r0150,c0020,dp37973,-357328,
f_16.07.b,f_16.07.b,r0060,c0040,dp11791,-74979,
f_16.07.b,f_16.07.b,r0070,c0040,dp11794,-16340,
f_16.07.b,f_16.07.b,r0080,c0040,dp11793,-20882,
f_16.07.b,f_16.07.b,r0090,c0040,dp11792,-37757,
f_16.07.b,f_16.07.b,r0100,c0040,dp31895,-339324,
f_16.07.b,f_16.07.b,r0110,c0040,dp11920,-58354,
f_16.07.b,f_16.07.b,r0120,c0040,dp11774,-88450,
f_16.07.b,f_16.07.b,r0130,c0040,dp31896,-32370,
f_16.07.b,f_16.07.b,r0140,c0040,dp11912,-91445,
f_16.07.b,f_16.07.b,r0145,c0040,dp112249,-68705,
f_16.07.b,f_16.07.b,r0150,c0040,dp31894,-414303,
f_16.08,f_16.08,r0010,c0010,dp433761,66512,
f_16.08,f_16.08,r0020,c0010,dp433762,12662,
f_16.08,f_16.08,r0030,c0010,dp433763,53850,
f_16.08,f_16.08,r0040,c0010,dp433764,94925,
f_16.08,f_16.08,r0050,c0010,dp433765,45023,
f_16.08,f_16.08,r0060,c0010,dp433766,55,
f_16.08,f_16.08,r0070,c0010,dp433767,15999,
f_16.08,f_16.08,r0080,c0010,dp433768,37446,
f_16.08,f_16.08,r0090,c0010,dp433769,87809,
f_16.08,f_16.08,r0100,c0010,dp433770,78616,
f_16.08,f_16.08,r0110,c0010,dp433771,21597,
f_16.08,f_16.08,r0120,c0010,dp33817,447982,
f_17.01,f_17.01,r0010,c0010,dp10899,145078,
f_17.01,f_17.01,r0020,c0010,dp32359,87074,
f_17.01,f_17.01,r0030,c0010,dp32238,39279,
f_17.01,f_17.01,r0040,c0010,dp32245,18725,
f_17.01,f_17.01,r0050,c0010,dp11111,134307,
f_17.01,f_17.01,r0060,c0010,dp11109,24599,
f_17.01,f_17.01,r0070,c0010,dp11113,8704,
f_17.01,f_17.01,r0080,c0010,dp11107,41466,
f_17.01,f_17.01,r0090,c0010,dp11115,59538,
f_17.01,f_17.01,r0096,c0010,dp152737,21784,
f_17.01,f_17.01,r0097,c0010,dp152735,119,
f_17.01,f_17.01,r0098,c0010,dp152733,2412,
f_17.01,f_17.01,r0099,c0010,dp152739,19253,
f_17.01,f_17.01,r0100,c0010,dp10977,140693,
f_17.01,f_17.01,r0120,c0010,dp10973,69194,
f_17.01,f_17.01,r0130,c0010,dp10979,71499,
f_17.01,f_17.01,r0141,c0010,dp152878,196504,
f_17.01,f_17.01,r0142,c0010,dp152876,89082,
f_17.01,f_17.01,r0143,c0010,dp152874,14157,
f_17.01,f_17.01,r0144,c0010,dp152880,93265,
f_17.01,f_17.01,r0181,c0010,dp152252,82973,
f_17.01,f_17.01,r0182,c0010,dp152248,41795,
f_17.01,f_17.01,r0183,c0010,dp152254,41178,
f_17.01,f_17.01,r0240,c0010,dp11479,19323,
f_17.01,f_17.01,r0250,c0010,dp32403,87358,
f_17.01,f_17.01,r0260,c0010,dp11803,78628,
f_17.01,f_17.01,r0270,c0010,dp32424,60776,
f_17.01,f_17.01,r0280,c0010,dp32421,80034,
f_17.01,f_17.01,r0290,c0010,dp32407,188361,
f_17.01,f_17.01,r0300,c0010,dp32405,95845,
f_17.01,f_17.01,r0310,c0010,dp32409,92516,
f_17.01,f_17.01,r0320,c0010,dp32423,70302,
f_17.01,f_17.01,r0330,c0010,dp32361,52092,
f_17.01,f_17.01,r0340,c0010,dp32374,18210,
f_17.01,f_17.01,r0350,c0010,dp32357,80172,
f_17.01,f_17.01,r0360,c0010,dp10904,27939,
f_17.01,f_17.01,r0370,c0010,dp32355,1414232,
f_17.02,f_17.02,r0040,c0010,dp39726,0,
f_17.03,f_17.03,r0010,c0010,dp11346,1608671,
f_17.03,f_17.03,r0020,c0010,dp11344,142080,
f_17.03,f_17.03,r0030,c0010,dp11350,438198,
f_17.03,f_17.03,r0040,c0010,dp11342,423306,
f_17.03,f_17.03,r0050,c0010,dp11333,367163,
f_17.03,f_17.03,r0060,c0010,dp11348,237924,
f_17.03,f_17.03,r0070,c0010,dp11248,687885,
f_17.03,f_17.03,r0080,c0010,dp11244,97312,
f_17.03,f_17.03,r0090,c0010,dp11234,150612,
f_17.03,f_17.03,r0100,c0010,dp11250,439961,
f_17.03,f_17.03,r0110,c0010,dp11452,624824,
f_17.03,f_17.03,r0120,c0010,dp11448,153119,
f_17.03,f_17.03,r0130,c0010,dp11438,68566,
f_17.03,f_17.03,r0140,c0010,dp11454,403139,
f_17.03,f_17.03,r0150,c0010,dp11486,13312,
f_17.03,f_17.03,r0160,c0010,dp32630,177429,
f_17.03,f_17.03,r0170,c0010,dp32653,144556,
f_17.03,f_17.03,r0180,c0010,dp32635,1308444,
f_17.03,f_17.03,r0190,c0010,dp32652,133873,
f_17.03,f_17.03,r0200,c0010,dp32595,3510,
f_17.03,f_17.03,r0210,c0010,dp32605,130363,
f_17.03,f_17.03,r0220,c0010,dp32649,301368,
f_17.03,f_17.03,r0230,c0010,dp32632,22539,
f_17.03,f_17.03,r0240,c0010,dp10908,323680,
f_17.03,f_17.03,r0250,c0010,dp32593,5346581,
f_17.03,f_17.03,r0260,c0010,dp32441,756486,
f_17.03,f_17.03,r0270,c0010,dp32463,104276,
f_17.03,f_17.03,r0280,c0010,dp32445,420791,
f_17.03,f_17.03,r0290,c0010,dp32447,267728,
f_17.03,f_17.03,r0300,c0010,dp32430,2124426,
f_17.03,f_17.03,r0310,c0010,dp32459,493519,
f_17.03,f_17.03,r0320,c0010,dp32461,112509,
f_17.03,f_17.03,r0330,c0010,dp32451,271117,
f_17.03,f_17.03,r0340,c0010,dp32455,-4638764,
f_17.03,f_17.03,r0350,c0010,dp32457,303272,
f_17.03,f_17.03,r0360,c0010,dp32449,-1000000,
f_17.03,f_17.03,r0370,c0010,dp32427,-767666,
f_17.03,f_17.03,r0380,c0010,dp32465,-1552306,
f_17.03,f_17.03,r0390,c0010,dp32655,3794275,
f_18.00.a,f_18.00.a,r0180,c0020,dp110277,0,
f_18.00.a,f_18.00.a,r0180,c0060,dp110275,0,
f_18.00.a,f_18.00.a,r0330,c0010,dp110886,0,
f_18.00.a,f_18.00.a,r0330,c0020,dp110889,0,
f_18.00.a,f_18.00.a,r0330,c0060,dp110887,0,
f_18.00.b,f_18.00.b,r0330,c0130,dp110899,0,
f_18.01,f_18.01,r0010,c0010,dp432792,0,
f_18.02.a,f_18.02.a,r0010,c0010,dp431736,0,
f_19.00.a,f_19.00.a,r0330,c0010,dp110871,0,
f_20.01,f_20.01,r0010,c0010,dp10896,117086,
f_20.01,f_20.01,r0010,c0020,dp10897,167907,
f_20.01,f_20.01,r0020,c0010,dp32342,45944,
f_20.01,f_20.01,r0020,c0020,dp32349,29594,
f_20.01,f_20.01,r0030,c0010,dp32230,61530,
f_20.01,f_20.01,r0030,c0020,dp32231,60214,
f_20.01,f_20.01,r0040,c0010,dp32242,9612,
f_20.01,f_20.01,r0040,c0020,dp32243,78099,
f_20.01,f_20.01,r0050,c0010,dp11098,214152,
f_20.01,f_20.01,r0050,c0020,dp11103,48675,
f_20.01,f_20.01,r0060,c0010,dp11097,64689,
f_20.01,f_20.01,r0060,c0020,dp11102,14616,
f_20.01,f_20.01,r0070,c0010,dp11099,26559,
f_20.01,f_20.01,r0070,c0020,dp11104,3666,
f_20.01,f_20.01,r0080,c0010,dp11096,62542,
f_20.01,f_20.01,r0080,c0020,dp11101,29746,
f_20.01,f_20.01,r0090,c0010,dp11100,60362,
f_20.01,f_20.01,r0090,c0020,dp11105,647,
f_20.01,f_20.01,r0096,c0010,dp152723,39215,
f_20.01,f_20.01,r0096,c0020,dp152727,26620,
f_20.01,f_20.01,r0097,c0010,dp152722,32498,
f_20.01,f_20.01,r0097,c0020,dp152726,512,
f_20.01,f_20.01,r0098,c0010,dp152721,1891,
f_20.01,f_20.01,r0098,c0020,dp152725,2217,
f_20.01,f_20.01,r0099,c0010,dp152724,4826,
f_20.01,f_20.01,r0099,c0020,dp152728,23891,
f_20.01,f_20.01,r0100,c0010,dp10966,149857,
f_20.01,f_20.01,r0100,c0020,dp10970,93814,
f_20.01,f_20.01,r0120,c0010,dp10964,62762,
f_20.01,f_20.01,r0120,c0020,dp10968,27708,
f_20.01,f_20.01,r0130,c0010,dp10967,87095,
f_20.01,f_20.01,r0130,c0020,dp10971,66106,
f_20.01,f_20.01,r0141,c0010,dp152852,64056,
f_20.01,f_20.01,r0141,c0020,dp152856,61128,
f_20.01,f_20.01,r0142,c0010,dp152851,13368,
f_20.01,f_20.01,r0142,c0020,dp152855,40904,
f_20.01,f_20.01,r0143,c0010,dp152850,31221,
f_20.01,f_20.01,r0143,c0020,dp152854,18957,
f_20.01,f_20.01,r0144,c0010,dp152853,19467,
f_20.01,f_20.01,r0144,c0020,dp152857,1267,
f_20.01,f_20.01,r0181,c0010,dp152227,76650,
f_20.01,f_20.01,r0181,c0020,dp152230,64477,
f_20.01,f_20.01,r0182,c0010,dp152226,59569,
f_20.01,f_20.01,r0182,c0020,dp152229,34202,
f_20.01,f_20.01,r0183,c0010,dp152228,17081,
f_20.01,f_20.01,r0183,c0020,dp152231,30275,
f_20.01,f_20.01,r0240,c0010,dp11476,16822,
f_20.01,f_20.01,r0240,c0020,dp11477,67561,
f_20.01,f_20.01,r0250,c0010,dp32343,59089,
f_20.01,f_20.01,r0250,c0020,dp32350,39564,
f_20.01,f_20.01,r0260,c0010,dp32345,34841,
f_20.01,f_20.01,r0260,c0020,dp32352,14658,
f_20.01,f_20.01,r0270,c0010,dp32344,43364,
f_20.01,f_20.01,r0270,c0020,dp32351,23861,
f_20.01,f_20.01,r0280,c0010,dp11800,43230,
f_20.01,f_20.01,r0280,c0020,dp11801,57205,
f_20.01,f_20.01,r0290,c0010,dp32346,12771,
f_20.01,f_20.01,r0290,c0020,dp32353,47330,
f_20.01,f_20.01,r0300,c0010,dp32341,90996,
f_20.01,f_20.01,r0300,c0020,dp32348,31623,
f_20.01,f_20.01,r0310,c0010,dp10901,79283,
f_20.01,f_20.01,r0310,c0020,dp10902,44867,
f_20.01,f_20.01,r0320,c0010,dp32340,1041412,
f_20.01,f_20.01,r0320,c0020,dp32347,789290,
f_20.02,f_20.02,r0010,c0010,dp11321,283122,
f_20.02,f_20.02,r0010,c0020,dp11327,249078,
f_20.02,f_20.02,r0020,c0010,dp11320,55776,
f_20.02,f_20.02,r0020,c0020,dp11326,11957,
f_20.02,f_20.02,r0030,c0010,dp11323,83064,
f_20.02,f_20.02,r0030,c0020,dp11329,56262,
f_20.02,f_20.02,r0040,c0010,dp11319,67463,
f_20.02,f_20.02,r0040,c0020,dp11325,53269,
f_20.02,f_20.02,r0050,c0010,dp11318,39656,
f_20.02,f_20.02,r0050,c0020,dp11324,40164,
f_20.02,f_20.02,r0060,c0010,dp11322,37163,
f_20.02,f_20.02,r0060,c0020,dp11328,87426,
f_20.02,f_20.02,r0070,c0010,dp11227,223016,
f_20.02,f_20.02,r0070,c0020,dp11231,149791,
f_20.02,f_20.02,r0080,c0010,dp11226,71742,
f_20.02,f_20.02,r0080,c0020,dp11230,39364,
f_20.02,f_20.02,r0090,c0010,dp11225,84787,
f_20.02,f_20.02,r0090,c0020,dp11229,92496,
f_20.02,f_20.02,r0100,c0010,dp11228,66487,
f_20.02,f_20.02,r0100,c0020,dp11232,17931,
f_20.02,f_20.02,r0110,c0010,dp11431,181088,
f_20.02,f_20.02,r0110,c0020,dp11435,268953,
f_20.02,f_20.02,r0120,c0010,dp11430,92991,
f_20.02,f_20.02,r0120,c0020,dp11434,79345,
f_20.02,f_20.02,r0130,c0010,dp11429,1050,
f_20.02,f_20.02,r0130,c0020,dp11433,92744,
f_20.02,f_20.02,r0140,c0010,dp11432,87047,
f_20.02,f_20.02,r0140,c0020,dp11436,96864,
f_20.02,f_20.02,r0150,c0010,dp11483,57486,
f_20.02,f_20.02,r0150,c0020,dp11484,62381,
f_20.02,f_20.02,r0160,c0010,dp32578,24231,
f_20.02,f_20.02,r0160,c0020,dp32584,44539,
f_20.02,f_20.02,r0170,c0010,dp32580,97245,
f_20.02,f_20.02,r0170,c0020,dp32586,27251,
f_20.02,f_20.02,r0180,c0010,dp32582,30774,
f_20.02,f_20.02,r0180,c0020,dp32588,83522,
f_20.02,f_20.02,r0190,c0010,dp32581,57185,
f_20.02,f_20.02,r0190,c0020,dp32587,21725,
f_20.02,f_20.02,r0200,c0010,dp32579,18677,
f_20.02,f_20.02,r0200,c0020,dp32585,61058,
f_20.02,f_20.02,r0210,c0010,dp10905,7445,
f_20.02,f_20.02,r0210,c0020,dp10906,29057,
f_20.02,f_20.02,r0220,c0010,dp32577,980269,
f_20.02,f_20.02,r0220,c0020,dp32583,997355,
f_20.07.1,f_20.07.1,r0010,c0010,dp5487610,82653,eba_GA:IT
f_20.07.1,f_20.07.1,r0010,c0011,dp5487612,22134,eba_GA:IT
f_20.07.1,f_20.07.1,r0010,c0012,dp5487611,2210,eba_GA:IT
f_20.07.1,f_20.07.1,r0010,c0021,dp5487886,-31407,eba_GA:IT
f_20.07.1,f_20.07.1,r0010,c0022,dp5487164,-88651,eba_GA:IT
f_20.07.1,f_20.07.1,r0020,c0010,dp5487829,81746,eba_GA:IT
f_20.07.1,f_20.07.1,r0020,c0011,dp5487609,4842,eba_GA:IT
f_20.07.1,f_20.07.1,r0020,c0012,dp5487608,35311,eba_GA:IT
f_20.07.1,f_20.07.1,r0020,c0021,dp5487923,-11371,eba_GA:IT
f_20.07.1,f_20.07.1,r0020,c0022,dp5487157,-51036,eba_GA:IT
f_20.07.1,f_20.07.1,r0030,c0010,dp5487606,77877,eba_GA:IT
f_20.07.1,f_20.07.1,r0030,c0011,dp5487607,78632,eba_GA:IT
f_20.07.1,f_20.07.1,r0030,c0012,dp5487828,58599,eba_GA:IT
f_20.07.1,f_20.07.1,r0030,c0021,dp5487885,-40368,eba_GA:IT
f_20.07.1,f_20.07.1,r0030,c0022,dp5487165,-62317,eba_GA:IT
f_20.07.1,f_20.07.1,r0040,c0010,dp5487827,61375,eba_GA:IT
f_20.07.1,f_20.07.1,r0040,c0011,dp5487605,43898,eba_GA:IT
f_20.07.1,f_20.07.1,r0040,c0012,dp5487604,43487,eba_GA:IT
f_20.07.1,f_20.07.1,r0040,c0021,dp5487884,-83076,eba_GA:IT
f_20.07.1,f_20.07.1,r0040,c0022,dp5487158,-96854,eba_GA:IT
f_20.07.1,f_20.07.1,r0050,c0010,dp5487601,91377,eba_GA:IT
f_20.07.1,f_20.07.1,r0050,c0011,dp5487603,57885,eba_GA:IT
f_20.07.1,f_20.07.1,r0050,c0012,dp5487602,77634,eba_GA:IT
f_20.07.1,f_20.07.1,r0050,c0021,dp5487883,-15018,eba_GA:IT
f_20.07.1,f_20.07.1,r0050,c0022,dp5487166,-84139,eba_GA:IT
f_20.07.1,f_20.07.1,r0060,c0010,dp5487599,19075,eba_GA:IT
f_20.07.1,f_20.07.1,r0060,c0011,dp5487600,35585,eba_GA:IT
f_20.07.1,f_20.07.1,r0060,c0012,dp5487826,22466,eba_GA:IT
f_20.07.1,f_20.07.1,r0060,c0021,dp5487924,-35626,eba_GA:IT
f_20.07.1,f_20.07.1,r0060,c0022,dp5487167,-56574,eba_GA:IT
f_20.07.1,f_20.07.1,r0070,c0010,dp5487824,86444,eba_GA:IT
f_20.07.1,f_20.07.1,r0070,c0011,dp5487598,21716,eba_GA:IT
f_20.07.1,f_20.07.1,r0070,c0012,dp5487825,82432,eba_GA:IT
f_20.07.1,f_20.07.1,r0070,c0021,dp5487882,-3658,eba_GA:IT
f_20.07.1,f_20.07.1,r0070,c0022,dp5487159,-32718,eba_GA:IT
f_20.07.1,f_20.07.1,r0080,c0010,dp5487822,50174,eba_GA:IT
f_20.07.1,f_20.07.1,r0080,c0011,dp5487823,56189,eba_GA:IT
f_20.07.1,f_20.07.1,r0080,c0012,dp5487597,75936,eba_GA:IT
f_20.07.1,f_20.07.1,r0080,c0021,dp5487925,-37667,eba_GA:IT
f_20.07.1,f_20.07.1,r0080,c0022,dp5487160,-84265,eba_GA:IT
f_20.07.1,f_20.07.1,r0090,c0010,dp5487819,97916,eba_GA:IT
f_20.07.1,f_20.07.1,r0090,c0011,dp5487821,13802,eba_GA:IT
f_20.07.1,f_20.07.1,r0090,c0012,dp5487820,50012,eba_GA:IT
f_20.07.1,f_20.07.1,r0090,c0021,dp5487926,-94878,eba_GA:IT
f_20.07.1,f_20.07.1,r0090,c0022,dp5487171,-78460,eba_GA:IT
f_20.07.1,f_20.07.1,r0100,c0010,dp5487596,60979,eba_GA:IT
f_20.07.1,f_20.07.1,r0100,c0011,dp5487818,84265,eba_GA:IT
f_20.07.1,f_20.07.1,r0100,c0012,dp5487817,52439,eba_GA:IT
f_20.07.1,f_20.07.1,r0100,c0021,dp5487881,-88400,eba_GA:IT
f_20.07.1,f_20.07.1,r0100,c0022,dp5487161,-99590,eba_GA:IT
f_20.07.1,f_20.07.1,r0105,c0010,dp5487472,68184,eba_GA:IT
f_20.07.1,f_20.07.1,r0105,c0011,dp5487659,86942,eba_GA:IT
f_20.07.1,f_20.07.1,r0105,c0012,dp5487658,32967,eba_GA:IT
f_20.07.1,f_20.07.1,r0105,c0021,dp5487913,-81979,eba_GA:IT
f_20.07.1,f_20.07.1,r0105,c0022,dp5487175,-90703,eba_GA:IT
f_20.07.1,f_20.07.1,r0110,c0010,dp5487594,28983,eba_GA:IT
f_20.07.1,f_20.07.1,r0110,c0011,dp5487816,32429,eba_GA:IT
f_20.07.1,f_20.07.1,r0110,c0012,dp5487595,67541,eba_GA:IT
f_20.07.1,f_20.07.1,r0110,c0021,dp5487880,-96132,eba_GA:IT
f_20.07.1,f_20.07.1,r0110,c0022,dp5487170,-57368,eba_GA:IT
f_20.07.1,f_20.07.1,r0120,c0010,dp5487815,30111,eba_GA:IT
f_20.07.1,f_20.07.1,r0120,c0011,dp5487593,48009,eba_GA:IT
f_20.07.1,f_20.07.1,r0120,c0012,dp5487481,94456,eba_GA:IT
f_20.07.1,f_20.07.1,r0120,c0021,dp5487927,-35478,eba_GA:IT
f_20.07.1,f_20.07.1,r0120,c0022,dp5487162,-32879,eba_GA:IT
f_20.07.1,f_20.07.1,r0130,c0010,dp5487479,34866,eba_GA:IT
f_20.07.1,f_20.07.1,r0130,c0011,dp5487480,10431,eba_GA:IT
f_20.07.1,f_20.07.1,r0130,c0012,dp5487814,93080,eba_GA:IT
f_20.07.1,f_20.07.1,r0130,c0021,dp5487879,-2214,eba_GA:IT
f_20.07.1,f_20.07.1,r0130,c0022,dp5487172,-12543,eba_GA:IT
f_20.07.1,f_20.07.1,r0140,c0010,dp5487813,86011,eba_GA:IT
f_20.07.1,f_20.07.1,r0140,c0011,dp5487478,45044,eba_GA:IT
f_20.07.1,f_20.07.1,r0140,c0012,dp5487477,79699,eba_GA:IT
f_20.07.1,f_20.07.1,r0140,c0021,dp5487878,-58140,eba_GA:IT
f_20.07.1,f_20.07.1,r0140,c0022,dp5487173,-36015,eba_GA:IT
f_20.07.1,f_20.07.1,r0150,c0010,dp5487476,48463,eba_GA:IT
f_20.07.1,f_20.07.1,r0150,c0011,dp5487812,11129,eba_GA:IT
f_20.07.1,f_20.07.1,r0150,c0012,dp5487811,50404,eba_GA:IT
f_20.07.1,f_20.07.1,r0150,c0021,dp5487877,-24184,eba_GA:IT
f_20.07.1,f_20.07.1,r0150,c0022,dp5487169,-56627,eba_GA:IT
f_20.07.1,f_20.07.1,r0160,c0010,dp5487809,43665,eba_GA:IT
f_20.07.1,f_20.07.1,r0160,c0011,dp5487810,95698,eba_GA:IT
f_20.07.1,f_20.07.1,r0160,c0012,dp5487475,31324,eba_GA:IT
f_20.07.1,f_20.07.1,r0160,c0021,dp5487876,-62732,eba_GA:IT
f_20.07.1,f_20.07.1,r0160,c0022,dp5487168,-60720,eba_GA:IT
f_20.07.1,f_20.07.1,r0170,c0010,dp5487473,1113,eba_GA:IT
f_20.07.1,f_20.07.1,r0170,c0011,dp5487808,39629,eba_GA:IT
f_20.07.1,f_20.07.1,r0170,c0012,dp5487474,10585,eba_GA:IT
f_20.07.1,f_20.07.1,r0170,c0021,dp5487928,-37732,eba_GA:IT
f_20.07.1,f_20.07.1,r0170,c0022,dp5487174,-76048,eba_GA:IT
f_20.07.1,f_20.07.1,r0180,c0010,dp5487660,32671,eba_GA:IT
f_20.07.1,f_20.07.1,r0180,c0011,dp5487807,72334,eba_GA:IT
f_20.07.1,f_20.07.1,r0180,c0012,dp5487671,95027,eba_GA:IT
f_20.07.1,f_20.07.1,r0180,c0021,dp5487929,-71032,eba_GA:IT
f_20.07.1,f_20.07.1,r0180,c0022,dp5487185,-14636,eba_GA:IT
f_20.07.1,f_20.07.1,r0190,c0010,dp5487614,1083683,eba_GA:IT
f_20.07.1,f_20.07.1,r0190,c0011,dp5487757,860593,eba_GA:IT
f_20.07.1,f_20.07.1,r0190,c0012,dp5487831,1055609,eba_GA:IT
f_20.07.1,f_20.07.1,r0190,c0021,dp5487887,-911092,eba_GA:IT
f_20.07.1,f_20.07.1,r0190,c0022,dp5487179,-1172143,eba_GA:IT
f_21.00,f_21.00,r0010,c0010,dp11923,1314,
f_21.00,f_21.00,r0020,c0010,dp11934,546,
f_21.00,f_21.00,r0030,c0010,dp11931,768,
f_21.00,f_21.00,r0040,c0010,dp11777,45755,
f_21.00,f_21.00,r0050,c0010,dp11788,123,
f_21.00,f_21.00,r0060,c0010,dp11785,45632,
f_21.00,f_21.00,r0070,c0010,dp32410,17897,
f_21.00,f_21.00,r0080,c0010,dp11919,7898,
f_21.00,f_21.00,r0090,c0010,dp11915,9999,
f_22.01,f_22.01,r0010,c0010,dp33870,1161791,
f_22.01,f_22.01,r0020,c0010,dp33889,168974,
f_22.01,f_22.01,r0030,c0010,dp33890,63079,
f_22.01,f_22.01,r0040,c0010,dp33892,67050,
f_22.01,f_22.01,r0050,c0010,dp33891,38845,
f_22.01,f_22.01,r0051,c0010,dp433804,97902,
f_22.01,f_22.01,r0052,c0010,dp433805,55266,
f_22.01,f_22.01,r0053,c0010,dp433806,21940,
f_22.01,f_22.01,r0054,c0010,dp433807,20696,
f_22.01,f_22.01,r0055,c0010,dp433808,45099,
f_22.01,f_22.01,r0060,c0010,dp33879,17145,
f_22.01,f_22.01,r0070,c0010,dp33877,274,
f_22.01,f_22.01,r0080,c0010,dp33880,48670,
f_22.01,f_22.01,r0090,c0010,dp33881,17344,
f_22.01,f_22.01,r0100,c0010,dp33882,31326,
f_22.01,f_22.01,r0110,c0010,dp33878,42805,
f_22.01,f_22.01,r0120,c0010,dp33887,66510,
f_22.01,f_22.01,r0131,c0010,dp433818,213364,
f_22.01,f_22.01,r0132,c0010,dp433809,25061,
f_22.01,f_22.01,r0133,c0010,dp433810,50257,
f_22.01,f_22.01,r0134,c0010,dp433811,49214,
f_22.01,f_22.01,r0135,c0010,dp433812,17344,
f_22.01,f_22.01,r0136,c0010,dp433813,71488,
f_22.01,f_22.01,r0140,c0010,dp33883,175801,
f_22.01,f_22.01,r0150,c0010,dp33884,52049,
f_22.01,f_22.01,r0160,c0010,dp33885,53375,
f_22.01,f_22.01,r0170,c0010,dp33886,70377,
f_22.01,f_22.01,r0180,c0010,dp33894,24811,
f_22.01,f_22.01,r0190,c0010,dp33893,44358,
f_22.01,f_22.01,r0200,c0010,dp33868,41079,
f_22.01,f_22.01,r0210,c0010,dp33867,36746,
f_22.01,f_22.01,r0211,c0010,dp433803,9748,
f_22.01,f_22.01,r0213,c0010,dp433814,5785,
f_22.01,f_22.01,r0214,c0010,dp433815,86659,
f_22.01,f_22.01,r0220,c0010,dp33876,36061,
f_22.01,f_22.01,r0230,c0010,dp33821,594763,
f_22.01,f_22.01,r0235,c0010,dp433795,19712,
f_22.01,f_22.01,r0240,c0010,dp33828,36814,
f_22.01,f_22.01,r0245,c0010,dp433793,82588,
f_22.01,f_22.01,r0250,c0010,dp33829,48476,
f_22.01,f_22.01,r0255,c0010,dp433794,7531,
f_22.01,f_22.01,r0256,c0010,dp433797,41915,
f_22.01,f_22.01,r0260,c0010,dp33830,65758,
f_22.01,f_22.01,r0270,c0010,dp33813,99271,
f_22.01,f_22.01,r0280,c0010,dp33811,83940,
f_22.01,f_22.01,r0281,c0010,dp433798,75425,
f_22.01,f_22.01,r0282,c0010,dp433796,66228,
f_22.01,f_22.01,r0290,c0010,dp33827,9020,
f_22.02,f_22.02,r0010,c0010,dp31981,111284,
f_22.02,f_22.02,r0020,c0010,dp31982,22678,
f_22.02,f_22.02,r0030,c0010,dp31984,35295,
f_22.02,f_22.02,r0040,c0010,dp31983,38675,
f_22.02,f_22.02,r0050,c0010,dp31995,14636,
f_22.02,f_22.02,r0060,c0010,dp31986,156600,
f_22.02,f_22.02,r0070,c0010,dp31987,63075,
f_22.02,f_22.02,r0080,c0010,dp31988,93525,
f_22.02,f_22.02,r0090,c0010,dp31989,9379,
f_22.02,f_22.02,r0100,c0010,dp31985,32549,
f_22.02,f_22.02,r0110,c0010,dp31994,36834,
f_22.02,f_22.02,r0120,c0010,dp31996,80437,
f_22.02,f_22.02,r0130,c0010,dp31990,86924,
f_22.02,f_22.02,r0140,c0010,dp31991,74166,
f_22.02,f_22.02,r0150,c0010,dp31992,7181,
f_22.02,f_22.02,r0160,c0010,dp31993,5577,
f_23.01,f_23.01,r0010,c0010,dp433289,330059,
f_23.01,f_23.01,r0010,c0020,dp433264,137713,
f_23.01,f_23.01,r0010,c0030,dp433299,18265,
f_23.01,f_23.01,r0010,c0040,dp433300,90497,
f_23.01,f_23.01,r0010,c0050,dp433268,17889,
f_23.01,f_23.01,r0010,c0060,dp433290,311794,
f_23.01,f_23.01,r0010,c0070,dp433265,119824,
f_23.01,f_23.01,r0010,c0080,dp433295,54123,
f_23.01,f_23.01,r0010,c0090,dp433266,24200,
f_23.01,f_23.01,r0010,c0100,dp433296,257671,
f_23.01,f_23.01,r0010,c0110,dp433267,95624,
f_23.01,f_23.01,r0010,c0120,dp433292,59524,
f_23.01,f_23.01,r0010,c0130,dp433291,1510,
f_23.01,f_23.01,r0010,c0140,dp433293,46030,
f_23.01,f_23.01,r0010,c0150,dp433294,19986,
f_23.01,f_23.01,r0010,c0160,dp433297,85329,
f_23.01,f_23.01,r0010,c0170,dp433298,45292,
f_23.01,f_23.01,r0020,c0010,dp433064,472631,
f_23.01,f_23.01,r0020,c0020,dp433007,193458,
f_23.01,f_23.01,r0020,c0030,dp433074,88764,
f_23.01,f_23.01,r0020,c0040,dp433075,4932,
f_23.01,f_23.01,r0020,c0050,dp433011,28624,
f_23.01,f_23.01,r0020,c0060,dp433065,383867,
f_23.01,f_23.01,r0020,c0070,dp433008,164834,
f_23.01,f_23.01,r0020,c0080,dp433070,62233,
f_23.01,f_23.01,r0020,c0090,dp433009,75938,
f_23.01,f_23.01,r0020,c0100,dp433071,321634,
f_23.01,f_23.01,r0020,c0110,dp433010,88896,
f_23.01,f_23.01,r0020,c0120,dp433067,72108,
f_23.01,f_23.01,r0020,c0130,dp433066,13357,
f_23.01,f_23.01,r0020,c0140,dp433068,17389,
f_23.01,f_23.01,r0020,c0150,dp433069,65984,
f_23.01,f_23.01,r0020,c0160,dp433072,90392,
f_23.01,f_23.01,r0020,c0170,dp433073,62404,
f_23.01,f_23.01,r0030,c0010,dp433052,317114,
f_23.01,f_23.01,r0030,c0020,dp433002,166208,
f_23.01,f_23.01,r0030,c0030,dp433062,72550,
f_23.01,f_23.01,r0030,c0040,dp433063,64394,
f_23.01,f_23.01,r0030,c0050,dp433006,80588,
f_23.01,f_23.01,r0030,c0060,dp433053,244564,
f_23.01,f_23.01,r0030,c0070,dp433003,85620,
f_23.01,f_23.01,r0030,c0080,dp433058,38459,
f_23.01,f_23.01,r0030,c0090,dp433004,61391,
f_23.01,f_23.01,r0030,c0100,dp433059,206105,
f_23.01,f_23.01,r0030,c0110,dp433005,24229,
f_23.01,f_23.01,r0030,c0120,dp433055,14392,
f_23.01,f_23.01,r0030,c0130,dp433054,49572,
f_23.01,f_23.01,r0030,c0140,dp433056,2950,
f_23.01,f_23.01,r0030,c0150,dp433057,50547,
f_23.01,f_23.01,r0030,c0160,dp433060,82451,
f_23.01,f_23.01,r0030,c0170,dp433061,6193,
f_23.01,f_23.01,r0040,c0010,dp433244,426761,
f_23.01,f_23.01,r0040,c0020,dp433187,113533,
f_23.01,f_23.01,r0040,c0030,dp433254,46003,
f_23.01,f_23.01,r0040,c0040,dp433255,67251,
f_23.01,f_23.01,r0040,c0050,dp433191,5228,
f_23.01,f_23.01,r0040,c0060,dp433245,380758,
f_23.01,f_23.01,r0040,c0070,dp433188,108305,
f_23.01,f_23.01,r0040,c0080,dp433250,2493,
f_23.01,f_23.01,r0040,c0090,dp433189,30330,
f_23.01,f_23.01,r0040,c0100,dp433251,378265,
f_23.01,f_23.01,r0040,c0110,dp433190,77975,
f_23.01,f_23.01,r0040,c0120,dp433247,70428,
f_23.01,f_23.01,r0040,c0130,dp433246,79731,
f_23.01,f_23.01,r0040,c0140,dp433248,91651,
f_23.01,f_23.01,r0040,c0150,dp433249,63479,
f_23.01,f_23.01,r0040,c0160,dp433252,51175,
f_23.01,f_23.01,r0040,c0170,dp433253,21801,
f_23.01,f_23.01,r0050,c0010,dp433232,359211,
f_23.01,f_23.01,r0050,c0020,dp433182,269080,
f_23.01,f_23.01,r0050,c0030,dp433242,53299,
f_23.01,f_23.01,r0050,c0040,dp433243,8938,
f_23.01,f_23.01,r0050,c0050,dp433186,97098,
f_23.01,f_23.01,r0050,c0060,dp433233,305912,
f_23.01,f_23.01,r0050,c0070,dp433183,171982,
f_23.01,f_23.01,r0050,c0080,dp433238,55097,
f_23.01,f_23.01,r0050,c0090,dp433184,90418,
f_23.01,f_23.01,r0050,c0100,dp433239,250815,
f_23.01,f_23.01,r0050,c0110,dp433185,81564,
f_23.01,f_23.01,r0050,c0120,dp433235,72644,
f_23.01,f_23.01,r0050,c0130,dp433234,7064,
f_23.01,f_23.01,r0050,c0140,dp433236,22940,
f_23.01,f_23.01,r0050,c0150,dp433237,31984,
f_23.01,f_23.01,r0050,c0160,dp433240,41804,
f_23.01,f_23.01,r0050,c0170,dp433241,74379,
f_23.01,f_23.01,r0060,c0010,dp433154,354949,
f_23.01,f_23.01,r0060,c0020,dp433097,42675,
f_23.01,f_23.01,r0060,c0030,dp433164,13358,
f_23.01,f_23.01,r0060,c0040,dp433165,41989,
f_23.01,f_23.01,r0060,c0050,dp433101,7140,
f_23.01,f_23.01,r0060,c0060,dp433155,341591,
f_23.01,f_23.01,r0060,c0070,dp433098,35535,
f_23.01,f_23.01,r0060,c0080,dp433160,74903,
f_23.01,f_23.01,r0060,c0090,dp433099,1854,
f_23.01,f_23.01,r0060,c0100,dp433161,266688,
f_23.01,f_23.01,r0060,c0110,dp433100,33681,
f_23.01,f_23.01,r0060,c0120,dp433157,64614,
f_23.01,f_23.01,r0060,c0130,dp433156,58285,
f_23.01,f_23.01,r0060,c0140,dp433158,17417,
f_23.01,f_23.01,r0060,c0150,dp433159,35627,
f_23.01,f_23.01,r0060,c0160,dp433162,73967,
f_23.01,f_23.01,r0060,c0170,dp433163,16778,
f_23.01,f_23.01,r0070,c0010,dp433142,368702,
f_23.01,f_23.01,r0070,c0020,dp433092,170537,
f_23.01,f_23.01,r0070,c0030,dp433152,41035,
f_23.01,f_23.01,r0070,c0040,dp433153,91033,
f_23.01,f_23.01,r0070,c0050,dp433096,75618,
f_23.01,f_23.01,r0070,c0060,dp433143,327667,
f_23.01,f_23.01,r0070,c0070,dp433093,94919,
f_23.01,f_23.01,r0070,c0080,dp433148,4532,
f_23.01,f_23.01,r0070,c0090,dp433094,27128,
f_23.01,f_23.01,r0070,c0100,dp433149,323135,
f_23.01,f_23.01,r0070,c0110,dp433095,67791,
f_23.01,f_23.01,r0070,c0120,dp433145,51064,
f_23.01,f_23.01,r0070,c0130,dp433144,78929,
f_23.01,f_23.01,r0070,c0140,dp433146,2492,
f_23.01,f_23.01,r0070,c0150,dp433147,90997,
f_23.01,f_23.01,r0070,c0160,dp433150,23478,
f_23.01,f_23.01,r0070,c0170,dp433151,76175,
f_23.01,f_23.01,r0080,c0010,dp433269,300950,
f_23.01,f_23.01,r0080,c0020,dp433256,76372,
f_23.01,f_23.01,r0080,c0060,dp433270,300950,
f_23.01,f_23.01,r0080,c0070,dp433257,76372,
f_23.01,f_23.01,r0080,c0080,dp433275,55221,
f_23.01,f_23.01,r0080,c0090,dp433258,12107,
f_23.01,f_23.01,r0080,c0100,dp433276,245729,
f_23.01,f_23.01,r0080,c0110,dp433259,64265,
f_23.01,f_23.01,r0080,c0120,dp433272,43667,
f_23.01,f_23.01,r0080,c0130,dp433271,7773,
f_23.01,f_23.01,r0080,c0140,dp433273,17090,
f_23.01,f_23.01,r0080,c0150,dp433274,67336,
f_23.01,f_23.01,r0080,c0160,dp433277,12303,
f_23.01,f_23.01,r0080,c0170,dp433278,97560,
f_23.01,f_23.01,r0090,c0010,dp433022,336537,
f_23.01,f_23.01,r0090,c0020,dp432990,103729,
f_23.01,f_23.01,r0090,c0060,dp433023,336537,
f_23.01,f_23.01,r0090,c0070,dp432991,103729,
f_23.01,f_23.01,r0090,c0080,dp433028,77221,
f_23.01,f_23.01,r0090,c0090,dp432992,26229,
f_23.01,f_23.01,r0090,c0100,dp433029,259316,
f_23.01,f_23.01,r0090,c0110,dp432993,77500,
f_23.01,f_23.01,r0090,c0120,dp433025,52945,
f_23.01,f_23.01,r0090,c0130,dp433024,61781,
f_23.01,f_23.01,r0090,c0140,dp433026,26547,
f_23.01,f_23.01,r0090,c0150,dp433027,6262,
f_23.01,f_23.01,r0090,c0160,dp433030,59981,
f_23.01,f_23.01,r0090,c0170,dp433031,51800,
f_23.01,f_23.01,r0100,c0010,dp433012,274571,
f_23.01,f_23.01,r0100,c0020,dp432986,95397,
f_23.01,f_23.01,r0100,c0060,dp433013,274571,
f_23.01,f_23.01,r0100,c0070,dp432987,95397,
f_23.01,f_23.01,r0100,c0080,dp433018,37597,
f_23.01,f_23.01,r0100,c0090,dp432988,37144,
f_23.01,f_23.01,r0100,c0100,dp433019,236974,
f_23.01,f_23.01,r0100,c0110,dp432989,58253,
f_23.01,f_23.01,r0100,c0120,dp433015,44254,
f_23.01,f_23.01,r0100,c0130,dp433014,12027,
f_23.01,f_23.01,r0100,c0140,dp433016,82640,
f_23.01,f_23.01,r0100,c0150,dp433017,73628,
f_23.01,f_23.01,r0100,c0160,dp433020,22130,
f_23.01,f_23.01,r0100,c0170,dp433021,2295,
f_23.01,f_23.01,r0110,c0010,dp433202,456782,
f_23.01,f_23.01,r0110,c0020,dp433170,25568,
f_23.01,f_23.01,r0110,c0060,dp433203,456782,
f_23.01,f_23.01,r0110,c0070,dp433171,25568,
f_23.01,f_23.01,r0110,c0080,dp433208,34670,
f_23.01,f_23.01,r0110,c0090,dp433172,10755,
f_23.01,f_23.01,r0110,c0100,dp433209,422112,
f_23.01,f_23.01,r0110,c0110,dp433173,14813,
f_23.01,f_23.01,r0110,c0120,dp433205,76830,
f_23.01,f_23.01,r0110,c0130,dp433204,59816,
f_23.01,f_23.01,r0110,c0140,dp433206,84911,
f_23.01,f_23.01,r0110,c0150,dp433207,76954,
f_23.01,f_23.01,r0110,c0160,dp433210,50307,
f_23.01,f_23.01,r0110,c0170,dp433211,73294,
f_23.01,f_23.01,r0120,c0010,dp433192,387864,
f_23.01,f_23.01,r0120,c0020,dp433166,112655,
f_23.01,f_23.01,r0120,c0060,dp433193,387864,
f_23.01,f_23.01,r0120,c0070,dp433167,112655,
f_23.01,f_23.01,r0120,c0080,dp433198,77786,
f_23.01,f_23.01,r0120,c0090,dp433168,65070,
f_23.01,f_23.01,r0120,c0100,dp433199,310078,
f_23.01,f_23.01,r0120,c0110,dp433169,47585,
f_23.01,f_23.01,r0120,c0120,dp433195,66492,
f_23.01,f_23.01,r0120,c0130,dp433194,4152,
f_23.01,f_23.01,r0120,c0140,dp433196,36253,
f_23.01,f_23.01,r0120,c0150,dp433197,78988,
f_23.01,f_23.01,r0120,c0160,dp433200,97809,
f_23.01,f_23.01,r0120,c0170,dp433201,26384,
f_23.01,f_23.01,r0130,c0010,dp433112,333102,
f_23.01,f_23.01,r0130,c0020,dp433080,86135,
f_23.01,f_23.01,r0130,c0060,dp433113,333102,
f_23.01,f_23.01,r0130,c0070,dp433081,86135,
f_23.01,f_23.01,r0130,c0080,dp433118,57695,
f_23.01,f_23.01,r0130,c0090,dp433082,9958,
f_23.01,f_23.01,r0130,c0100,dp433119,275407,
f_23.01,f_23.01,r0130,c0110,dp433083,76177,
f_23.01,f_23.01,r0130,c0120,dp433115,47730,
f_23.01,f_23.01,r0130,c0130,dp433114,27574,
f_23.01,f_23.01,r0130,c0140,dp433116,34226,
f_23.01,f_23.01,r0130,c0150,dp433117,51843,
f_23.01,f_23.01,r0130,c0160,dp433120,42221,
f_23.01,f_23.01,r0130,c0170,dp433121,71813,
f_23.01,f_23.01,r0140,c0010,dp433102,282670,
f_23.01,f_23.01,r0140,c0020,dp433076,3279,
f_23.01,f_23.01,r0140,c0060,dp433103,282670,
f_23.01,f_23.01,r0140,c0070,dp433077,3279,
f_23.01,f_23.01,r0140,c0080,dp433108,73400,
f_23.01,f_23.01,r0140,c0090,dp433078,1983,
f_23.01,f_23.01,r0140,c0100,dp433109,209270,
f_23.01,f_23.01,r0140,c0110,dp433079,1296,
f_23.01,f_23.01,r0140,c0120,dp433105,16396,
f_23.01,f_23.01,r0140,c0130,dp433104,44672,
f_23.01,f_23.01,r0140,c0140,dp433106,43973,
f_23.01,f_23.01,r0140,c0150,dp433107,13439,
f_23.01,f_23.01,r0140,c0160,dp433110,20656,
f_23.01,f_23.01,r0140,c0170,dp433111,70134,
f_23.01,f_23.01,r0150,c0010,dp433279,382369,
f_23.01,f_23.01,r0150,c0020,dp433260,50510,
f_23.01,f_23.01,r0150,c0060,dp433280,382369,
f_23.01,f_23.01,r0150,c0070,dp433261,50510,
f_23.01,f_23.01,r0150,c0080,dp433285,15927,
f_23.01,f_23.01,r0150,c0090,dp433262,14035,
f_23.01,f_23.01,r0150,c0100,dp433286,366442,
f_23.01,f_23.01,r0150,c0110,dp433263,36475,
f_23.01,f_23.01,r0150,c0120,dp433282,38743,
f_23.01,f_23.01,r0150,c0130,dp433281,55448,
f_23.01,f_23.01,r0150,c0140,dp433283,56686,
f_23.01,f_23.01,r0150,c0150,dp433284,97192,
f_23.01,f_23.01,r0150,c0160,dp433287,85566,
f_23.01,f_23.01,r0150,c0170,dp433288,32807,
f_23.01,f_23.01,r0160,c0010,dp433042,423426,
f_23.01,f_23.01,r0160,c0020,dp432998,122367,
f_23.01,f_23.01,r0160,c0060,dp433043,423426,
f_23.01,f_23.01,r0160,c0070,dp432999,122367,
f_23.01,f_23.01,r0160,c0080,dp433048,94967,
f_23.01,f_23.01,r0160,c0090,dp433000,77684,
f_23.01,f_23.01,r0160,c0100,dp433049,328459,
f_23.01,f_23.01,r0160,c0110,dp433001,44683,
f_23.01,f_23.01,r0160,c0120,dp433045,78007,
f_23.01,f_23.01,r0160,c0130,dp433044,74881,
f_23.01,f_23.01,r0160,c0140,dp433046,79828,
f_23.01,f_23.01,r0160,c0150,dp433047,22860,
f_23.01,f_23.01,r0160,c0160,dp433050,9467,
f_23.01,f_23.01,r0160,c0170,dp433051,63416,
f_23.01,f_23.01,r0170,c0010,dp433032,409340,
f_23.01,f_23.01,r0170,c0020,dp432994,93607,
f_23.01,f_23.01,r0170,c0060,dp433033,409340,
f_23.01,f_23.01,r0170,c0070,dp432995,93607,
f_23.01,f_23.01,r0170,c0080,dp433038,68699,
f_23.01,f_23.01,r0170,c0090,dp432996,58513,
f_23.01,f_23.01,r0170,c0100,dp433039,340641,
f_23.01,f_23.01,r0170,c0110,dp432997,35094,
f_23.01,f_23.01,r0170,c0120,dp433035,78194,
f_23.01,f_23.01,r0170,c0130,dp433034,15433,
f_23.01,f_23.01,r0170,c0140,dp433036,94328,
f_23.01,f_23.01,r0170,c0150,dp433037,81163,
f_23.01,f_23.01,r0170,c0160,dp433040,3715,
f_23.01,f_23.01,r0170,c0170,dp433041,67808,
f_23.01,f_23.01,r0180,c0010,dp433222,339116,
f_23.01,f_23.01,r0180,c0020,dp433178,73199,
f_23.01,f_23.01,r0180,c0060,dp433223,339116,
f_23.01,f_23.01,r0180,c0070,dp433179,73199,
f_23.01,f_23.01,r0180,c0080,dp433228,19876,
f_23.01,f_23.01,r0180,c0090,dp433180,20282,
f_23.01,f_23.01,r0180,c0100,dp433229,319240,
f_23.01,f_23.01,r0180,c0110,dp433181,52917,
f_23.01,f_23.01,r0180,c0120,dp433225,85117,
f_23.01,f_23.01,r0180,c0130,dp433224,29354,
f_23.01,f_23.01,r0180,c0140,dp433226,16063,
f_23.01,f_23.01,r0180,c0150,dp433227,76196,
f_23.01,f_23.01,r0180,c0160,dp433230,80239,
f_23.01,f_23.01,r0180,c0170,dp433231,32271,
f_23.01,f_23.01,r0190,c0010,dp433212,460982,
f_23.01,f_23.01,r0190,c0020,dp433174,98684,
f_23.01,f_23.01,r0190,c0060,dp433213,460982,
f_23.01,f_23.01,r0190,c0070,dp433175,98684,
f_23.01,f_23.01,r0190,c0080,dp433218,30601,
f_23.01,f_23.01,r0190,c0090,dp433176,6223,
f_23.01,f_23.01,r0190,c0100,dp433219,430381,
f_23.01,f_23.01,r0190,c0110,dp433177,92461,
f_23.01,f_23.01,r0190,c0120,dp433215,70010,
f_23.01,f_23.01,r0190,c0130,dp433214,88769,
f_23.01,f_23.01,r0190,c0140,dp433216,93988,
f_23.01,f_23.01,r0190,c0150,dp433217,252,
f_23.01,f_23.01,r0190,c0160,dp433220,91736,
f_23.01,f_23.01,r0190,c0170,dp433221,85626,
f_23.01,f_23.01,r0200,c0010,dp433132,357169,
f_23.01,f_23.01,r0200,c0020,dp433088,103494,
f_23.01,f_23.01,r0200,c0060,dp433133,357169,
f_23.01,f_23.01,r0200,c0070,dp433089,103494,
f_23.01,f_23.01,r0200,c0080,dp433138,34970,
f_23.01,f_23.01,r0200,c0090,dp433090,43281,
f_23.01,f_23.01,r0200,c0100,dp433139,322199,
f_23.01,f_23.01,r0200,c0110,dp433091,60213,
f_23.01,f_23.01,r0200,c0120,dp433135,81635,
f_23.01,f_23.01,r0200,c0130,dp433134,1135,
f_23.01,f_23.01,r0200,c0140,dp433136,52356,
f_23.01,f_23.01,r0200,c0150,dp433137,39986,
f_23.01,f_23.01,r0200,c0160,dp433140,79488,
f_23.01,f_23.01,r0200,c0170,dp433141,67599,
f_23.01,f_23.01,r0210,c0010,dp433122,456684,
f_23.01,f_23.01,r0210,c0020,dp433084,80486,
f_23.01,f_23.01,r0210,c0060,dp433123,456684,
f_23.01,f_23.01,r0210,c0070,dp433085,80486,
f_23.01,f_23.01,r0210,c0080,dp433128,20351,
f_23.01,f_23.01,r0210,c0090,dp433086,5515,
f_23.01,f_23.01,r0210,c0100,dp433129,436333,
f_23.01,f_23.01,r0210,c0110,dp433087,74971,
f_23.01,f_23.01,r0210,c0120,dp433125,67744,
f_23.01,f_23.01,r0210,c0130,dp433124,56239,
f_23.01,f_23.01,r0210,c0140,dp433126,97478,
f_23.01,f_23.01,r0210,c0150,dp433127,68864,
f_23.01,f_23.01,r0210,c0160,dp433130,73915,
f_23.01,f_23.01,r0210,c0170,dp433131,72093,
f_23.02,f_23.02,r0010,c0020,dp429380,91002,
f_23.02,f_23.02,r0010,c0070,dp3528576,91002,
f_23.02,f_23.02,r0010,c0090,dp5487518,22546,
f_23.02,f_23.02,r0010,c0110,dp5487519,68456,
f_23.02,f_23.02,r0020,c0020,dp429291,150950,
f_23.02,f_23.02,r0020,c0070,dp3528577,150950,
f_23.02,f_23.02,r0020,c0090,dp5487674,92189,
f_23.02,f_23.02,r0020,c0110,dp5487516,58761,
f_23.02,f_23.02,r0030,c0020,dp431242,164424,
f_23.02,f_23.02,r0030,c0070,dp431243,164424,
f_23.02,f_23.02,r0030,c0090,dp431244,83065,
f_23.02,f_23.02,r0030,c0110,dp431245,81359,
f_23.02,f_23.02,r0040,c0020,dp5487676,154498,
f_23.02,f_23.02,r0040,c0070,dp5487673,154498,
f_23.02,f_23.02,r0040,c0090,dp5487672,99994,
f_23.02,f_23.02,r0040,c0110,dp5487514,54504,
f_23.02,f_23.02,r0050,c0020,dp431669,184938,
f_23.02,f_23.02,r0050,c0070,dp431670,184938,
f_23.02,f_23.02,r0050,c0090,dp431671,89071,
f_23.02,f_23.02,r0050,c0110,dp431672,95867,
f_23.02,f_23.02,r0060,c0020,dp431462,90201,
f_23.02,f_23.02,r0060,c0070,dp431463,90201,
f_23.02,f_23.02,r0060,c0090,dp431464,61345,
f_23.02,f_23.02,r0060,c0110,dp431465,28856,
f_23.02,f_23.02,r0070,c0020,dp431451,85465,
f_23.02,f_23.02,r0070,c0070,dp431452,85465,
f_23.02,f_23.02,r0070,c0090,dp431453,57255,
f_23.02,f_23.02,r0070,c0110,dp431454,28210,
f_23.02,f_23.02,r0080,c0020,dp110229,89373,
f_23.02,f_23.02,r0080,c0070,dp110230,89373,
f_23.02,f_23.02,r0080,c0090,dp431094,82508,
f_23.02,f_23.02,r0080,c0110,dp431095,6865,
f_23.02,f_23.02,r0090,c0020,dp110018,117613,
f_23.02,f_23.02,r0090,c0070,dp110019,117613,
f_23.02,f_23.02,r0090,c0090,dp429754,59982,
f_23.02,f_23.02,r0090,c0110,dp429755,57631,
f_23.02,f_23.02,r0100,c0020,dp110014,97659,
f_23.02,f_23.02,r0100,c0070,dp110015,97659,
f_23.02,f_23.02,r0100,c0090,dp429752,14279,
f_23.02,f_23.02,r0100,c0110,dp429753,83380,
f_23.02,f_23.02,r0110,c0020,dp110079,104164,
f_23.02,f_23.02,r0110,c0070,dp110080,104164,
f_23.02,f_23.02,r0110,c0090,dp429824,61725,
f_23.02,f_23.02,r0110,c0110,dp429825,42439,
f_23.02,f_23.02,r0120,c0010,dp429831,498327,
f_23.02,f_23.02,r0120,c0020,dp429819,98744,
f_23.02,f_23.02,r0120,c0030,dp429841,42124,
f_23.02,f_23.02,r0120,c0040,dp429842,39157,
f_23.02,f_23.02,r0120,c0050,dp429823,1115,
f_23.02,f_23.02,r0120,c0060,dp429832,456203,
f_23.02,f_23.02,r0120,c0070,dp429820,97629,
f_23.02,f_23.02,r0120,c0080,dp429837,74537,
f_23.02,f_23.02,r0120,c0090,dp429821,5388,
f_23.02,f_23.02,r0120,c0100,dp429838,381666,
f_23.02,f_23.02,r0120,c0110,dp429822,92241,
f_23.02,f_23.02,r0120,c0120,dp429834,15575,
f_23.02,f_23.02,r0120,c0130,dp429833,96695,
f_23.02,f_23.02,r0120,c0140,dp429835,72152,
f_23.02,f_23.02,r0120,c0150,dp429836,87974,
f_23.02,f_23.02,r0120,c0160,dp429839,10959,
f_23.02,f_23.02,r0120,c0170,dp429840,98311,
f_23.02,f_23.02,r0130,c0020,dp429790,80147,
f_23.02,f_23.02,r0130,c0070,dp429791,80147,
f_23.02,f_23.02,r0130,c0090,dp429792,65708,
f_23.02,f_23.02,r0130,c0110,dp429793,14439,
f_23.02,f_23.02,r0140,c0010,dp429795,392217,
f_23.02,f_23.02,r0140,c0020,dp429785,213075,
f_23.02,f_23.02,r0140,c0030,dp429805,42410,
f_23.02,f_23.02,r0140,c0040,dp429806,42875,
f_23.02,f_23.02,r0140,c0050,dp429789,90682,
f_23.02,f_23.02,r0140,c0060,dp429796,349807,
f_23.02,f_23.02,r0140,c0070,dp429786,122393,
f_23.02,f_23.02,r0140,c0080,dp429801,31,
f_23.02,f_23.02,r0140,c0090,dp429787,95749,
f_23.02,f_23.02,r0140,c0100,dp429802,349776,
f_23.02,f_23.02,r0140,c0110,dp429788,26644,
f_23.02,f_23.02,r0140,c0120,dp429798,77623,
f_23.02,f_23.02,r0140,c0130,dp429797,38086,
f_23.02,f_23.02,r0140,c0140,dp429799,52188,
f_23.02,f_23.02,r0140,c0150,dp429800,75229,
f_23.02,f_23.02,r0140,c0160,dp429803,41969,
f_23.02,f_23.02,r0140,c0170,dp429804,64681,
f_23.02,f_23.02,r0150,c0010,dp431913,292142,
f_23.02,f_23.02,r0150,c0020,dp431890,39269,
f_23.02,f_23.02,r0150,c0060,dp431914,292142,
f_23.02,f_23.02,r0150,c0070,dp431891,39269,
f_23.02,f_23.02,r0150,c0080,dp431919,20493,
f_23.02,f_23.02,r0150,c0090,dp431892,34111,
f_23.02,f_23.02,r0150,c0100,dp431920,271649,
f_23.02,f_23.02,r0150,c0110,dp431893,5158,
f_23.02,f_23.02,r0150,c0120,dp431916,13966,
f_23.02,f_23.02,r0150,c0130,dp431915,19301,
f_23.02,f_23.02,r0150,c0140,dp431917,98368,
f_23.02,f_23.02,r0150,c0150,dp431918,78008,
f_23.02,f_23.02,r0150,c0160,dp431921,58412,
f_23.02,f_23.02,r0150,c0170,dp431922,3594,
f_23.02,f_23.02,r0160,c0010,dp431274,329806,
f_23.02,f_23.02,r0160,c0020,dp431230,48541,
f_23.02,f_23.02,r0160,c0060,dp431275,329806,
f_23.02,f_23.02,r0160,c0070,dp431231,48541,
f_23.02,f_23.02,r0160,c0080,dp431280,23326,
f_23.02,f_23.02,r0160,c0090,dp431232,36192,
f_23.02,f_23.02,r0160,c0100,dp431281,306480,
f_23.02,f_23.02,r0160,c0110,dp431233,12349,
f_23.02,f_23.02,r0160,c0120,dp431277,57217,
f_23.02,f_23.02,r0160,c0130,dp431276,22885,
f_23.02,f_23.02,r0160,c0140,dp431278,93345,
f_23.02,f_23.02,r0160,c0150,dp431279,65911,
f_23.02,f_23.02,r0160,c0160,dp431282,11418,
f_23.02,f_23.02,r0160,c0170,dp431283,55704,
f_23.02,f_23.02,r0170,c0010,dp431264,380155,
f_23.02,f_23.02,r0170,c0020,dp431226,87421,
f_23.02,f_23.02,r0170,c0060,dp431265,380155,
f_23.02,f_23.02,r0170,c0070,dp431227,87421,
f_23.02,f_23.02,r0170,c0080,dp431270,65623,
f_23.02,f_23.02,r0170,c0090,dp431228,39213,
f_23.02,f_23.02,r0170,c0100,dp431271,314532,
f_23.02,f_23.02,r0170,c0110,dp431229,48208,
f_23.02,f_23.02,r0170,c0120,dp431267,35565,
f_23.02,f_23.02,r0170,c0130,dp431266,72159,
f_23.02,f_23.02,r0170,c0140,dp431268,37037,
f_23.02,f_23.02,r0170,c0150,dp431269,68629,
f_23.02,f_23.02,r0170,c0160,dp431272,37225,
f_23.02,f_23.02,r0170,c0170,dp431273,63917,
f_23.02,f_23.02,r0180,c0010,dp431706,225904,
f_23.02,f_23.02,r0180,c0020,dp431657,113079,
f_23.02,f_23.02,r0180,c0060,dp431707,225904,
f_23.02,f_23.02,r0180,c0070,dp431658,113079,
f_23.02,f_23.02,r0180,c0080,dp431712,70195,
f_23.02,f_23.02,r0180,c0090,dp431659,87870,
f_23.02,f_23.02,r0180,c0100,dp431713,155709,
f_23.02,f_23.02,r0180,c0110,dp431660,25209,
f_23.02,f_23.02,r0180,c0120,dp431709,21619,
f_23.02,f_23.02,r0180,c0130,dp431708,1676,
f_23.02,f_23.02,r0180,c0140,dp431710,70530,
f_23.02,f_23.02,r0180,c0150,dp431711,35598,
f_23.02,f_23.02,r0180,c0160,dp431714,7135,
f_23.02,f_23.02,r0180,c0170,dp431715,19151,
f_23.02,f_23.02,r0190,c0010,dp431696,251084,
f_23.02,f_23.02,r0190,c0020,dp431653,86726,
f_23.02,f_23.02,r0190,c0060,dp431697,251084,
f_23.02,f_23.02,r0190,c0070,dp431654,86726,
f_23.02,f_23.02,r0190,c0080,dp431702,16289,
f_23.02,f_23.02,r0190,c0090,dp431655,57975,
f_23.02,f_23.02,r0190,c0100,dp431703,234795,
f_23.02,f_23.02,r0190,c0110,dp431656,28751,
f_23.02,f_23.02,r0190,c0120,dp431699,46985,
f_23.02,f_23.02,r0190,c0130,dp431698,7064,
f_23.02,f_23.02,r0190,c0140,dp431700,64461,
f_23.02,f_23.02,r0190,c0150,dp431701,46481,
f_23.02,f_23.02,r0190,c0160,dp431704,24357,
f_23.02,f_23.02,r0190,c0170,dp431705,45447,
f_23.02,f_23.02,r0200,c0010,dp431488,318668,
f_23.02,f_23.02,r0200,c0020,dp431439,92781,
f_23.02,f_23.02,r0200,c0060,dp431489,318668,
f_23.02,f_23.02,r0200,c0070,dp431440,92781,
f_23.02,f_23.02,r0200,c0080,dp431494,34055,
f_23.02,f_23.02,r0200,c0090,dp431441,3475,
f_23.02,f_23.02,r0200,c0100,dp431495,284613,
f_23.02,f_23.02,r0200,c0110,dp431442,89306,
f_23.02,f_23.02,r0200,c0120,dp431491,77727,
f_23.02,f_23.02,r0200,c0130,dp431490,35850,
f_23.02,f_23.02,r0200,c0140,dp431492,69122,
f_23.02,f_23.02,r0200,c0150,dp431493,2798,
f_23.02,f_23.02,r0200,c0160,dp431496,63308,
f_23.02,f_23.02,r0200,c0170,dp431497,35808,
f_23.02,f_23.02,r0210,c0010,dp431478,337496,
f_23.02,f_23.02,r0210,c0020,dp431435,58436,
f_23.02,f_23.02,r0210,c0060,dp431479,337496,
f_23.02,f_23.02,r0210,c0070,dp431436,58436,
f_23.02,f_23.02,r0210,c0080,dp431484,89201,
f_23.02,f_23.02,r0210,c0090,dp431437,57174,
f_23.02,f_23.02,r0210,c0100,dp431485,248295,
f_23.02,f_23.02,r0210,c0110,dp431438,1262,
f_23.02,f_23.02,r0210,c0120,dp431481,1175,
f_23.02,f_23.02,r0210,c0130,dp431480,75211,
f_23.02,f_23.02,r0210,c0140,dp431482,23067,
f_23.02,f_23.02,r0210,c0150,dp431483,91136,
f_23.02,f_23.02,r0210,c0160,dp431486,53044,
f_23.02,f_23.02,r0210,c0170,dp431487,4662,
f_23.02,f_23.02,r0220,c0010,dp431923,324483,
f_23.02,f_23.02,r0220,c0020,dp431894,47591,
f_23.02,f_23.02,r0220,c0060,dp431924,324483,
f_23.02,f_23.02,r0220,c0070,dp431895,47591,
f_23.02,f_23.02,r0220,c0080,dp431929,31191,
f_23.02,f_23.02,r0220,c0090,dp431896,11387,
f_23.02,f_23.02,r0220,c0100,dp431930,293292,
f_23.02,f_23.02,r0220,c0110,dp431897,36204,
f_23.02,f_23.02,r0220,c0120,dp431926,33256,
f_23.02,f_23.02,r0220,c0130,dp431925,40347,
f_23.02,f_23.02,r0220,c0140,dp431927,88468,
f_23.02,f_23.02,r0220,c0150,dp431928,20309,
f_23.02,f_23.02,r0220,c0160,dp431931,56752,
f_23.02,f_23.02,r0220,c0170,dp431932,54160,
f_23.02,f_23.02,r0230,c0010,dp431294,332459,
f_23.02,f_23.02,r0230,c0020,dp431238,119451,
f_23.02,f_23.02,r0230,c0060,dp431295,332459,
f_23.02,f_23.02,r0230,c0070,dp431239,119451,
f_23.02,f_23.02,r0230,c0080,dp431300,75064,
f_23.02,f_23.02,r0230,c0090,dp431240,22162,
f_23.02,f_23.02,r0230,c0100,dp431301,257395,
f_23.02,f_23.02,r0230,c0110,dp431241,97289,
f_23.02,f_23.02,r0230,c0120,dp431297,24580,
f_23.02,f_23.02,r0230,c0130,dp431296,68750,
f_23.02,f_23.02,r0230,c0140,dp431298,68015,
f_23.02,f_23.02,r0230,c0150,dp431299,12184,
f_23.02,f_23.02,r0230,c0160,dp431302,4302,
f_23.02,f_23.02,r0230,c0170,dp431303,79564,
f_23.02,f_23.02,r0240,c0010,dp431284,293728,
f_23.02,f_23.02,r0240,c0020,dp431234,178313,
f_23.02,f_23.02,r0240,c0060,dp431285,293728,
f_23.02,f_23.02,r0240,c0070,dp431235,178313,
f_23.02,f_23.02,r0240,c0080,dp431290,91206,
f_23.02,f_23.02,r0240,c0090,dp431236,93470,
f_23.02,f_23.02,r0240,c0100,dp431291,202522,
f_23.02,f_23.02,r0240,c0110,dp431237,84843,
f_23.02,f_23.02,r0240,c0120,dp431287,42281,
f_23.02,f_23.02,r0240,c0130,dp431286,20242,
f_23.02,f_23.02,r0240,c0140,dp431288,16067,
f_23.02,f_23.02,r0240,c0150,dp431289,35624,
f_23.02,f_23.02,r0240,c0160,dp431292,55313,
f_23.02,f_23.02,r0240,c0170,dp431293,32995,
f_23.02,f_23.02,r0250,c0010,dp431726,137440,
f_23.02,f_23.02,r0250,c0020,dp431665,68767,
f_23.02,f_23.02,r0250,c0060,dp431727,137440,
f_23.02,f_23.02,r0250,c0070,dp431666,68767,
f_23.02,f_23.02,r0250,c0080,dp431732,19364,
f_23.02,f_23.02,r0250,c0090,dp431667,11676,
f_23.02,f_23.02,r0250,c0100,dp431733,118076,
f_23.02,f_23.02,r0250,c0110,dp431668,57091,
f_23.02,f_23.02,r0250,c0120,dp431729,52620,
f_23.02,f_23.02,r0250,c0130,dp431728,7134,
f_23.02,f_23.02,r0250,c0140,dp431730,6194,
f_23.02,f_23.02,r0250,c0150,dp431731,39278,
f_23.02,f_23.02,r0250,c0160,dp431734,8333,
f_23.02,f_23.02,r0250,c0170,dp431735,4517,
f_23.02,f_23.02,r0260,c0010,dp431716,481725,
f_23.02,f_23.02,r0260,c0020,dp431661,95800,
f_23.02,f_23.02,r0260,c0060,dp431717,481725,
f_23.02,f_23.02,r0260,c0070,dp431662,95800,
f_23.02,f_23.02,r0260,c0080,dp431722,54355,
f_23.02,f_23.02,r0260,c0090,dp431663,36486,
f_23.02,f_23.02,r0260,c0100,dp431723,427370,
f_23.02,f_23.02,r0260,c0110,dp431664,59314,
f_23.02,f_23.02,r0260,c0120,dp431719,74531,
f_23.02,f_23.02,r0260,c0130,dp431718,84171,
f_23.02,f_23.02,r0260,c0140,dp431720,94621,
f_23.02,f_23.02,r0260,c0150,dp431721,77657,
f_23.02,f_23.02,r0260,c0160,dp431724,4902,
f_23.02,f_23.02,r0260,c0170,dp431725,91488,
f_23.02,f_23.02,r0270,c0010,dp431508,331185,
f_23.02,f_23.02,r0270,c0020,dp431447,21166,
f_23.02,f_23.02,r0270,c0060,dp431509,331185,
f_23.02,f_23.02,r0270,c0070,dp431448,21166,
f_23.02,f_23.02,r0270,c0080,dp431514,15567,
f_23.02,f_23.02,r0270,c0090,dp431449,3003,
f_23.02,f_23.02,r0270,c0100,dp431515,315618,
f_23.02,f_23.02,r0270,c0110,dp431450,18163,
f_23.02,f_23.02,r0270,c0120,dp431511,53040,
f_23.02,f_23.02,r0270,c0130,dp431510,8117,
f_23.02,f_23.02,r0270,c0140,dp431512,53792,
f_23.02,f_23.02,r0270,c0150,dp431513,75140,
f_23.02,f_23.02,r0270,c0160,dp431516,42593,
f_23.02,f_23.02,r0270,c0170,dp431517,82936,
f_23.02,f_23.02,r0280,c0010,dp431498,367054,
f_23.02,f_23.02,r0280,c0020,dp431443,28075,
f_23.02,f_23.02,r0280,c0060,dp431499,367054,
f_23.02,f_23.02,r0280,c0070,dp431444,28075,
f_23.02,f_23.02,r0280,c0080,dp431504,53348,
f_23.02,f_23.02,r0280,c0090,dp431445,2021,
f_23.02,f_23.02,r0280,c0100,dp431505,313706,
f_23.02,f_23.02,r0280,c0110,dp431446,26054,
f_23.02,f_23.02,r0280,c0120,dp431501,20871,
f_23.02,f_23.02,r0280,c0130,dp431500,11924,
f_23.02,f_23.02,r0280,c0140,dp431502,93156,
f_23.02,f_23.02,r0280,c0150,dp431503,28863,
f_23.02,f_23.02,r0280,c0160,dp431506,95281,
f_23.02,f_23.02,r0280,c0170,dp431507,63611,
f_23.02,f_23.02,r0290,c0010,dp431843,438410,
f_23.02,f_23.02,r0290,c0020,dp431838,138543,
f_23.02,f_23.02,r0290,c0030,dp431853,26506,
f_23.02,f_23.02,r0290,c0040,dp431854,1322,
f_23.02,f_23.02,r0290,c0050,dp431842,30756,
f_23.02,f_23.02,r0290,c0060,dp431844,411904,
f_23.02,f_23.02,r0290,c0070,dp431839,107787,
f_23.02,f_23.02,r0290,c0080,dp431849,36699,
f_23.02,f_23.02,r0290,c0090,dp431840,71640,
f_23.02,f_23.02,r0290,c0100,dp431850,375205,
f_23.02,f_23.02,r0290,c0110,dp431841,36147,
f_23.02,f_23.02,r0290,c0120,dp431846,73164,
f_23.02,f_23.02,r0290,c0130,dp431845,77636,
f_23.02,f_23.02,r0290,c0140,dp431847,49958,
f_23.02,f_23.02,r0290,c0150,dp431848,52534,
f_23.02,f_23.02,r0290,c0160,dp431851,96719,
f_23.02,f_23.02,r0290,c0170,dp431852,25194,
f_23.02,f_23.02,r0300,c0010,dp431153,449933,
f_23.02,f_23.02,r0300,c0020,dp431148,126682,
f_23.02,f_23.02,r0300,c0030,dp431163,77955,
f_23.02,f_23.02,r0300,c0040,dp431164,25900,
f_23.02,f_23.02,r0300,c0050,dp431152,34119,
f_23.02,f_23.02,r0300,c0060,dp431154,371978,
f_23.02,f_23.02,r0300,c0070,dp431149,92563,
f_23.02,f_23.02,r0300,c0080,dp431159,41100,
f_23.02,f_23.02,r0300,c0090,dp431150,43665,
f_23.02,f_23.02,r0300,c0100,dp431160,330878,
f_23.02,f_23.02,r0300,c0110,dp431151,48898,
f_23.02,f_23.02,r0300,c0120,dp431156,95914,
f_23.02,f_23.02,r0300,c0130,dp431155,22999,
f_23.02,f_23.02,r0300,c0140,dp431157,80541,
f_23.02,f_23.02,r0300,c0150,dp431158,12230,
f_23.02,f_23.02,r0300,c0160,dp431161,91611,
f_23.02,f_23.02,r0300,c0170,dp431162,27583,
f_23.02,f_23.02,r0310,c0010,dp431571,397168,
f_23.02,f_23.02,r0310,c0020,dp431554,154677,
f_23.02,f_23.02,r0310,c0030,dp431581,93335,
f_23.02,f_23.02,r0310,c0040,dp431582,61592,
f_23.02,f_23.02,r0310,c0050,dp431558,35634,
f_23.02,f_23.02,r0310,c0060,dp431572,303833,
f_23.02,f_23.02,r0310,c0070,dp431555,119043,
f_23.02,f_23.02,r0310,c0080,dp431577,55502,
f_23.02,f_23.02,r0310,c0090,dp431556,71768,
f_23.02,f_23.02,r0310,c0100,dp431578,248331,
f_23.02,f_23.02,r0310,c0110,dp431557,47275,
f_23.02,f_23.02,r0310,c0120,dp431574,76463,
f_23.02,f_23.02,r0310,c0130,dp431573,5695,
f_23.02,f_23.02,r0310,c0140,dp431575,44934,
f_23.02,f_23.02,r0310,c0150,dp431576,51868,
f_23.02,f_23.02,r0310,c0160,dp431579,6356,
f_23.02,f_23.02,r0310,c0170,dp431580,63015,
f_23.02,f_23.02,r0320,c0010,dp431559,429651,
f_23.02,f_23.02,r0320,c0020,dp431549,168522,
f_23.02,f_23.02,r0320,c0030,dp431569,32272,
f_23.02,f_23.02,r0320,c0040,dp431570,17727,
f_23.02,f_23.02,r0320,c0050,dp431553,40392,
f_23.02,f_23.02,r0320,c0060,dp431560,397379,
f_23.02,f_23.02,r0320,c0070,dp431550,128130,
f_23.02,f_23.02,r0320,c0080,dp431565,71144,
f_23.02,f_23.02,r0320,c0090,dp431551,65303,
f_23.02,f_23.02,r0320,c0100,dp431566,326235,
f_23.02,f_23.02,r0320,c0110,dp431552,62827,
f_23.02,f_23.02,r0320,c0120,dp431562,62698,
f_23.02,f_23.02,r0320,c0130,dp431561,39063,
f_23.02,f_23.02,r0320,c0140,dp431563,11872,
f_23.02,f_23.02,r0320,c0150,dp431564,46565,
f_23.02,f_23.02,r0320,c0160,dp431567,85892,
f_23.02,f_23.02,r0320,c0170,dp431568,80145,
f_23.02,f_23.02,r0330,c0010,dp431353,351887,
f_23.02,f_23.02,r0330,c0020,dp431336,108575,
f_23.02,f_23.02,r0330,c0030,dp431363,22635,
f_23.02,f_23.02,r0330,c0040,dp431364,92993,
f_23.02,f_23.02,r0330,c0050,dp431340,79199,
f_23.02,f_23.02,r0330,c0060,dp431354,329252,
f_23.02,f_23.02,r0330,c0070,dp431337,29376,
f_23.02,f_23.02,r0330,c0080,dp431359,68146,
f_23.02,f_23.02,r0330,c0090,dp431338,27745,
f_23.02,f_23.02,r0330,c0100,dp431360,261106,
f_23.02,f_23.02,r0330,c0110,dp431339,1631,
f_23.02,f_23.02,r0330,c0120,dp431356,24313,
f_23.02,f_23.02,r0330,c0130,dp431355,66277,
f_23.02,f_23.02,r0330,c0140,dp431357,79844,
f_23.02,f_23.02,r0330,c0150,dp431358,10506,
f_23.02,f_23.02,r0330,c0160,dp431361,65917,
f_23.02,f_23.02,r0330,c0170,dp431362,14249,
f_23.02,f_23.02,r0340,c0010,dp431341,363523,
f_23.02,f_23.02,r0340,c0020,dp431331,160228,
f_23.02,f_23.02,r0340,c0030,dp431351,5664,
f_23.02,f_23.02,r0340,c0040,dp431352,39283,
f_23.02,f_23.02,r0340,c0050,dp431335,45094,
f_23.02,f_23.02,r0340,c0060,dp431342,357859,
f_23.02,f_23.02,r0340,c0070,dp431332,115134,
f_23.02,f_23.02,r0340,c0080,dp431347,15669,
f_23.02,f_23.02,r0340,c0090,dp431333,87823,
f_23.02,f_23.02,r0340,c0100,dp431348,342190,
f_23.02,f_23.02,r0340,c0110,dp431334,27311,
f_23.02,f_23.02,r0340,c0120,dp431344,60396,
f_23.02,f_23.02,r0340,c0130,dp431343,58715,
f_23.02,f_23.02,r0340,c0140,dp431345,6526,
f_23.02,f_23.02,r0340,c0150,dp431346,54403,
f_23.02,f_23.02,r0340,c0160,dp431349,70844,
f_23.02,f_23.02,r0340,c0170,dp431350,91306,
f_23.02,f_23.02,r0350,c0010,dp431908,89975,
f_23.02,f_23.02,r0350,c0020,dp431885,140119,
f_23.02,f_23.02,r0350,c0030,dp431912,50937,
f_23.02,f_23.02,r0350,c0050,dp431889,35022,
f_23.02,f_23.02,r0350,c0060,dp431909,39038,
f_23.02,f_23.02,r0350,c0070,dp431886,105097,
f_23.02,f_23.02,r0350,c0080,dp431910,23180,
f_23.02,f_23.02,r0350,c0090,dp431887,55547,
f_23.02,f_23.02,r0350,c0100,dp431911,15858,
f_23.02,f_23.02,r0350,c0110,dp431888,49550,
f_23.02,f_23.02,r0360,c0010,dp431259,201055,
f_23.02,f_23.02,r0360,c0020,dp431221,90058,
f_23.02,f_23.02,r0360,c0030,dp431263,66066,
f_23.02,f_23.02,r0360,c0050,dp431225,34259,
f_23.02,f_23.02,r0360,c0060,dp431260,134989,
f_23.02,f_23.02,r0360,c0070,dp431222,55799,
f_23.02,f_23.02,r0360,c0080,dp431261,37249,
f_23.02,f_23.02,r0360,c0090,dp431223,5924,
f_23.02,f_23.02,r0360,c0100,dp431262,97740,
f_23.02,f_23.02,r0360,c0110,dp431224,49875,
f_23.02,f_23.02,r0370,c0010,dp431254,194860,
f_23.02,f_23.02,r0370,c0020,dp431216,136775,
f_23.02,f_23.02,r0370,c0030,dp431258,86086,
f_23.02,f_23.02,r0370,c0050,dp431220,23727,
f_23.02,f_23.02,r0370,c0060,dp431255,108774,
f_23.02,f_23.02,r0370,c0070,dp431217,113048,
f_23.02,f_23.02,r0370,c0080,dp431256,10286,
f_23.02,f_23.02,r0370,c0090,dp431218,18546,
f_23.02,f_23.02,r0370,c0100,dp431257,98488,
f_23.02,f_23.02,r0370,c0110,dp431219,94502,
f_23.02,f_23.02,r0380,c0010,dp431691,102509,
f_23.02,f_23.02,r0380,c0020,dp431648,106401,
f_23.02,f_23.02,r0380,c0030,dp431695,7670,
f_23.02,f_23.02,r0380,c0050,dp431652,30319,
f_23.02,f_23.02,r0380,c0060,dp431692,94839,
f_23.02,f_23.02,r0380,c0070,dp431649,76082,
f_23.02,f_23.02,r0380,c0080,dp431693,47657,
f_23.02,f_23.02,r0380,c0090,dp431650,14898,
f_23.02,f_23.02,r0380,c0100,dp431694,47182,
f_23.02,f_23.02,r0380,c0110,dp431651,61184,
f_23.02,f_23.02,r0390,c0010,dp431686,233345,
f_23.02,f_23.02,r0390,c0020,dp431643,232664,
f_23.02,f_23.02,r0390,c0030,dp431690,46252,
f_23.02,f_23.02,r0390,c0050,dp431647,76039,
f_23.02,f_23.02,r0390,c0060,dp431687,187093,
f_23.02,f_23.02,r0390,c0070,dp431644,156625,
f_23.02,f_23.02,r0390,c0080,dp431688,99183,
f_23.02,f_23.02,r0390,c0090,dp431645,82450,
f_23.02,f_23.02,r0390,c0100,dp431689,87910,
f_23.02,f_23.02,r0390,c0110,dp431646,74175,
f_23.02,f_23.02,r0400,c0010,dp431473,115188,
f_23.02,f_23.02,r0400,c0020,dp431430,158840,
f_23.02,f_23.02,r0400,c0030,dp431477,7636,
f_23.02,f_23.02,r0400,c0050,dp431434,90065,
f_23.02,f_23.02,r0400,c0060,dp431474,107552,
f_23.02,f_23.02,r0400,c0070,dp431431,68775,
f_23.02,f_23.02,r0400,c0080,dp431475,37797,
f_23.02,f_23.02,r0400,c0090,dp431432,54231,
f_23.02,f_23.02,r0400,c0100,dp431476,69755,
f_23.02,f_23.02,r0400,c0110,dp431433,14544,
f_23.02,f_23.02,r0410,c0010,dp431468,135871,
f_23.02,f_23.02,r0410,c0020,dp431425,236360,
f_23.02,f_23.02,r0410,c0030,dp431472,52998,
f_23.02,f_23.02,r0410,c0050,dp431429,69399,
f_23.02,f_23.02,r0410,c0060,dp431469,82873,
f_23.02,f_23.02,r0410,c0070,dp431426,166961,
f_23.02,f_23.02,r0410,c0080,dp431470,66980,
f_23.02,f_23.02,r0410,c0090,dp431427,88376,
f_23.02,f_23.02,r0410,c0100,dp431471,15893,
f_23.02,f_23.02,r0410,c0110,dp431428,78585,
f_23.03,f_23.03,r0010,c0010,dp431933,471146,
f_23.03,f_23.03,r0010,c0020,dp431898,71910,
f_23.03,f_23.03,r0010,c0030,dp431943,29055,
f_23.03,f_23.03,r0010,c0040,dp431944,96219,
f_23.03,f_23.03,r0010,c0050,dp431902,33618,
f_23.03,f_23.03,r0010,c0060,dp431934,442091,
f_23.03,f_23.03,r0010,c0070,dp431899,38292,
f_23.03,f_23.03,r0010,c0080,dp431939,18726,
f_23.03,f_23.03,r0010,c0090,dp431900,37400,
f_23.03,f_23.03,r0010,c0100,dp431940,423365,
f_23.03,f_23.03,r0010,c0110,dp431901,892,
f_23.03,f_23.03,r0010,c0120,dp431936,93436,
f_23.03,f_23.03,r0010,c0130,dp431935,21856,
f_23.03,f_23.03,r0010,c0140,dp431937,59386,
f_23.03,f_23.03,r0010,c0150,dp431938,94879,
f_23.03,f_23.03,r0010,c0160,dp431941,73042,
f_23.03,f_23.03,r0010,c0170,dp431942,80766,
f_23.03,f_23.03,r0020,c0010,dp431880,219179,
f_23.03,f_23.03,r0020,c0020,dp431875,189081,
f_23.03,f_23.03,r0020,c0030,dp431884,95561,
f_23.03,f_23.03,r0020,c0050,dp431879,22077,
f_23.03,f_23.03,r0020,c0060,dp431881,123618,
f_23.03,f_23.03,r0020,c0070,dp431876,167004,
f_23.03,f_23.03,r0020,c0080,dp431882,85979,
f_23.03,f_23.03,r0020,c0090,dp431877,99285,
f_23.03,f_23.03,r0020,c0100,dp431883,37639,
f_23.03,f_23.03,r0020,c0110,dp431878,67719,
f_23.03,f_23.03,r0030,c0010,dp431860,157675,
f_23.03,f_23.03,r0030,c0020,dp431855,191041,
f_23.03,f_23.03,r0030,c0030,dp431864,5975,
f_23.03,f_23.03,r0030,c0050,dp431859,57690,
f_23.03,f_23.03,r0030,c0060,dp431861,151700,
f_23.03,f_23.03,r0030,c0070,dp431856,133351,
f_23.03,f_23.03,r0030,c0080,dp431862,56486,
f_23.03,f_23.03,r0030,c0090,dp431857,44290,
f_23.03,f_23.03,r0030,c0100,dp431863,95214,
f_23.03,f_23.03,r0030,c0110,dp431858,89061,
f_23.03,f_23.03,r0040,c0010,dp431870,136576,
f_23.03,f_23.03,r0040,c0020,dp431865,81446,
f_23.03,f_23.03,r0040,c0030,dp431874,27816,
f_23.03,f_23.03,r0040,c0050,dp431869,3630,
f_23.03,f_23.03,r0040,c0060,dp431871,108760,
f_23.03,f_23.03,r0040,c0070,dp431866,77816,
f_23.03,f_23.03,r0040,c0080,dp431872,34814,
f_23.03,f_23.03,r0040,c0090,dp431867,25182,
f_23.03,f_23.03,r0040,c0100,dp431873,73946,
f_23.03,f_23.03,r0040,c0110,dp431868,52634,
f_23.03,f_23.03,r0050,c0010,dp431750,81363,
f_23.03,f_23.03,r0050,c0020,dp431675,250882,
f_23.03,f_23.03,r0050,c0030,dp431754,36078,
f_23.03,f_23.03,r0050,c0050,dp431679,90392,
f_23.03,f_23.03,r0050,c0060,dp431751,45285,
f_23.03,f_23.03,r0050,c0070,dp431676,160490,
f_23.03,f_23.03,r0050,c0080,dp431752,28871,
f_23.03,f_23.03,r0050,c0090,dp431677,90136,
f_23.03,f_23.03,r0050,c0100,dp431753,16414,
f_23.03,f_23.03,r0050,c0110,dp431678,70354,
f_23.03,f_23.03,r0060,c0010,dp431638,30681,
f_23.03,f_23.03,r0060,c0020,dp431628,155396,
f_23.03,f_23.03,r0060,c0030,dp431642,9394,
f_23.03,f_23.03,r0060,c0050,dp431632,33876,
f_23.03,f_23.03,r0060,c0060,dp431639,21287,
f_23.03,f_23.03,r0060,c0070,dp431629,121520,
f_23.03,f_23.03,r0060,c0080,dp431640,5686,
f_23.03,f_23.03,r0060,c0090,dp431630,45009,
f_23.03,f_23.03,r0060,c0100,dp431641,15601,
f_23.03,f_23.03,r0060,c0110,dp431631,76511,
f_23.03,f_23.03,r0070,c0010,dp431598,143971,
f_23.03,f_23.03,r0070,c0020,dp431588,126621,
f_23.03,f_23.03,r0070,c0030,dp431602,79022,
f_23.03,f_23.03,r0070,c0050,dp431592,23726,
f_23.03,f_23.03,r0070,c0060,dp431599,64949,
f_23.03,f_23.03,r0070,c0070,dp431589,102895,
f_23.03,f_23.03,r0070,c0080,dp431600,9988,
f_23.03,f_23.03,r0070,c0090,dp431590,94242,
f_23.03,f_23.03,r0070,c0100,dp431601,54961,
f_23.03,f_23.03,r0070,c0110,dp431591,8653,
f_23.03,f_23.03,r0080,c0010,dp431618,197422,
f_23.03,f_23.03,r0080,c0020,dp431608,88214,
f_23.03,f_23.03,r0080,c0030,dp431622,54816,
f_23.03,f_23.03,r0080,c0050,dp431612,3520,
f_23.03,f_23.03,r0080,c0060,dp431619,142606,
f_23.03,f_23.03,r0080,c0070,dp431609,84694,
f_23.03,f_23.03,r0080,c0080,dp431620,55265,
f_23.03,f_23.03,r0080,c0090,dp431610,13012,
f_23.03,f_23.03,r0080,c0100,dp431621,87341,
f_23.03,f_23.03,r0080,c0110,dp431611,71682,
f_23.03,f_23.03,r0090,c0010,dp431532,154819,
f_23.03,f_23.03,r0090,c0020,dp431457,222083,
f_23.03,f_23.03,r0090,c0030,dp431536,54819,
f_23.03,f_23.03,r0090,c0050,dp431461,68477,
f_23.03,f_23.03,r0090,c0060,dp431533,100000,
f_23.03,f_23.03,r0090,c0070,dp431458,153606,
f_23.03,f_23.03,r0090,c0080,dp431534,67850,
f_23.03,f_23.03,r0090,c0090,dp431459,80476,
f_23.03,f_23.03,r0090,c0100,dp431535,32150,
f_23.03,f_23.03,r0090,c0110,dp431460,73130,
f_23.03,f_23.03,r0100,c0010,dp431420,182617,
f_23.03,f_23.03,r0100,c0020,dp431410,183573,
f_23.03,f_23.03,r0100,c0030,dp431424,41095,
f_23.03,f_23.03,r0100,c0050,dp431414,96646,
f_23.03,f_23.03,r0100,c0060,dp431421,141522,
f_23.03,f_23.03,r0100,c0070,dp431411,86927,
f_23.03,f_23.03,r0100,c0080,dp431422,74474,
f_23.03,f_23.03,r0100,c0090,dp431412,25188,
f_23.03,f_23.03,r0100,c0100,dp431423,67048,
f_23.03,f_23.03,r0100,c0110,dp431413,61739,
f_23.03,f_23.03,r0110,c0010,dp431380,125646,
f_23.03,f_23.03,r0110,c0020,dp431370,104739,
f_23.03,f_23.03,r0110,c0030,dp431384,1064,
f_23.03,f_23.03,r0110,c0050,dp431374,62747,
f_23.03,f_23.03,r0110,c0060,dp431381,124582,
f_23.03,f_23.03,r0110,c0070,dp431371,41992,
f_23.03,f_23.03,r0110,c0080,dp431382,31911,
f_23.03,f_23.03,r0110,c0090,dp431372,32897,
f_23.03,f_23.03,r0110,c0100,dp431383,92671,
f_23.03,f_23.03,r0110,c0110,dp431373,9095,
f_23.03,f_23.03,r0120,c0010,dp431400,96316,
f_23.03,f_23.03,r0120,c0020,dp431390,97460,
f_23.03,f_23.03,r0120,c0030,dp431404,9740,
f_23.03,f_23.03,r0120,c0050,dp431394,40791,
f_23.03,f_23.03,r0120,c0060,dp431401,86576,
f_23.03,f_23.03,r0120,c0070,dp431391,56669,
f_23.03,f_23.03,r0120,c0080,dp431402,79412,
f_23.03,f_23.03,r0120,c0090,dp431392,14440,
f_23.03,f_23.03,r0120,c0100,dp431403,7164,
f_23.03,f_23.03,r0120,c0110,dp431393,42229,
f_23.03,f_23.03,r0130,c0010,dp434204,232114,
f_23.03,f_23.03,r0130,c0020,dp434205,167751,
f_23.03,f_23.03,r0130,c0030,dp434206,79970,
f_23.03,f_23.03,r0130,c0050,dp434207,85253,
f_23.03,f_23.03,r0130,c0060,dp434208,152144,
f_23.03,f_23.03,r0130,c0070,dp434209,82498,
f_23.03,f_23.03,r0130,c0080,dp434210,92264,
f_23.03,f_23.03,r0130,c0090,dp434211,37254,
f_23.03,f_23.03,r0130,c0100,dp434212,59880,
f_23.03,f_23.03,r0130,c0110,dp434213,45244,
f_23.03,f_23.03,r0140,c0010,dp431633,81243,
f_23.03,f_23.03,r0140,c0020,dp431623,160939,
f_23.03,f_23.03,r0140,c0030,dp431637,768,
f_23.03,f_23.03,r0140,c0050,dp431627,33234,
f_23.03,f_23.03,r0140,c0060,dp431634,80475,
f_23.03,f_23.03,r0140,c0070,dp431624,127705,
f_23.03,f_23.03,r0140,c0080,dp431635,33633,
f_23.03,f_23.03,r0140,c0090,dp431625,59892,
f_23.03,f_23.03,r0140,c0100,dp431636,46842,
f_23.03,f_23.03,r0140,c0110,dp431626,67813,
f_23.03,f_23.03,r0150,c0010,dp431593,147409,
f_23.03,f_23.03,r0150,c0020,dp431583,101095,
f_23.03,f_23.03,r0150,c0030,dp431597,84318,
f_23.03,f_23.03,r0150,c0050,dp431587,17081,
f_23.03,f_23.03,r0150,c0060,dp431594,63091,
f_23.03,f_23.03,r0150,c0070,dp431584,84014,
f_23.03,f_23.03,r0150,c0080,dp431595,43464,
f_23.03,f_23.03,r0150,c0090,dp431585,17146,
f_23.03,f_23.03,r0150,c0100,dp431596,19627,
f_23.03,f_23.03,r0150,c0110,dp431586,66868,
f_23.03,f_23.03,r0160,c0010,dp431613,160347,
f_23.03,f_23.03,r0160,c0020,dp431603,121930,
f_23.03,f_23.03,r0160,c0030,dp431617,660,
f_23.03,f_23.03,r0160,c0050,dp431607,88944,
f_23.03,f_23.03,r0160,c0060,dp431614,159687,
f_23.03,f_23.03,r0160,c0070,dp431604,32986,
f_23.03,f_23.03,r0160,c0080,dp431615,75623,
f_23.03,f_23.03,r0160,c0090,dp431605,18536,
f_23.03,f_23.03,r0160,c0100,dp431616,84064,
f_23.03,f_23.03,r0160,c0110,dp431606,14450,
f_23.03,f_23.03,r0170,c0010,dp434214,233544,
f_23.03,f_23.03,r0170,c0020,dp434215,168953,
f_23.03,f_23.03,r0170,c0030,dp434216,87366,
f_23.03,f_23.03,r0170,c0050,dp434217,79359,
f_23.03,f_23.03,r0170,c0060,dp434218,146178,
f_23.03,f_23.03,r0170,c0070,dp434219,89594,
f_23.03,f_23.03,r0170,c0080,dp434220,64671,
f_23.03,f_23.03,r0170,c0090,dp434221,44753,
f_23.03,f_23.03,r0170,c0100,dp434222,81507,
f_23.03,f_23.03,r0170,c0110,dp434223,44841,
f_23.03,f_23.03,r0180,c0010,dp431415,118483,
f_23.03,f_23.03,r0180,c0020,dp431405,142208,
f_23.03,f_23.03,r0180,c0030,dp431419,19820,
f_23.03,f_23.03,r0180,c0050,dp431409,48062,
f_23.03,f_23.03,r0180,c0060,dp431416,98663,
f_23.03,f_23.03,r0180,c0070,dp431406,94146,
f_23.03,f_23.03,r0180,c0080,dp431417,91614,
f_23.03,f_23.03,r0180,c0090,dp431407,71772,
f_23.03,f_23.03,r0180,c0100,dp431418,7049,
f_23.03,f_23.03,r0180,c0110,dp431408,22374,
f_23.03,f_23.03,r0190,c0010,dp431375,132075,
f_23.03,f_23.03,r0190,c0020,dp431365,123178,
f_23.03,f_23.03,r0190,c0030,dp431379,71951,
f_23.03,f_23.03,r0190,c0050,dp431369,21498,
f_23.03,f_23.03,r0190,c0060,dp431376,60124,
f_23.03,f_23.03,r0190,c0070,dp431366,101680,
f_23.03,f_23.03,r0190,c0080,dp431377,7288,
f_23.03,f_23.03,r0190,c0090,dp431367,89943,
f_23.03,f_23.03,r0190,c0100,dp431378,52836,
f_23.03,f_23.03,r0190,c0110,dp431368,11737,
f_23.03,f_23.03,r0200,c0010,dp431395,178226,
f_23.03,f_23.03,r0200,c0020,dp431385,195985,
f_23.03,f_23.03,r0200,c0030,dp431399,61279,
f_23.03,f_23.03,r0200,c0050,dp431389,92906,
f_23.03,f_23.03,r0200,c0060,dp431396,116947,
f_23.03,f_23.03,r0200,c0070,dp431386,103079,
f_23.03,f_23.03,r0200,c0080,dp431397,60975,
f_23.03,f_23.03,r0200,c0090,dp431387,28058,
f_23.03,f_23.03,r0200,c0100,dp431398,55972,
f_23.03,f_23.03,r0200,c0110,dp431388,75021,
f_23.04,f_23.04,r0010,c0020,dp432655,-100585,
f_23.04,f_23.04,r0010,c0040,dp432672,-22908,
f_23.04,f_23.04,r0010,c0070,dp432656,-100585,
f_23.04,f_23.04,r0010,c0090,dp432657,-6317,
f_23.04,f_23.04,r0010,c0110,dp432658,-94268,
f_23.04,f_23.04,r0020,c0020,dp432414,-109013,
f_23.04,f_23.04,r0020,c0040,dp432444,-65038,
f_23.04,f_23.04,r0020,c0070,dp432415,-109013,
f_23.04,f_23.04,r0020,c0090,dp432416,-68434,
f_23.04,f_23.04,r0020,c0110,dp432417,-40579,
f_23.04,f_23.04,r0030,c0020,dp432409,-47557,
f_23.04,f_23.04,r0030,c0040,dp432431,-84138,
f_23.04,f_23.04,r0030,c0070,dp432410,-47557,
f_23.04,f_23.04,r0030,c0090,dp432411,-38045,
f_23.04,f_23.04,r0030,c0110,dp432412,-9512,
f_23.04,f_23.04,r0040,c0020,dp432553,-56595,
f_23.04,f_23.04,r0040,c0040,dp432583,-32098,
f_23.04,f_23.04,r0040,c0070,dp432554,-56595,
f_23.04,f_23.04,r0040,c0090,dp432555,-318,
f_23.04,f_23.04,r0040,c0110,dp432556,-56277,
f_23.04,f_23.04,r0050,c0020,dp432548,-67425,
f_23.04,f_23.04,r0050,c0040,dp432570,-37769,
f_23.04,f_23.04,r0050,c0070,dp432549,-67425,
f_23.04,f_23.04,r0050,c0090,dp432550,-50780,
f_23.04,f_23.04,r0050,c0110,dp432551,-16645,
f_23.04,f_23.04,r0060,c0020,dp432484,-107583,
f_23.04,f_23.04,r0060,c0040,dp432513,-71806,
f_23.04,f_23.04,r0060,c0070,dp432485,-107583,
f_23.04,f_23.04,r0060,c0090,dp432486,-27911,
f_23.04,f_23.04,r0060,c0110,dp432487,-79672,
f_23.04,f_23.04,r0070,c0020,dp432479,-129613,
f_23.04,f_23.04,r0070,c0040,dp432501,-20767,
f_23.04,f_23.04,r0070,c0070,dp432480,-129613,
f_23.04,f_23.04,r0070,c0090,dp432481,-41668,
f_23.04,f_23.04,r0070,c0110,dp432482,-87945,
f_23.04,f_23.04,r0080,c0020,dp109840,-58072,
f_23.04,f_23.04,r0080,c0070,dp109841,-58072,
f_23.04,f_23.04,r0080,c0090,dp431011,-34635,
f_23.04,f_23.04,r0080,c0110,dp431012,-23437,
f_23.04,f_23.04,r0090,c0020,dp109729,-90793,
f_23.04,f_23.04,r0090,c0070,dp109730,-90793,
f_23.04,f_23.04,r0090,c0090,dp429567,-72264,
f_23.04,f_23.04,r0090,c0110,dp429568,-18529,
f_23.04,f_23.04,r0100,c0020,dp109726,-50831,
f_23.04,f_23.04,r0100,c0070,dp109727,-50831,
f_23.04,f_23.04,r0100,c0090,dp429565,-3880,
f_23.04,f_23.04,r0100,c0110,dp429566,-46951,
f_23.04,f_23.04,r0110,c0020,dp109762,-80997,
f_23.04,f_23.04,r0110,c0070,dp109763,-80997,
f_23.04,f_23.04,r0110,c0090,dp429636,-68068,
f_23.04,f_23.04,r0110,c0110,dp429637,-12929,
f_23.04,f_23.04,r0120,c0010,dp429642,-256461,
f_23.04,f_23.04,r0120,c0020,dp429631,-135380,
f_23.04,f_23.04,r0120,c0030,dp429652,-85269,
f_23.04,f_23.04,r0120,c0040,dp429653,-1684,
f_23.04,f_23.04,r0120,c0050,dp429635,-68144,
f_23.04,f_23.04,r0120,c0060,dp429643,-171192,
f_23.04,f_23.04,r0120,c0070,dp429632,-67236,
f_23.04,f_23.04,r0120,c0080,dp429648,-23340,
f_23.04,f_23.04,r0120,c0090,dp429633,-12529,
f_23.04,f_23.04,r0120,c0100,dp429649,-147852,
f_23.04,f_23.04,r0120,c0110,dp429634,-54707,
f_23.04,f_23.04,r0120,c0120,dp429645,-24005,
f_23.04,f_23.04,r0120,c0130,dp429644,-18775,
f_23.04,f_23.04,r0120,c0140,dp429646,-40382,
f_23.04,f_23.04,r0120,c0150,dp429647,-9956,
f_23.04,f_23.04,r0120,c0160,dp429650,-24670,
f_23.04,f_23.04,r0120,c0170,dp429651,-30064,
f_23.04,f_23.04,r0130,c0020,dp429602,-136842,
f_23.04,f_23.04,r0130,c0070,dp429603,-136842,
f_23.04,f_23.04,r0130,c0090,dp429604,-81485,
f_23.04,f_23.04,r0130,c0110,dp429605,-55357,
f_23.04,f_23.04,r0140,c0010,dp429607,-361506,
f_23.04,f_23.04,r0140,c0020,dp429597,-154362,
f_23.04,f_23.04,r0140,c0030,dp429617,-55599,
f_23.04,f_23.04,r0140,c0040,dp429618,-37596,
f_23.04,f_23.04,r0140,c0050,dp429601,-40135,
f_23.04,f_23.04,r0140,c0060,dp429608,-305907,
f_23.04,f_23.04,r0140,c0070,dp429598,-114227,
f_23.04,f_23.04,r0140,c0080,dp429613,-16453,
f_23.04,f_23.04,r0140,c0090,dp429599,-79244,
f_23.04,f_23.04,r0140,c0100,dp429614,-289454,
f_23.04,f_23.04,r0140,c0110,dp429600,-34983,
f_23.04,f_23.04,r0140,c0120,dp429610,-49748,
f_23.04,f_23.04,r0140,c0130,dp429609,-60906,
f_23.04,f_23.04,r0140,c0140,dp429611,-46693,
f_23.04,f_23.04,r0140,c0150,dp429612,-15703,
f_23.04,f_23.04,r0140,c0160,dp429615,-86052,
f_23.04,f_23.04,r0140,c0170,dp429616,-30352,
f_23.04,f_23.04,r0150,c0010,dp432643,-283071,
f_23.04,f_23.04,r0150,c0020,dp432638,-140194,
f_23.04,f_23.04,r0150,c0030,dp432653,-5631,
f_23.04,f_23.04,r0150,c0040,dp432654,-17265,
f_23.04,f_23.04,r0150,c0050,dp432642,-89713,
f_23.04,f_23.04,r0150,c0060,dp432644,-277440,
f_23.04,f_23.04,r0150,c0070,dp432639,-50481,
f_23.04,f_23.04,r0150,c0080,dp432649,-51959,
f_23.04,f_23.04,r0150,c0090,dp432640,-23485,
f_23.04,f_23.04,r0150,c0100,dp432650,-225481,
f_23.04,f_23.04,r0150,c0110,dp432641,-26996,
f_23.04,f_23.04,r0150,c0120,dp432646,-54914,
f_23.04,f_23.04,r0150,c0130,dp432645,-24937,
f_23.04,f_23.04,r0150,c0140,dp432647,-38249,
f_23.04,f_23.04,r0150,c0150,dp432648,-14209,
f_23.04,f_23.04,r0150,c0160,dp432651,-46457,
f_23.04,f_23.04,r0150,c0170,dp432652,-46715,
f_23.04,f_23.04,r0160,c0010,dp432358,-369044,
f_23.04,f_23.04,r0160,c0020,dp432353,-89381,
f_23.04,f_23.04,r0160,c0030,dp432368,-28350,
f_23.04,f_23.04,r0160,c0040,dp432369,-26811,
f_23.04,f_23.04,r0160,c0050,dp432357,-27533,
f_23.04,f_23.04,r0160,c0060,dp432359,-340694,
f_23.04,f_23.04,r0160,c0070,dp432354,-61848,
f_23.04,f_23.04,r0160,c0080,dp432364,-10990,
f_23.04,f_23.04,r0160,c0090,dp432355,-42024,
f_23.04,f_23.04,r0160,c0100,dp432365,-329704,
f_23.04,f_23.04,r0160,c0110,dp432356,-19824,
f_23.04,f_23.04,r0160,c0120,dp432361,-71735,
f_23.04,f_23.04,r0160,c0130,dp432360,-8631,
f_23.04,f_23.04,r0160,c0140,dp432362,-94253,
f_23.04,f_23.04,r0160,c0150,dp432363,-37067,
f_23.04,f_23.04,r0160,c0160,dp432366,-33589,
f_23.04,f_23.04,r0160,c0170,dp432367,-84429,
f_23.04,f_23.04,r0170,c0010,dp432536,-478091,
f_23.04,f_23.04,r0170,c0020,dp432519,-175803,
f_23.04,f_23.04,r0170,c0030,dp432546,-73030,
f_23.04,f_23.04,r0170,c0040,dp432547,-5802,
f_23.04,f_23.04,r0170,c0050,dp432523,-86609,
f_23.04,f_23.04,r0170,c0060,dp432537,-405061,
f_23.04,f_23.04,r0170,c0070,dp432520,-89194,
f_23.04,f_23.04,r0170,c0080,dp432542,-70982,
f_23.04,f_23.04,r0170,c0090,dp432521,-47242,
f_23.04,f_23.04,r0170,c0100,dp432543,-334079,
f_23.04,f_23.04,r0170,c0110,dp432522,-41952,
f_23.04,f_23.04,r0170,c0120,dp432539,-90544,
f_23.04,f_23.04,r0170,c0130,dp432538,-61837,
f_23.04,f_23.04,r0170,c0140,dp432540,-29703,
f_23.04,f_23.04,r0170,c0150,dp432541,-37800,
f_23.04,f_23.04,r0170,c0160,dp432544,-19887,
f_23.04,f_23.04,r0170,c0170,dp432545,-94308,
f_23.04,f_23.04,r0180,c0010,dp432524,-420895,
f_23.04,f_23.04,r0180,c0020,dp432514,-111887,
f_23.04,f_23.04,r0180,c0030,dp432534,-98517,
f_23.04,f_23.04,r0180,c0040,dp432535,-37249,
f_23.04,f_23.04,r0180,c0050,dp432518,-75482,
f_23.04,f_23.04,r0180,c0060,dp432525,-322378,
f_23.04,f_23.04,r0180,c0070,dp432515,-36405,
f_23.04,f_23.04,r0180,c0080,dp432530,-35592,
f_23.04,f_23.04,r0180,c0090,dp432516,-26897,
f_23.04,f_23.04,r0180,c0100,dp432531,-286786,
f_23.04,f_23.04,r0180,c0110,dp432517,-9508,
f_23.04,f_23.04,r0180,c0120,dp432527,-82419,
f_23.04,f_23.04,r0180,c0130,dp432526,-20031,
f_23.04,f_23.04,r0180,c0140,dp432528,-29883,
f_23.04,f_23.04,r0180,c0150,dp432529,-58455,
f_23.04,f_23.04,r0180,c0160,dp432532,-9022,
f_23.04,f_23.04,r0180,c0170,dp432533,-86976,
f_23.04,f_23.04,r0190,c0010,dp432467,-453878,
f_23.04,f_23.04,r0190,c0020,dp432450,-113299,
f_23.04,f_23.04,r0190,c0030,dp432477,-86223,
f_23.04,f_23.04,r0190,c0040,dp432478,-64677,
f_23.04,f_23.04,r0190,c0050,dp432454,-30867,
f_23.04,f_23.04,r0190,c0060,dp432468,-367655,
f_23.04,f_23.04,r0190,c0070,dp432451,-82432,
f_23.04,f_23.04,r0190,c0080,dp432473,-48417,
f_23.04,f_23.04,r0190,c0090,dp432452,-28481,
f_23.04,f_23.04,r0190,c0100,dp432474,-319238,
f_23.04,f_23.04,r0190,c0110,dp432453,-53951,
f_23.04,f_23.04,r0190,c0120,dp432470,-62766,
f_23.04,f_23.04,r0190,c0130,dp432469,-67752,
f_23.04,f_23.04,r0190,c0140,dp432471,-88210,
f_23.04,f_23.04,r0190,c0150,dp432472,-74642,
f_23.04,f_23.04,r0190,c0160,dp432475,-4766,
f_23.04,f_23.04,r0190,c0170,dp432476,-21102,
f_23.04,f_23.04,r0200,c0010,dp432455,-338779,
f_23.04,f_23.04,r0200,c0020,dp432445,-147967,
f_23.04,f_23.04,r0200,c0030,dp432465,-84588,
f_23.04,f_23.04,r0200,c0040,dp432466,-70029,
f_23.04,f_23.04,r0200,c0050,dp432449,-83854,
f_23.04,f_23.04,r0200,c0060,dp432456,-254191,
f_23.04,f_23.04,r0200,c0070,dp432446,-64113,
f_23.04,f_23.04,r0200,c0080,dp432461,-37684,
f_23.04,f_23.04,r0200,c0090,dp432447,-21958,
f_23.04,f_23.04,r0200,c0100,dp432462,-216507,
f_23.04,f_23.04,r0200,c0110,dp432448,-42155,
f_23.04,f_23.04,r0200,c0120,dp432458,-20874,
f_23.04,f_23.04,r0200,c0130,dp432457,-18103,
f_23.04,f_23.04,r0200,c0140,dp432459,-75490,
f_23.04,f_23.04,r0200,c0150,dp432460,-1213,
f_23.04,f_23.04,r0200,c0160,dp432463,-9297,
f_23.04,f_23.04,r0200,c0170,dp432464,-91530,
f_23.05,f_23.05,r0010,c0010,dp432341,392491,
f_23.05,f_23.05,r0010,c0020,dp432336,176780,
f_23.05,f_23.05,r0010,c0030,dp432351,37101,
f_23.05,f_23.05,r0010,c0040,dp432352,21899,
f_23.05,f_23.05,r0010,c0050,dp432340,92492,
f_23.05,f_23.05,r0010,c0060,dp432342,355390,
f_23.05,f_23.05,r0010,c0070,dp432337,84288,
f_23.05,f_23.05,r0010,c0080,dp432347,66019,
f_23.05,f_23.05,r0010,c0090,dp432338,67941,
f_23.05,f_23.05,r0010,c0100,dp432348,289371,
f_23.05,f_23.05,r0010,c0110,dp432339,16347,
f_23.05,f_23.05,r0010,c0120,dp432344,92410,
f_23.05,f_23.05,r0010,c0130,dp432343,56089,
f_23.05,f_23.05,r0010,c0140,dp432345,16231,
f_23.05,f_23.05,r0010,c0150,dp432346,30846,
f_23.05,f_23.05,r0010,c0160,dp432349,54899,
f_23.05,f_23.05,r0010,c0170,dp432350,38896,
f_23.05,f_23.05,r0020,c0010,dp432230,240105,
f_23.05,f_23.05,r0020,c0020,dp432220,109430,
f_23.05,f_23.05,r0020,c0030,dp432240,26333,
f_23.05,f_23.05,r0020,c0040,dp432241,79012,
f_23.05,f_23.05,r0020,c0050,dp432224,15490,
f_23.05,f_23.05,r0020,c0060,dp432231,213772,
f_23.05,f_23.05,r0020,c0070,dp432221,93940,
f_23.05,f_23.05,r0020,c0080,dp432236,9585,
f_23.05,f_23.05,r0020,c0090,dp432222,68677,
f_23.05,f_23.05,r0020,c0100,dp432237,204187,
f_23.05,f_23.05,r0020,c0110,dp432223,25263,
f_23.05,f_23.05,r0020,c0120,dp432233,45233,
f_23.05,f_23.05,r0020,c0130,dp432232,26785,
f_23.05,f_23.05,r0020,c0140,dp432234,7740,
f_23.05,f_23.05,r0020,c0150,dp432235,53541,
f_23.05,f_23.05,r0020,c0160,dp432238,66017,
f_23.05,f_23.05,r0020,c0170,dp432239,4871,
f_23.05,f_23.05,r0030,c0010,dp432242,275744,
f_23.05,f_23.05,r0030,c0020,dp432225,168509,
f_23.05,f_23.05,r0030,c0030,dp432252,17037,
f_23.05,f_23.05,r0030,c0040,dp432253,93468,
f_23.05,f_23.05,r0030,c0050,dp432229,58555,
f_23.05,f_23.05,r0030,c0060,dp432243,258707,
f_23.05,f_23.05,r0030,c0070,dp432226,109954,
f_23.05,f_23.05,r0030,c0080,dp432248,34891,
f_23.05,f_23.05,r0030,c0090,dp432227,50002,
f_23.05,f_23.05,r0030,c0100,dp432249,223816,
f_23.05,f_23.05,r0030,c0110,dp432228,59952,
f_23.05,f_23.05,r0030,c0120,dp432245,63846,
f_23.05,f_23.05,r0030,c0130,dp432244,35061,
f_23.05,f_23.05,r0030,c0140,dp432246,32034,
f_23.05,f_23.05,r0030,c0150,dp432247,282,
f_23.05,f_23.05,r0030,c0160,dp432250,86389,
f_23.05,f_23.05,r0030,c0170,dp432251,6204,
f_23.05,f_23.05,r0040,c0010,dp432316,254619,
f_23.05,f_23.05,r0040,c0020,dp432297,164978,
f_23.05,f_23.05,r0040,c0030,dp432326,40497,
f_23.05,f_23.05,r0040,c0040,dp432327,48739,
f_23.05,f_23.05,r0040,c0050,dp432301,28916,
f_23.05,f_23.05,r0040,c0060,dp432317,214122,
f_23.05,f_23.05,r0040,c0070,dp432298,136062,
f_23.05,f_23.05,r0040,c0080,dp432322,1027,
f_23.05,f_23.05,r0040,c0090,dp432299,41324,
f_23.05,f_23.05,r0040,c0100,dp432323,213095,
f_23.05,f_23.05,r0040,c0110,dp432300,94738,
f_23.05,f_23.05,r0040,c0120,dp432319,12766,
f_23.05,f_23.05,r0040,c0130,dp432318,70203,
f_23.05,f_23.05,r0040,c0140,dp432320,66515,
f_23.05,f_23.05,r0040,c0150,dp432321,22235,
f_23.05,f_23.05,r0040,c0160,dp432324,29768,
f_23.05,f_23.05,r0040,c0170,dp432325,11608,
f_23.05,f_23.05,r0050,c0010,dp432302,368035,
f_23.05,f_23.05,r0050,c0020,dp432292,145077,
f_23.05,f_23.05,r0050,c0030,dp432312,46375,
f_23.05,f_23.05,r0050,c0040,dp432313,9701,
f_23.05,f_23.05,r0050,c0050,dp432296,52372,
f_23.05,f_23.05,r0050,c0060,dp432303,321660,
f_23.05,f_23.05,r0050,c0070,dp432293,92705,
f_23.05,f_23.05,r0050,c0080,dp432308,26737,
f_23.05,f_23.05,r0050,c0090,dp432294,13299,
f_23.05,f_23.05,r0050,c0100,dp432309,294923,
f_23.05,f_23.05,r0050,c0110,dp432295,79406,
f_23.05,f_23.05,r0050,c0120,dp432305,65520,
f_23.05,f_23.05,r0050,c0130,dp432304,16831,
f_23.05,f_23.05,r0050,c0140,dp432306,64344,
f_23.05,f_23.05,r0050,c0150,dp432307,12629,
f_23.05,f_23.05,r0050,c0160,dp432310,93117,
f_23.05,f_23.05,r0050,c0170,dp432311,42482,
f_23.05,f_23.05,r0060,c0010,dp432280,390725,
f_23.05,f_23.05,r0060,c0020,dp432261,92288,
f_23.05,f_23.05,r0060,c0030,dp432290,25447,
f_23.05,f_23.05,r0060,c0040,dp432291,90891,
f_23.05,f_23.05,r0060,c0050,dp432265,22978,
f_23.05,f_23.05,r0060,c0060,dp432281,365278,
f_23.05,f_23.05,r0060,c0070,dp432262,69310,
f_23.05,f_23.05,r0060,c0080,dp432286,8083,
f_23.05,f_23.05,r0060,c0090,dp432263,30073,
f_23.05,f_23.05,r0060,c0100,dp432287,357195,
f_23.05,f_23.05,r0060,c0110,dp432264,39237,
f_23.05,f_23.05,r0060,c0120,dp432283,75310,
f_23.05,f_23.05,r0060,c0130,dp432282,12649,
f_23.05,f_23.05,r0060,c0140,dp432284,66030,
f_23.05,f_23.05,r0060,c0150,dp432285,48888,
f_23.05,f_23.05,r0060,c0160,dp432288,80451,
f_23.05,f_23.05,r0060,c0170,dp432289,73867,
f_23.05,f_23.05,r0070,c0010,dp432266,543042,
f_23.05,f_23.05,r0070,c0020,dp432256,122026,
f_23.05,f_23.05,r0070,c0030,dp432276,89008,
f_23.05,f_23.05,r0070,c0040,dp432277,94814,
f_23.05,f_23.05,r0070,c0050,dp432260,36590,
f_23.05,f_23.05,r0070,c0060,dp432267,454034,
f_23.05,f_23.05,r0070,c0070,dp432257,85436,
f_23.05,f_23.05,r0070,c0080,dp432272,44201,
f_23.05,f_23.05,r0070,c0090,dp432258,55924,
f_23.05,f_23.05,r0070,c0100,dp432273,409833,
f_23.05,f_23.05,r0070,c0110,dp432259,29512,
f_23.05,f_23.05,r0070,c0120,dp432269,78021,
f_23.05,f_23.05,r0070,c0130,dp432268,68741,
f_23.05,f_23.05,r0070,c0140,dp432270,99105,
f_23.05,f_23.05,r0070,c0150,dp432271,24205,
f_23.05,f_23.05,r0070,c0160,dp432274,86903,
f_23.05,f_23.05,r0070,c0170,dp432275,52858,
f_23.05,f_23.05,r0080,c0010,dp432190,494192,
f_23.05,f_23.05,r0080,c0020,dp432180,157361,
f_23.05,f_23.05,r0080,c0030,dp432200,80313,
f_23.05,f_23.05,r0080,c0040,dp432201,68373,
f_23.05,f_23.05,r0080,c0050,dp432184,78875,
f_23.05,f_23.05,r0080,c0060,dp432191,413879,
f_23.05,f_23.05,r0080,c0070,dp432181,78486,
f_23.05,f_23.05,r0080,c0080,dp432196,57758,
f_23.05,f_23.05,r0080,c0090,dp432182,70412,
f_23.05,f_23.05,r0080,c0100,dp432197,356121,
f_23.05,f_23.05,r0080,c0110,dp432183,8074,
f_23.05,f_23.05,r0080,c0120,dp432193,55277,
f_23.05,f_23.05,r0080,c0130,dp432192,67133,
f_23.05,f_23.05,r0080,c0140,dp432194,36020,
f_23.05,f_23.05,r0080,c0150,dp432195,41275,
f_23.05,f_23.05,r0080,c0160,dp432198,72763,
f_23.05,f_23.05,r0080,c0170,dp432199,83653,
f_23.05,f_23.05,r0090,c0010,dp431984,359737,
f_23.05,f_23.05,r0090,c0020,dp431964,28297,
f_23.05,f_23.05,r0090,c0030,dp431994,58016,
f_23.05,f_23.05,r0090,c0040,dp431995,19059,
f_23.05,f_23.05,r0090,c0050,dp431968,9468,
f_23.05,f_23.05,r0090,c0060,dp431985,301721,
f_23.05,f_23.05,r0090,c0070,dp431965,18829,
f_23.05,f_23.05,r0090,c0080,dp431990,75181,
f_23.05,f_23.05,r0090,c0090,dp431966,12495,
f_23.05,f_23.05,r0090,c0100,dp431991,226540,
f_23.05,f_23.05,r0090,c0110,dp431967,6334,
f_23.05,f_23.05,r0090,c0120,dp431987,30556,
f_23.05,f_23.05,r0090,c0130,dp431986,26115,
f_23.05,f_23.05,r0090,c0140,dp431988,99582,
f_23.05,f_23.05,r0090,c0150,dp431989,62,
f_23.05,f_23.05,r0090,c0160,dp431992,61417,
f_23.05,f_23.05,r0090,c0170,dp431993,8808,
f_23.05,f_23.05,r0100,c0010,dp432020,481652,
f_23.05,f_23.05,r0100,c0020,dp431979,136362,
f_23.05,f_23.05,r0100,c0030,dp432030,55592,
f_23.05,f_23.05,r0100,c0040,dp432031,81028,
f_23.05,f_23.05,r0100,c0050,dp431983,24832,
f_23.05,f_23.05,r0100,c0060,dp432021,426060,
f_23.05,f_23.05,r0100,c0070,dp431980,111530,
f_23.05,f_23.05,r0100,c0080,dp432026,54022,
f_23.05,f_23.05,r0100,c0090,dp431981,39852,
f_23.05,f_23.05,r0100,c0100,dp432027,372038,
f_23.05,f_23.05,r0100,c0110,dp431982,71678,
f_23.05,f_23.05,r0100,c0120,dp432023,98970,
f_23.05,f_23.05,r0100,c0130,dp432022,62641,
f_23.05,f_23.05,r0100,c0140,dp432024,43899,
f_23.05,f_23.05,r0100,c0150,dp432025,75435,
f_23.05,f_23.05,r0100,c0160,dp432028,27585,
f_23.05,f_23.05,r0100,c0170,dp432029,63508,
f_23.05,f_23.05,r0110,c0010,dp432148,333446,
f_23.05,f_23.05,r0110,c0020,dp432112,213149,
f_23.05,f_23.05,r0110,c0030,dp432158,23581,
f_23.05,f_23.05,r0110,c0040,dp432159,73842,
f_23.05,f_23.05,r0110,c0050,dp432116,88119,
f_23.05,f_23.05,r0110,c0060,dp432149,309865,
f_23.05,f_23.05,r0110,c0070,dp432113,125030,
f_23.05,f_23.05,r0110,c0080,dp432154,51161,
f_23.05,f_23.05,r0110,c0090,dp432114,46204,
f_23.05,f_23.05,r0110,c0100,dp432155,258704,
f_23.05,f_23.05,r0110,c0110,dp432115,78826,
f_23.05,f_23.05,r0110,c0120,dp432151,21112,
f_23.05,f_23.05,r0110,c0130,dp432150,76947,
f_23.05,f_23.05,r0110,c0140,dp432152,74356,
f_23.05,f_23.05,r0110,c0150,dp432153,4052,
f_23.05,f_23.05,r0110,c0160,dp432156,42646,
f_23.05,f_23.05,r0110,c0170,dp432157,39591,
f_23.05,f_23.05,r0120,c0010,dp432122,531497,
f_23.05,f_23.05,r0120,c0020,dp432102,235562,
f_23.05,f_23.05,r0120,c0030,dp432132,92040,
f_23.05,f_23.05,r0120,c0040,dp432133,36646,
f_23.05,f_23.05,r0120,c0050,dp432106,89076,
f_23.05,f_23.05,r0120,c0060,dp432123,439457,
f_23.05,f_23.05,r0120,c0070,dp432103,146486,
f_23.05,f_23.05,r0120,c0080,dp432128,58340,
f_23.05,f_23.05,r0120,c0090,dp432104,71273,
f_23.05,f_23.05,r0120,c0100,dp432129,381117,
f_23.05,f_23.05,r0120,c0110,dp432105,75213,
f_23.05,f_23.05,r0120,c0120,dp432125,71230,
f_23.05,f_23.05,r0120,c0130,dp432124,34857,
f_23.05,f_23.05,r0120,c0140,dp432126,63158,
f_23.05,f_23.05,r0120,c0150,dp432127,96203,
f_23.05,f_23.05,r0120,c0160,dp432130,18723,
f_23.05,f_23.05,r0120,c0170,dp432131,96946,
f_23.05,f_23.05,r0130,c0010,dp432078,405207,
f_23.05,f_23.05,r0130,c0020,dp432042,160427,
f_23.05,f_23.05,r0130,c0030,dp432088,46954,
f_23.05,f_23.05,r0130,c0040,dp432089,32422,
f_23.05,f_23.05,r0130,c0050,dp432046,29379,
f_23.05,f_23.05,r0130,c0060,dp432079,358253,
f_23.05,f_23.05,r0130,c0070,dp432043,131048,
f_23.05,f_23.05,r0130,c0080,dp432084,39177,
f_23.05,f_23.05,r0130,c0090,dp432044,66182,
f_23.05,f_23.05,r0130,c0100,dp432085,319076,
f_23.05,f_23.05,r0130,c0110,dp432045,64866,
f_23.05,f_23.05,r0130,c0120,dp432081,65941,
f_23.05,f_23.05,r0130,c0130,dp432080,40127,
f_23.05,f_23.05,r0130,c0140,dp432082,5776,
f_23.05,f_23.05,r0130,c0150,dp432083,89456,
f_23.05,f_23.05,r0130,c0160,dp432086,56247,
f_23.05,f_23.05,r0130,c0170,dp432087,61529,
f_23.05,f_23.05,r0140,c0010,dp432052,354015,
f_23.05,f_23.05,r0140,c0020,dp432032,193803,
f_23.05,f_23.05,r0140,c0030,dp432062,1951,
f_23.05,f_23.05,r0140,c0040,dp432063,80446,
f_23.05,f_23.05,r0140,c0050,dp432036,35258,
f_23.05,f_23.05,r0140,c0060,dp432053,352064,
f_23.05,f_23.05,r0140,c0070,dp432033,158545,
f_23.05,f_23.05,r0140,c0080,dp432058,97646,
f_23.05,f_23.05,r0140,c0090,dp432034,89902,
f_23.05,f_23.05,r0140,c0100,dp432059,254418,
f_23.05,f_23.05,r0140,c0110,dp432035,68643,
f_23.05,f_23.05,r0140,c0120,dp432055,51846,
f_23.05,f_23.05,r0140,c0130,dp432054,31698,
f_23.05,f_23.05,r0140,c0140,dp432056,92741,
f_23.05,f_23.05,r0140,c0150,dp432057,6009,
f_23.05,f_23.05,r0140,c0160,dp432060,71727,
f_23.05,f_23.05,r0140,c0170,dp432061,397,
f_23.05,f_23.05,r0150,c0010,dp432202,386745,
f_23.05,f_23.05,r0150,c0020,dp432185,51925,
f_23.05,f_23.05,r0150,c0030,dp432212,52039,
f_23.05,f_23.05,r0150,c0040,dp432213,72709,
f_23.05,f_23.05,r0150,c0050,dp432189,9811,
f_23.05,f_23.05,r0150,c0060,dp432203,334706,
f_23.05,f_23.05,r0150,c0070,dp432186,42114,
f_23.05,f_23.05,r0150,c0080,dp432208,84740,
f_23.05,f_23.05,r0150,c0090,dp432187,1036,
f_23.05,f_23.05,r0150,c0100,dp432209,249966,
f_23.05,f_23.05,r0150,c0110,dp432188,41078,
f_23.05,f_23.05,r0150,c0120,dp432205,92564,
f_23.05,f_23.05,r0150,c0130,dp432204,34080,
f_23.05,f_23.05,r0150,c0140,dp432206,14131,
f_23.05,f_23.05,r0150,c0150,dp432207,14972,
f_23.05,f_23.05,r0150,c0160,dp432210,36815,
f_23.05,f_23.05,r0150,c0170,dp432211,57404,
f_23.05,f_23.05,r0160,c0010,dp431996,408081,
f_23.05,f_23.05,r0160,c0020,dp431969,133975,
f_23.05,f_23.05,r0160,c0030,dp432006,9238,
f_23.05,f_23.05,r0160,c0040,dp432007,66498,
f_23.05,f_23.05,r0160,c0050,dp431973,29501,
f_23.05,f_23.05,r0160,c0060,dp431997,398843,
f_23.05,f_23.05,r0160,c0070,dp431970,104474,
f_23.05,f_23.05,r0160,c0080,dp432002,8631,
f_23.05,f_23.05,r0160,c0090,dp431971,20078,
f_23.05,f_23.05,r0160,c0100,dp432003,390212,
f_23.05,f_23.05,r0160,c0110,dp431972,84396,
f_23.05,f_23.05,r0160,c0120,dp431999,58277,
f_23.05,f_23.05,r0160,c0130,dp431998,98217,
f_23.05,f_23.05,r0160,c0140,dp432000,97869,
f_23.05,f_23.05,r0160,c0150,dp432001,57818,
f_23.05,f_23.05,r0160,c0160,dp432004,47023,
f_23.05,f_23.05,r0160,c0170,dp432005,31008,
f_23.05,f_23.05,r0170,c0010,dp432008,442501,
f_23.05,f_23.05,r0170,c0020,dp431974,178921,
f_23.05,f_23.05,r0170,c0030,dp432018,93767,
f_23.05,f_23.05,r0170,c0040,dp432019,19060,
f_23.05,f_23.05,r0170,c0050,dp431978,77955,
f_23.05,f_23.05,r0170,c0060,dp432009,348734,
f_23.05,f_23.05,r0170,c0070,dp431975,100966,
f_23.05,f_23.05,r0170,c0080,dp432014,26292,
f_23.05,f_23.05,r0170,c0090,dp431976,80491,
f_23.05,f_23.05,r0170,c0100,dp432015,322442,
f_23.05,f_23.05,r0170,c0110,dp431977,20475,
f_23.05,f_23.05,r0170,c0120,dp432011,57435,
f_23.05,f_23.05,r0170,c0130,dp432010,87022,
f_23.05,f_23.05,r0170,c0140,dp432012,91679,
f_23.05,f_23.05,r0170,c0150,dp432013,27020,
f_23.05,f_23.05,r0170,c0160,dp432016,42484,
f_23.05,f_23.05,r0170,c0170,dp432017,16802,
f_23.05,f_23.05,r0180,c0010,dp432160,516404,
f_23.05,f_23.05,r0180,c0020,dp432117,203885,
f_23.05,f_23.05,r0180,c0030,dp432170,86081,
f_23.05,f_23.05,r0180,c0040,dp432171,83432,
f_23.05,f_23.05,r0180,c0050,dp432121,66061,
f_23.05,f_23.05,r0180,c0060,dp432161,430323,
f_23.05,f_23.05,r0180,c0070,dp432118,137824,
f_23.05,f_23.05,r0180,c0080,dp432166,50390,
f_23.05,f_23.05,r0180,c0090,dp432119,68677,
f_23.05,f_23.05,r0180,c0100,dp432167,379933,
f_23.05,f_23.05,r0180,c0110,dp432120,69147,
f_23.05,f_23.05,r0180,c0120,dp432163,79432,
f_23.05,f_23.05,r0180,c0130,dp432162,25146,
f_23.05,f_23.05,r0180,c0140,dp432164,16997,
f_23.05,f_23.05,r0180,c0150,dp432165,78309,
f_23.05,f_23.05,r0180,c0160,dp432168,93991,
f_23.05,f_23.05,r0180,c0170,dp432169,86058,
f_23.05,f_23.05,r0190,c0010,dp432134,352368,
f_23.05,f_23.05,r0190,c0020,dp432107,187504,
f_23.05,f_23.05,r0190,c0030,dp432144,70024,
f_23.05,f_23.05,r0190,c0040,dp432145,70660,
f_23.05,f_23.05,r0190,c0050,dp432111,83020,
f_23.05,f_23.05,r0190,c0060,dp432135,282344,
f_23.05,f_23.05,r0190,c0070,dp432108,104484,
f_23.05,f_23.05,r0190,c0080,dp432140,24367,
f_23.05,f_23.05,r0190,c0090,dp432109,91896,
f_23.05,f_23.05,r0190,c0100,dp432141,257977,
f_23.05,f_23.05,r0190,c0110,dp432110,12588,
f_23.05,f_23.05,r0190,c0120,dp432137,83444,
f_23.05,f_23.05,r0190,c0130,dp432136,7358,
f_23.05,f_23.05,r0190,c0140,dp432138,58086,
f_23.05,f_23.05,r0190,c0150,dp432139,28377,
f_23.05,f_23.05,r0190,c0160,dp432142,46362,
f_23.05,f_23.05,r0190,c0170,dp432143,34350,
f_23.05,f_23.05,r0200,c0010,dp432090,349189,
f_23.05,f_23.05,r0200,c0020,dp432047,133254,
f_23.05,f_23.05,r0200,c0030,dp432100,83611,
f_23.05,f_23.05,r0200,c0040,dp432101,77323,
f_23.05,f_23.05,r0200,c0050,dp432051,90075,
f_23.05,f_23.05,r0200,c0060,dp432091,265578,
f_23.05,f_23.05,r0200,c0070,dp432048,43179,
f_23.05,f_23.05,r0200,c0080,dp432096,42184,
f_23.05,f_23.05,r0200,c0090,dp432049,20484,
f_23.05,f_23.05,r0200,c0100,dp432097,223394,
f_23.05,f_23.05,r0200,c0110,dp432050,22695,
f_23.05,f_23.05,r0200,c0120,dp432093,63376,
f_23.05,f_23.05,r0200,c0130,dp432092,26823,
f_23.05,f_23.05,r0200,c0140,dp432094,13985,
f_23.05,f_23.05,r0200,c0150,dp432095,42141,
f_23.05,f_23.05,r0200,c0160,dp432098,47351,
f_23.05,f_23.05,r0200,c0170,dp432099,29718,
f_23.05,f_23.05,r0210,c0010,dp432064,385734,
f_23.05,f_23.05,r0210,c0020,dp432037,84711,
f_23.05,f_23.05,r0210,c0030,dp432074,2410,
f_23.05,f_23.05,r0210,c0040,dp432075,35129,
f_23.05,f_23.05,r0210,c0050,dp432041,37020,
f_23.05,f_23.05,r0210,c0060,dp432065,383324,
f_23.05,f_23.05,r0210,c0070,dp432038,47691,
f_23.05,f_23.05,r0210,c0080,dp432070,45900,
f_23.05,f_23.05,r0210,c0090,dp432039,5646,
f_23.05,f_23.05,r0210,c0100,dp432071,337424,
f_23.05,f_23.05,r0210,c0110,dp432040,42045,
f_23.05,f_23.05,r0210,c0120,dp432067,14613,
f_23.05,f_23.05,r0210,c0130,dp432066,99966,
f_23.05,f_23.05,r0210,c0140,dp432068,69822,
f_23.05,f_23.05,r0210,c0150,dp432069,73858,
f_23.05,f_23.05,r0210,c0160,dp432072,64512,
f_23.05,f_23.05,r0210,c0170,dp432073,14653,
f_23.05,f_23.05,r0220,c0010,dp433384,132334,
f_23.05,f_23.05,r0220,c0030,dp433388,68227,
f_23.05,f_23.05,r0220,c0040,dp433389,65107,
f_23.05,f_23.05,r0220,c0060,dp433385,64107,
f_23.05,f_23.05,r0220,c0080,dp433386,4001,
f_23.05,f_23.05,r0220,c0100,dp433387,60106,
f_23.05,f_23.05,r0230,c0010,dp433378,105658,
f_23.05,f_23.05,r0230,c0030,dp433382,65310,
f_23.05,f_23.05,r0230,c0040,dp433383,29381,
f_23.05,f_23.05,r0230,c0060,dp433379,40348,
f_23.05,f_23.05,r0230,c0080,dp433380,34812,
f_23.05,f_23.05,r0230,c0100,dp433381,5536,
f_23.06,f_23.06,r0010,c0010,dp432780,-472843,
f_23.06,f_23.06,r0010,c0020,dp432775,-47725,
f_23.06,f_23.06,r0010,c0030,dp432790,-23063,
f_23.06,f_23.06,r0010,c0040,dp432791,-11714,
f_23.06,f_23.06,r0010,c0050,dp432779,-25085,
f_23.06,f_23.06,r0010,c0060,dp432781,-449780,
f_23.06,f_23.06,r0010,c0070,dp432776,-22640,
f_23.06,f_23.06,r0010,c0080,dp432786,-47881,
f_23.06,f_23.06,r0010,c0090,dp432777,-6081,
f_23.06,f_23.06,r0010,c0100,dp432787,-401899,
f_23.06,f_23.06,r0010,c0110,dp432778,-16559,
f_23.06,f_23.06,r0010,c0120,dp432783,-69451,
f_23.06,f_23.06,r0010,c0130,dp432782,-13662,
f_23.06,f_23.06,r0010,c0140,dp432784,-55642,
f_23.06,f_23.06,r0010,c0150,dp432785,-78043,
f_23.06,f_23.06,r0010,c0160,dp432788,-96007,
f_23.06,f_23.06,r0010,c0170,dp432789,-89094,
f_23.06,f_23.06,r0020,c0010,dp432695,-513128,
f_23.06,f_23.06,r0020,c0020,dp432678,-79727,
f_23.06,f_23.06,r0020,c0030,dp432705,-44695,
f_23.06,f_23.06,r0020,c0040,dp432706,-68786,
f_23.06,f_23.06,r0020,c0050,dp432682,-8566,
f_23.06,f_23.06,r0020,c0060,dp432696,-468433,
f_23.06,f_23.06,r0020,c0070,dp432679,-71161,
f_23.06,f_23.06,r0020,c0080,dp432701,-54911,
f_23.06,f_23.06,r0020,c0090,dp432680,-31395,
f_23.06,f_23.06,r0020,c0100,dp432702,-413522,
f_23.06,f_23.06,r0020,c0110,dp432681,-39766,
f_23.06,f_23.06,r0020,c0120,dp432698,-88717,
f_23.06,f_23.06,r0020,c0130,dp432697,-37301,
f_23.06,f_23.06,r0020,c0140,dp432699,-77419,
f_23.06,f_23.06,r0020,c0150,dp432700,-63485,
f_23.06,f_23.06,r0020,c0160,dp432703,-70349,
f_23.06,f_23.06,r0020,c0170,dp432704,-76251,
f_23.06,f_23.06,r0030,c0010,dp432683,-392300,
f_23.06,f_23.06,r0030,c0020,dp432673,-195436,
f_23.06,f_23.06,r0030,c0030,dp432693,-15798,
f_23.06,f_23.06,r0030,c0040,dp432694,-93177,
f_23.06,f_23.06,r0030,c0050,dp432677,-93180,
f_23.06,f_23.06,r0030,c0060,dp432684,-376502,
f_23.06,f_23.06,r0030,c0070,dp432674,-102256,
f_23.06,f_23.06,r0030,c0080,dp432689,-88460,
f_23.06,f_23.06,r0030,c0090,dp432675,-98610,
f_23.06,f_23.06,r0030,c0100,dp432690,-288042,
f_23.06,f_23.06,r0030,c0110,dp432676,-3646,
f_23.06,f_23.06,r0030,c0120,dp432686,-62472,
f_23.06,f_23.06,r0030,c0130,dp432685,-35705,
f_23.06,f_23.06,r0030,c0140,dp432687,-77488,
f_23.06,f_23.06,r0030,c0150,dp432688,-65863,
f_23.06,f_23.06,r0030,c0160,dp432691,-5147,
f_23.06,f_23.06,r0030,c0170,dp432692,-41367,
f_23.06,f_23.06,r0040,c0010,dp432763,-354617,
f_23.06,f_23.06,r0040,c0020,dp432746,-196642,
f_23.06,f_23.06,r0040,c0030,dp432773,-6371,
f_23.06,f_23.06,r0040,c0040,dp432774,-30914,
f_23.06,f_23.06,r0040,c0050,dp432750,-53971,
f_23.06,f_23.06,r0040,c0060,dp432764,-348246,
f_23.06,f_23.06,r0040,c0070,dp432747,-142671,
f_23.06,f_23.06,r0040,c0080,dp432769,-95789,
f_23.06,f_23.06,r0040,c0090,dp432748,-47568,
f_23.06,f_23.06,r0040,c0100,dp432770,-252457,
f_23.06,f_23.06,r0040,c0110,dp432749,-95103,
f_23.06,f_23.06,r0040,c0120,dp432766,-4639,
f_23.06,f_23.06,r0040,c0130,dp432765,-19343,
f_23.06,f_23.06,r0040,c0140,dp432767,-77934,
f_23.06,f_23.06,r0040,c0150,dp432768,-73677,
f_23.06,f_23.06,r0040,c0160,dp432771,-24135,
f_23.06,f_23.06,r0040,c0170,dp432772,-52729,
f_23.06,f_23.06,r0050,c0010,dp432751,-311523,
f_23.06,f_23.06,r0050,c0020,dp432741,-116977,
f_23.06,f_23.06,r0050,c0030,dp432761,-47548,
f_23.06,f_23.06,r0050,c0040,dp432762,-88267,
f_23.06,f_23.06,r0050,c0050,dp432745,-21133,
f_23.06,f_23.06,r0050,c0060,dp432752,-263975,
f_23.06,f_23.06,r0050,c0070,dp432742,-95844,
f_23.06,f_23.06,r0050,c0080,dp432757,-18608,
f_23.06,f_23.06,r0050,c0090,dp432743,-15369,
f_23.06,f_23.06,r0050,c0100,dp432758,-245367,
f_23.06,f_23.06,r0050,c0110,dp432744,-80475,
f_23.06,f_23.06,r0050,c0120,dp432754,-14686,
f_23.06,f_23.06,r0050,c0130,dp432753,-55464,
f_23.06,f_23.06,r0050,c0140,dp432755,-42220,
f_23.06,f_23.06,r0050,c0150,dp432756,-55658,
f_23.06,f_23.06,r0050,c0160,dp432759,-56863,
f_23.06,f_23.06,r0050,c0170,dp432760,-20476,
f_23.06,f_23.06,r0060,c0010,dp432729,-456348,
f_23.06,f_23.06,r0060,c0020,dp432712,-120240,
f_23.06,f_23.06,r0060,c0030,dp432739,-50326,
f_23.06,f_23.06,r0060,c0040,dp432740,-31757,
f_23.06,f_23.06,r0060,c0050,dp432716,-76592,
f_23.06,f_23.06,r0060,c0060,dp432730,-406022,
f_23.06,f_23.06,r0060,c0070,dp432713,-43648,
f_23.06,f_23.06,r0060,c0080,dp432735,-87669,
f_23.06,f_23.06,r0060,c0090,dp432714,-12102,
f_23.06,f_23.06,r0060,c0100,dp432736,-318353,
f_23.06,f_23.06,r0060,c0110,dp432715,-31546,
f_23.06,f_23.06,r0060,c0120,dp432732,-50061,
f_23.06,f_23.06,r0060,c0130,dp432731,-75257,
f_23.06,f_23.06,r0060,c0140,dp432733,-17745,
f_23.06,f_23.06,r0060,c0150,dp432734,-75647,
f_23.06,f_23.06,r0060,c0160,dp432737,-26440,
f_23.06,f_23.06,r0060,c0170,dp432738,-73203,
f_23.06,f_23.06,r0070,c0010,dp432717,-437281,
f_23.06,f_23.06,r0070,c0020,dp432707,-88542,
f_23.06,f_23.06,r0070,c0030,dp432727,-85696,
f_23.06,f_23.06,r0070,c0040,dp432728,-23541,
f_23.06,f_23.06,r0070,c0050,dp432711,-16987,
f_23.06,f_23.06,r0070,c0060,dp432718,-351585,
f_23.06,f_23.06,r0070,c0070,dp432708,-71555,
f_23.06,f_23.06,r0070,c0080,dp432723,-16286,
f_23.06,f_23.06,r0070,c0090,dp432709,-33560,
f_23.06,f_23.06,r0070,c0100,dp432724,-335299,
f_23.06,f_23.06,r0070,c0110,dp432710,-37995,
f_23.06,f_23.06,r0070,c0120,dp432720,-79767,
f_23.06,f_23.06,r0070,c0130,dp432719,-62223,
f_23.06,f_23.06,r0070,c0140,dp432721,-89919,
f_23.06,f_23.06,r0070,c0150,dp432722,-36435,
f_23.06,f_23.06,r0070,c0160,dp432725,-9132,
f_23.06,f_23.06,r0070,c0170,dp432726,-57823,
f_24.01,f_24.01,r0010,c0010,dp5487677,41201,
f_24.01,f_24.01,r0010,c0020,dp431320,6663,
f_24.01,f_24.01,r0010,c0030,dp431306,48780,
f_24.01,f_24.01,r0010,c0040,dp431837,5399,
f_24.01,f_24.01,r0010,c0050,dp431757,18815,
f_24.01,f_24.01,r0010,c0060,dp431738,12786,
f_24.01,f_24.01,r0010,c0070,dp431520,25406,
f_24.01,f_24.01,r0020,c0010,dp429492,513252,
f_24.01,f_24.01,r0020,c0020,dp432842,425900,
f_24.01,f_24.01,r0020,c0030,dp432838,391570,
f_24.01,f_24.01,r0020,c0040,dp432951,365893,
f_24.01,f_24.01,r0020,c0050,dp432922,264700,
f_24.01,f_24.01,r0020,c0060,dp432918,298393,
f_24.01,f_24.01,r0020,c0070,dp432872,485088,
f_24.01,f_24.01,r0030,c0010,dp5488720,99466,
f_24.01,f_24.01,r0030,c0020,dp432799,69853,
f_24.01,f_24.01,r0030,c0030,dp432798,7536,
f_24.01,f_24.01,r0030,c0040,dp432930,20644,
f_24.01,f_24.01,r0030,c0050,dp432879,91471,
f_24.01,f_24.01,r0030,c0060,dp432878,67040,
f_24.01,f_24.01,r0030,c0070,dp432852,85276,
f_24.01,f_24.01,r0040,c0010,dp5488712,74262,
f_24.01,f_24.01,r0040,c0020,dp432804,19465,
f_24.01,f_24.01,r0040,c0030,dp432802,62474,
f_24.01,f_24.01,r0040,c0040,dp432932,9971,
f_24.01,f_24.01,r0040,c0050,dp432884,36072,
f_24.01,f_24.01,r0040,c0060,dp432882,16610,
f_24.01,f_24.01,r0040,c0070,dp432854,36694,
f_24.01,f_24.01,r0050,c0010,dp5488723,92904,
f_24.01,f_24.01,r0050,c0020,dp432805,77457,
f_24.01,f_24.01,r0050,c0030,dp432803,8148,
f_24.01,f_24.01,r0050,c0040,dp432933,72786,
f_24.01,f_24.01,r0050,c0050,dp432885,38257,
f_24.01,f_24.01,r0050,c0060,dp432883,34871,
f_24.01,f_24.01,r0050,c0070,dp432855,9839,
f_24.01,f_24.01,r0060,c0010,dp5488719,87028,
f_24.01,f_24.01,r0060,c0020,dp432809,90073,
f_24.01,f_24.01,r0060,c0030,dp432808,83445,
f_24.01,f_24.01,r0060,c0040,dp432935,57690,
f_24.01,f_24.01,r0060,c0050,dp432889,22696,
f_24.01,f_24.01,r0060,c0060,dp432888,13505,
f_24.01,f_24.01,r0060,c0070,dp432857,84172,
f_24.01,f_24.01,r0070,c0010,dp5488718,47286,
f_24.01,f_24.01,r0070,c0020,dp432813,96256,
f_24.01,f_24.01,r0070,c0030,dp432812,66043,
f_24.01,f_24.01,r0070,c0040,dp432937,43122,
f_24.01,f_24.01,r0070,c0050,dp432893,57128,
f_24.01,f_24.01,r0070,c0060,dp432892,38878,
f_24.01,f_24.01,r0070,c0070,dp432859,69241,
f_24.01,f_24.01,r0080,c0010,dp5488729,205210,
f_24.01,f_24.01,r0080,c0020,dp432815,150253,
f_24.01,f_24.01,r0080,c0030,dp432814,172072,
f_24.01,f_24.01,r0080,c0040,dp432938,234466,
f_24.01,f_24.01,r0080,c0050,dp432895,57333,
f_24.01,f_24.01,r0080,c0060,dp432894,162360,
f_24.01,f_24.01,r0080,c0070,dp432860,209705,
f_24.01,f_24.01,r0090,c0010,dp5488722,86178,
f_24.01,f_24.01,r0090,c0020,dp432843,75137,
f_24.01,f_24.01,r0090,c0030,dp432839,89033,
f_24.01,f_24.01,r0090,c0040,dp432952,99855,
f_24.01,f_24.01,r0090,c0050,dp432923,31346,
f_24.01,f_24.01,r0090,c0060,dp432919,96056,
f_24.01,f_24.01,r0090,c0070,dp432873,85139,
f_24.01,f_24.01,r0100,c0010,dp5488731,90232,
f_24.01,f_24.01,r0100,c0020,dp432846,8320,
f_24.01,f_24.01,r0100,c0030,dp432841,41399,
f_24.01,f_24.01,r0100,c0040,dp432954,29086,
f_24.01,f_24.01,r0100,c0050,dp432925,60897,
f_24.01,f_24.01,r0100,c0060,dp432921,75990,
f_24.01,f_24.01,r0100,c0070,dp432875,52119,
f_24.01,f_24.01,r0110,c0010,dp5488730,36370,
f_24.01,f_24.01,r0110,c0020,dp432844,88211,
f_24.01,f_24.01,r0110,c0030,dp432840,30585,
f_24.01,f_24.01,r0110,c0040,dp432953,57025,
f_24.01,f_24.01,r0110,c0050,dp432924,67800,
f_24.01,f_24.01,r0110,c0060,dp432920,73189,
f_24.01,f_24.01,r0110,c0070,dp432874,73155,
f_24.01,f_24.01,r0120,c0010,dp429493,-583551,
f_24.01,f_24.01,r0120,c0020,dp432849,-786678,
f_24.01,f_24.01,r0120,c0030,dp432847,-708022,
f_24.01,f_24.01,r0120,c0040,dp432956,-602541,
f_24.01,f_24.01,r0120,c0050,dp432928,-743401,
f_24.01,f_24.01,r0120,c0060,dp432926,-735545,
f_24.01,f_24.01,r0120,c0070,dp432876,-612848,
f_24.01,f_24.01,r0130,c0010,dp5488708,-52742,
f_24.01,f_24.01,r0130,c0020,dp432801,-28574,
f_24.01,f_24.01,r0130,c0030,dp432800,-91524,
f_24.01,f_24.01,r0130,c0040,dp432931,-7487,
f_24.01,f_24.01,r0130,c0050,dp432881,-68538,
f_24.01,f_24.01,r0130,c0060,dp432880,-18736,
f_24.01,f_24.01,r0130,c0070,dp432853,-62394,
f_24.01,f_24.01,r0140,c0010,dp5488709,-42068,
f_24.01,f_24.01,r0140,c0020,dp432807,-68017,
f_24.01,f_24.01,r0140,c0030,dp432806,-21326,
f_24.01,f_24.01,r0140,c0040,dp432934,-2123,
f_24.01,f_24.01,r0140,c0050,dp432887,-67753,
f_24.01,f_24.01,r0140,c0060,dp432886,-67454,
f_24.01,f_24.01,r0140,c0070,dp432856,-49087,
f_24.01,f_24.01,r0150,c0010,dp5488725,-18093,
f_24.01,f_24.01,r0150,c0020,dp432819,-82578,
f_24.01,f_24.01,r0150,c0030,dp432818,-91616,
f_24.01,f_24.01,r0150,c0040,dp432940,-58552,
f_24.01,f_24.01,r0150,c0050,dp432899,-68241,
f_24.01,f_24.01,r0150,c0060,dp432898,-91773,
f_24.01,f_24.01,r0150,c0070,dp432862,-6898,
f_24.01,f_24.01,r0160,c0010,dp5488713,-38161,
f_24.01,f_24.01,r0160,c0020,dp432821,-34188,
f_24.01,f_24.01,r0160,c0030,dp432820,-42035,
f_24.01,f_24.01,r0160,c0040,dp432941,-20172,
f_24.01,f_24.01,r0160,c0050,dp432901,-55523,
f_24.01,f_24.01,r0160,c0060,dp432900,-33596,
f_24.01,f_24.01,r0160,c0070,dp432863,-48792,
f_24.01,f_24.01,r0170,c0010,dp5486510,-34594,
f_24.01,f_24.01,r0170,c0020,dp433311,-22072,
f_24.01,f_24.01,r0170,c0030,dp433308,-44671,
f_24.01,f_24.01,r0170,c0040,dp433323,-62094,
f_24.01,f_24.01,r0170,c0050,dp433320,-14287,
f_24.01,f_24.01,r0170,c0060,dp433317,-38689,
f_24.01,f_24.01,r0170,c0070,dp433314,-54495,
f_24.01,f_24.01,r0180,c0010,dp5488717,-35519,
f_24.01,f_24.01,r0180,c0020,dp432823,-9017,
f_24.01,f_24.01,r0180,c0030,dp432822,-68401,
f_24.01,f_24.01,r0180,c0040,dp432942,-30291,
f_24.01,f_24.01,r0180,c0050,dp432903,-13741,
f_24.01,f_24.01,r0180,c0060,dp432902,-28208,
f_24.01,f_24.01,r0180,c0070,dp432864,-78087,
f_24.01,f_24.01,r0190,c0010,dp5488724,-19624,
f_24.01,f_24.01,r0190,c0020,dp432825,-95624,
f_24.01,f_24.01,r0190,c0030,dp432824,-85042,
f_24.01,f_24.01,r0190,c0040,dp432943,-96610,
f_24.01,f_24.01,r0190,c0050,dp432905,-41581,
f_24.01,f_24.01,r0190,c0060,dp432904,-1745,
f_24.01,f_24.01,r0190,c0070,dp432865,-42526,
f_24.01,f_24.01,r0200,c0010,dp5488726,-24830,
f_24.01,f_24.01,r0200,c0020,dp433302,-10099,
f_24.01,f_24.01,r0200,c0030,dp433301,-62922,
f_24.01,f_24.01,r0200,c0040,dp433306,-21886,
f_24.01,f_24.01,r0200,c0050,dp433305,-19986,
f_24.01,f_24.01,r0200,c0060,dp433304,-17858,
f_24.01,f_24.01,r0200,c0070,dp433303,-15975,
f_24.01,f_24.01,r0210,c0010,dp5488716,-99646,
f_24.01,f_24.01,r0210,c0020,dp432827,-64483,
f_24.01,f_24.01,r0210,c0030,dp432826,-32581,
f_24.01,f_24.01,r0210,c0040,dp432944,-3615,
f_24.01,f_24.01,r0210,c0050,dp432907,-31131,
f_24.01,f_24.01,r0210,c0060,dp432906,-96256,
f_24.01,f_24.01,r0210,c0070,dp432866,-13762,
f_24.01,f_24.01,r0220,c0010,dp5488711,-89777,
f_24.01,f_24.01,r0220,c0020,dp432811,-92565,
f_24.01,f_24.01,r0220,c0030,dp432810,-45639,
f_24.01,f_24.01,r0220,c0040,dp432936,-37321,
f_24.01,f_24.01,r0220,c0050,dp432891,-93833,
f_24.01,f_24.01,r0220,c0060,dp432890,-52696,
f_24.01,f_24.01,r0220,c0070,dp432858,-72406,
f_24.01,f_24.01,r0240,c0010,dp5488727,-46703,
f_24.01,f_24.01,r0240,c0020,dp432829,-56313,
f_24.01,f_24.01,r0240,c0030,dp432828,-20138,
f_24.01,f_24.01,r0240,c0040,dp432945,-71211,
f_24.01,f_24.01,r0240,c0050,dp432909,-93352,
f_24.01,f_24.01,r0240,c0060,dp432908,-33219,
f_24.01,f_24.01,r0240,c0070,dp432867,-40777,
f_24.01,f_24.01,r0250,c0010,dp5488714,-61996,
f_24.01,f_24.01,r0250,c0020,dp432831,-95711,
f_24.01,f_24.01,r0250,c0030,dp432830,-88122,
f_24.01,f_24.01,r0250,c0040,dp432946,-44595,
f_24.01,f_24.01,r0250,c0050,dp432911,-32862,
f_24.01,f_24.01,r0250,c0060,dp432910,-11778,
f_24.01,f_24.01,r0250,c0070,dp432868,-496,
f_24.01,f_24.01,r0260,c0010,dp5486511,-64051,
f_24.01,f_24.01,r0260,c0020,dp433313,-23022,
f_24.01,f_24.01,r0260,c0030,dp433310,-86896,
f_24.01,f_24.01,r0260,c0040,dp433325,-51564,
f_24.01,f_24.01,r0260,c0050,dp433322,-55214,
f_24.01,f_24.01,r0260,c0060,dp433319,-30456,
f_24.01,f_24.01,r0260,c0070,dp433316,-75763,
f_24.01,f_24.01,r0270,c0010,dp5488728,-99143,
f_24.01,f_24.01,r0270,c0020,dp432833,-35889,
f_24.01,f_24.01,r0270,c0030,dp432832,-22756,
f_24.01,f_24.01,r0270,c0040,dp432947,-23475,
f_24.01,f_24.01,r0270,c0050,dp432913,-95227,
f_24.01,f_24.01,r0270,c0060,dp432912,-45466,
f_24.01,f_24.01,r0270,c0070,dp432869,-31590,
f_24.01,f_24.01,r0280,c0010,dp5488707,-17090,
f_24.01,f_24.01,r0280,c0020,dp432835,-64522,
f_24.01,f_24.01,r0280,c0030,dp432834,-55566,
f_24.01,f_24.01,r0280,c0040,dp432948,-69707,
f_24.01,f_24.01,r0280,c0050,dp432915,-81983,
f_24.01,f_24.01,r0280,c0060,dp432914,-91882,
f_24.01,f_24.01,r0280,c0070,dp432870,-30587,
f_24.01,f_24.01,r0290,c0010,dp5488715,-67073,
f_24.01,f_24.01,r0290,c0020,dp432837,-10897,
f_24.01,f_24.01,r0290,c0030,dp432836,-14210,
f_24.01,f_24.01,r0290,c0040,dp432949,-32178,
f_24.01,f_24.01,r0290,c0050,dp432917,-42332,
f_24.01,f_24.01,r0290,c0060,dp432916,-74342,
f_24.01,f_24.01,r0290,c0070,dp432871,-54745,
f_24.01,f_24.01,r0300,c0010,dp5488710,-176927,
f_24.01,f_24.01,r0300,c0020,dp432817,-214002,
f_24.01,f_24.01,r0300,c0030,dp432816,-172942,
f_24.01,f_24.01,r0300,c0040,dp432939,-233796,
f_24.01,f_24.01,r0300,c0050,dp432897,-190755,
f_24.01,f_24.01,r0300,c0060,dp432896,-291543,
f_24.01,f_24.01,r0300,c0070,dp432861,-244917,
f_24.01,f_24.01,r0310,c0010,dp5488721,-81548,
f_24.01,f_24.01,r0310,c0020,dp432850,-82159,
f_24.01,f_24.01,r0310,c0030,dp432848,-87823,
f_24.01,f_24.01,r0310,c0040,dp432957,-69712,
f_24.01,f_24.01,r0310,c0050,dp432929,-93310,
f_24.01,f_24.01,r0310,c0060,dp432927,-93238,
f_24.01,f_24.01,r0310,c0070,dp432877,-49593,
f_24.01,f_24.01,r0320,c0010,dp3528855,-29098,
f_24.01,f_24.01,r0320,c0020,dp431319,-354115,
f_24.01,f_24.01,r0320,c0030,dp431305,-267672,
f_24.01,f_24.01,r0320,c0040,dp431836,-231249,
f_24.01,f_24.01,r0320,c0050,dp431756,-459886,
f_24.01,f_24.01,r0320,c0060,dp431737,-424366,
f_24.01,f_24.01,r0320,c0070,dp431519,-102354,
f_24.02,f_24.02,r0010,c0010,dp432662,21226,
f_24.02,f_24.02,r0010,c0020,dp432434,96428,
f_24.02,f_24.02,r0010,c0030,dp432421,73304,
f_24.02,f_24.02,r0010,c0040,dp432637,89972,
f_24.02,f_24.02,r0010,c0050,dp432573,46438,
f_24.02,f_24.02,r0010,c0060,dp432560,33977,
f_24.02,f_24.02,r0010,c0070,dp432491,49065,
f_24.02,f_24.02,r0020,c0010,dp433335,-190338,
f_24.02,f_24.02,r0020,c0020,dp433330,-214658,
f_24.02,f_24.02,r0020,c0030,dp433329,-246974,
f_24.02,f_24.02,r0020,c0040,dp433334,-105778,
f_24.02,f_24.02,r0020,c0050,dp433333,-265914,
f_24.02,f_24.02,r0020,c0060,dp433332,-249849,
f_24.02,f_24.02,r0020,c0070,dp433331,-220535,
f_24.02,f_24.02,r0030,c0010,dp433342,-85027,
f_24.02,f_24.02,r0030,c0020,dp433337,-17008,
f_24.02,f_24.02,r0030,c0030,dp433336,-57992,
f_24.02,f_24.02,r0030,c0040,dp433341,-1068,
f_24.02,f_24.02,r0030,c0050,dp433340,-2678,
f_24.02,f_24.02,r0030,c0060,dp433339,-9050,
f_24.02,f_24.02,r0030,c0070,dp433338,-46978,
f_24.02,f_24.02,r0040,c0010,dp433349,207173,
f_24.02,f_24.02,r0040,c0020,dp433344,202658,
f_24.02,f_24.02,r0040,c0030,dp433343,206966,
f_24.02,f_24.02,r0040,c0040,dp433348,276589,
f_24.02,f_24.02,r0040,c0050,dp433347,208972,
f_24.02,f_24.02,r0040,c0060,dp433346,202119,
f_24.02,f_24.02,r0040,c0070,dp433345,185880,
f_24.02,f_24.02,r0050,c0010,dp433356,29203,
f_24.02,f_24.02,r0050,c0020,dp433351,6838,
f_24.02,f_24.02,r0050,c0030,dp433350,24078,
f_24.02,f_24.02,r0050,c0040,dp433355,65068,
f_24.02,f_24.02,r0050,c0050,dp433354,67079,
f_24.02,f_24.02,r0050,c0060,dp433353,29332,
f_24.02,f_24.02,r0050,c0070,dp433352,73198,
f_24.02,f_24.02,r0060,c0010,dp433363,23765,
f_24.02,f_24.02,r0060,c0020,dp433358,13474,
f_24.02,f_24.02,r0060,c0030,dp433357,49450,
f_24.02,f_24.02,r0060,c0040,dp433362,91105,
f_24.02,f_24.02,r0060,c0050,dp433361,79837,
f_24.02,f_24.02,r0060,c0060,dp433360,13712,
f_24.02,f_24.02,r0060,c0070,dp433359,40558,
f_24.02,f_24.02,r0070,c0010,dp432661,38061,
f_24.02,f_24.02,r0070,c0020,dp432433,84428,
f_24.02,f_24.02,r0070,c0030,dp432420,33296,
f_24.02,f_24.02,r0070,c0040,dp432636,260783,
f_24.02,f_24.02,r0070,c0050,dp432572,-10504,
f_24.02,f_24.02,r0070,c0060,dp432559,-13753,
f_24.02,f_24.02,r0070,c0070,dp432490,14410,
f_24.03,f_24.03,r0010,c0010,dp433370,-2169,
f_24.03,f_24.03,r0010,c0020,dp433365,-82298,
f_24.03,f_24.03,r0010,c0030,dp433364,-81440,
f_24.03,f_24.03,r0010,c0040,dp433369,-26128,
f_24.03,f_24.03,r0010,c0050,dp433368,-9723,
f_24.03,f_24.03,r0010,c0060,dp433367,-10309,
f_24.03,f_24.03,r0010,c0070,dp433366,-40148,
f_24.03,f_24.03,r0020,c0010,dp433377,-46626,
f_24.03,f_24.03,r0020,c0020,dp433372,-45305,
f_24.03,f_24.03,r0020,c0030,dp433371,-28062,
f_24.03,f_24.03,r0020,c0040,dp433376,-16083,
f_24.03,f_24.03,r0020,c0050,dp433375,-86762,
f_24.03,f_24.03,r0020,c0060,dp433374,-62515,
f_24.03,f_24.03,r0020,c0070,dp433373,-49872,
f_25.01.a,f_25.01.a,r0010,c0030,dp433545,152625,
f_25.01.a,f_25.01.a,r0010,c0040,dp433423,78249,
f_25.01.a,f_25.01.a,r0010,c0050,dp433548,20957,
f_25.01.a,f_25.01.a,r0010,c0060,dp433426,30021,
f_25.01.a,f_25.01.a,r0010,c0070,dp433547,99783,
f_25.01.a,f_25.01.a,r0010,c0080,dp433425,22070,
f_25.01.a,f_25.01.a,r0010,c0090,dp433546,31885,
f_25.01.a,f_25.01.a,r0010,c0100,dp433424,26158,
f_25.01.a,f_25.01.a,r0010,c0110,dp433643,51683,
f_25.01.a,f_25.01.a,r0010,c0120,dp433612,3212,
f_25.01.a,f_25.01.a,r0020,c0040,dp433457,603395,
f_25.01.a,f_25.01.a,r0020,c0060,dp433460,230205,
f_25.01.a,f_25.01.a,r0020,c0080,dp433459,163474,
f_25.01.a,f_25.01.a,r0020,c0100,dp433458,209716,
f_25.01.a,f_25.01.a,r0020,c0120,dp433621,152325,
f_25.01.a,f_25.01.a,r0030,c0030,dp433561,156796,
f_25.01.a,f_25.01.a,r0030,c0040,dp433439,77844,
f_25.01.a,f_25.01.a,r0030,c0050,dp433562,156796,
f_25.01.a,f_25.01.a,r0030,c0060,dp433440,77844,
f_25.01.a,f_25.01.a,r0030,c0110,dp433648,173543,
f_25.01.a,f_25.01.a,r0030,c0120,dp433617,152325,
f_25.01.a,f_25.01.a,r0040,c0040,dp433445,525551,
f_25.01.a,f_25.01.a,r0040,c0060,dp433448,152361,
f_25.01.a,f_25.01.a,r0040,c0080,dp433447,163474,
f_25.01.a,f_25.01.a,r0040,c0100,dp433446,209716,
f_25.01.a,f_25.01.a,r0050,c0040,dp433453,-826213,
f_25.01.a,f_25.01.a,r0050,c0060,dp433456,-351359,
f_25.01.a,f_25.01.a,r0050,c0080,dp433455,-322524,
f_25.01.a,f_25.01.a,r0050,c0100,dp433454,-152330,
f_25.01.a,f_25.01.a,r0050,c0120,dp433620,-335447,
f_25.01.a,f_25.01.a,r0060,c0030,dp433563,-578422,
f_25.01.a,f_25.01.a,r0060,c0040,dp433449,-167933,
f_25.01.a,f_25.01.a,r0060,c0050,dp433566,-218273,
f_25.01.a,f_25.01.a,r0060,c0060,dp433452,-85039,
f_25.01.a,f_25.01.a,r0060,c0070,dp433565,-191428,
f_25.01.a,f_25.01.a,r0060,c0080,dp433451,-48905,
f_25.01.a,f_25.01.a,r0060,c0090,dp433564,-168721,
f_25.01.a,f_25.01.a,r0060,c0100,dp433450,-33989,
f_25.01.a,f_25.01.a,r0060,c0110,dp433649,-190131,
f_25.01.a,f_25.01.a,r0060,c0120,dp433619,-303043,
f_25.01.a,f_25.01.a,r0090,c0030,dp433557,-201532,
f_25.01.a,f_25.01.a,r0090,c0040,dp433435,-108152,
f_25.01.a,f_25.01.a,r0090,c0050,dp433560,-89485,
f_25.01.a,f_25.01.a,r0090,c0060,dp433438,-66737,
f_25.01.a,f_25.01.a,r0090,c0070,dp433559,-49894,
f_25.01.a,f_25.01.a,r0090,c0080,dp433437,-24161,
f_25.01.a,f_25.01.a,r0090,c0090,dp433558,-62153,
f_25.01.a,f_25.01.a,r0090,c0100,dp433436,-17254,
f_25.01.a,f_25.01.a,r0090,c0110,dp433647,-53930,
f_25.01.a,f_25.01.a,r0090,c0120,dp433616,-32404,
f_25.01.a,f_25.01.a,r0110,c0040,dp433441,-550128,
f_25.01.a,f_25.01.a,r0110,c0060,dp433444,-199583,
f_25.01.a,f_25.01.a,r0110,c0080,dp433443,-249458,
f_25.01.a,f_25.01.a,r0110,c0100,dp433442,-101087,
f_25.01.a,f_25.01.a,r0120,c0030,dp433544,-470533,
f_25.01.a,f_25.01.a,r0120,c0040,dp433422,-144569,
f_25.01.a,f_25.01.a,r0120,c0050,dp433551,-130005,
f_25.01.a,f_25.01.a,r0120,c0060,dp433429,-91133,
f_25.01.a,f_25.01.a,r0120,c0070,dp433550,-141539,
f_25.01.a,f_25.01.a,r0120,c0080,dp433428,-136980,
f_25.01.a,f_25.01.a,r0120,c0090,dp433549,-198989,
f_25.01.a,f_25.01.a,r0120,c0100,dp433427,83544,
f_25.01.a,f_25.01.a,r0120,c0110,dp433642,-18835,
f_25.01.a,f_25.01.a,r0120,c0120,dp433611,-179910,
f_25.01.b,f_25.01.b,r0010,c0010,dp433579,3375,
f_25.01.b,f_25.01.b,r0010,c0020,dp433592,49627,
f_25.01.b,f_25.01.b,r0030,c0010,dp434197,124872,
f_25.01.b,f_25.01.b,r0030,c0020,dp434200,203690,
f_25.01.b,f_25.01.b,r0060,c0010,dp434199,-151143,
f_25.01.b,f_25.01.b,r0060,c0020,dp434202,-242732,
f_25.01.b,f_25.01.b,r0090,c0010,dp434198,-5415,
f_25.01.b,f_25.01.b,r0090,c0020,dp434201,-46239,
f_25.01.b,f_25.01.b,r0120,c0010,dp433578,-28311,
f_25.01.b,f_25.01.b,r0120,c0020,dp433591,-35654,
f_25.01.c,f_25.01.c,r0080,c0040,dp433467,4567,
f_25.02.a,f_25.02.a,r0010,c0010,dp433570,94128,
f_25.02.a,f_25.02.a,r0010,c0020,dp433583,-32154,
f_25.02.a,f_25.02.a,r0010,c0030,dp433516,14009,
f_25.02.a,f_25.02.a,r0010,c0040,dp433394,45877,
f_25.02.a,f_25.02.a,r0010,c0050,dp433478,-163322,
f_25.02.a,f_25.02.a,r0010,c0060,dp433519,56683,
f_25.02.a,f_25.02.a,r0010,c0070,dp433397,15233,
f_25.02.a,f_25.02.a,r0010,c0080,dp433481,-82733,
f_25.02.a,f_25.02.a,r0010,c0090,dp433518,-98053,
f_25.02.a,f_25.02.a,r0010,c0100,dp433396,3206,
f_25.02.a,f_25.02.a,r0010,c0110,dp433480,-66082,
f_25.02.a,f_25.02.a,r0010,c0120,dp433517,55379,
f_25.02.a,f_25.02.a,r0010,c0130,dp433395,27438,
f_25.02.a,f_25.02.a,r0010,c0140,dp433479,-14507,
f_25.02.a,f_25.02.a,r0020,c0010,dp433572,74674,
f_25.02.a,f_25.02.a,r0020,c0020,dp433585,-16670,
f_25.02.a,f_25.02.a,r0020,c0030,dp433524,35266,
f_25.02.a,f_25.02.a,r0020,c0040,dp433402,124392,
f_25.02.a,f_25.02.a,r0020,c0050,dp433486,-170676,
f_25.02.a,f_25.02.a,r0020,c0060,dp433527,43055,
f_25.02.a,f_25.02.a,r0020,c0070,dp433405,59727,
f_25.02.a,f_25.02.a,r0020,c0080,dp433489,-64297,
f_25.02.a,f_25.02.a,r0020,c0090,dp433526,-59412,
f_25.02.a,f_25.02.a,r0020,c0100,dp433404,58529,
f_25.02.a,f_25.02.a,r0020,c0110,dp433488,-82266,
f_25.02.a,f_25.02.a,r0020,c0120,dp433525,51623,
f_25.02.a,f_25.02.a,r0020,c0130,dp433403,6136,
f_25.02.a,f_25.02.a,r0020,c0140,dp433487,-24113,
f_25.02.a,f_25.02.a,r0030,c0010,dp433569,45065,
f_25.02.a,f_25.02.a,r0030,c0020,dp433582,-97304,
f_25.02.a,f_25.02.a,r0030,c0030,dp433512,-11073,
f_25.02.a,f_25.02.a,r0030,c0040,dp433390,169836,
f_25.02.a,f_25.02.a,r0030,c0050,dp433474,-149293,
f_25.02.a,f_25.02.a,r0030,c0060,dp433515,6945,
f_25.02.a,f_25.02.a,r0030,c0070,dp433393,8183,
f_25.02.a,f_25.02.a,r0030,c0080,dp433477,-3712,
f_25.02.a,f_25.02.a,r0030,c0090,dp433514,-91021,
f_25.02.a,f_25.02.a,r0030,c0100,dp433392,74593,
f_25.02.a,f_25.02.a,r0030,c0110,dp433476,-61656,
f_25.02.a,f_25.02.a,r0030,c0120,dp433513,73003,
f_25.02.a,f_25.02.a,r0030,c0130,dp433391,87060,
f_25.02.a,f_25.02.a,r0030,c0140,dp433475,-83925,
f_25.02.a,f_25.02.a,r0040,c0010,dp433573,97885,
f_25.02.a,f_25.02.a,r0040,c0020,dp433586,-48895,
f_25.02.a,f_25.02.a,r0040,c0030,dp433528,42596,
f_25.02.a,f_25.02.a,r0040,c0040,dp433406,143060,
f_25.02.a,f_25.02.a,r0040,c0050,dp433490,-77977,
f_25.02.a,f_25.02.a,r0040,c0060,dp433531,31388,
f_25.02.a,f_25.02.a,r0040,c0070,dp433409,31340,
f_25.02.a,f_25.02.a,r0040,c0080,dp433493,-58547,
f_25.02.a,f_25.02.a,r0040,c0090,dp433530,-30191,
f_25.02.a,f_25.02.a,r0040,c0100,dp433408,60384,
f_25.02.a,f_25.02.a,r0040,c0110,dp433492,-15985,
f_25.02.a,f_25.02.a,r0040,c0120,dp433529,41399,
f_25.02.a,f_25.02.a,r0040,c0130,dp433407,51336,
f_25.02.a,f_25.02.a,r0040,c0140,dp433491,-3445,
f_25.02.a,f_25.02.a,r0050,c0010,dp433574,67266,
f_25.02.a,f_25.02.a,r0050,c0020,dp433587,-110657,
f_25.02.a,f_25.02.a,r0050,c0030,dp433532,36087,
f_25.02.a,f_25.02.a,r0050,c0040,dp433410,285713,
f_25.02.a,f_25.02.a,r0050,c0050,dp433494,-442253,
f_25.02.a,f_25.02.a,r0050,c0060,dp433535,25411,
f_25.02.a,f_25.02.a,r0050,c0070,dp433413,71987,
f_25.02.a,f_25.02.a,r0050,c0080,dp433497,-97502,
f_25.02.a,f_25.02.a,r0050,c0090,dp433534,-102891,
f_25.02.a,f_25.02.a,r0050,c0100,dp433412,171149,
f_25.02.a,f_25.02.a,r0050,c0110,dp433496,-187911,
f_25.02.a,f_25.02.a,r0050,c0120,dp433533,113567,
f_25.02.a,f_25.02.a,r0050,c0130,dp433411,42577,
f_25.02.a,f_25.02.a,r0050,c0140,dp433495,-156840,
f_25.02.a,f_25.02.a,r0060,c0010,dp433575,43103,
f_25.02.a,f_25.02.a,r0060,c0020,dp433588,-69310,
f_25.02.a,f_25.02.a,r0060,c0030,dp433536,59057,
f_25.02.a,f_25.02.a,r0060,c0040,dp433414,117773,
f_25.02.a,f_25.02.a,r0060,c0050,dp433498,-199422,
f_25.02.a,f_25.02.a,r0060,c0060,dp433539,5258,
f_25.02.a,f_25.02.a,r0060,c0070,dp433417,16015,
f_25.02.a,f_25.02.a,r0060,c0080,dp433501,-8512,
f_25.02.a,f_25.02.a,r0060,c0090,dp433538,-14859,
f_25.02.a,f_25.02.a,r0060,c0100,dp433416,96250,
f_25.02.a,f_25.02.a,r0060,c0110,dp433500,-91217,
f_25.02.a,f_25.02.a,r0060,c0120,dp433537,68658,
f_25.02.a,f_25.02.a,r0060,c0130,dp433415,5508,
f_25.02.a,f_25.02.a,r0060,c0140,dp433499,-99693,
f_25.02.a,f_25.02.a,r0070,c0010,dp433576,24163,
f_25.02.a,f_25.02.a,r0070,c0020,dp433589,-41347,
f_25.02.a,f_25.02.a,r0070,c0030,dp433540,-22970,
f_25.02.a,f_25.02.a,r0070,c0040,dp433418,167940,
f_25.02.a,f_25.02.a,r0070,c0050,dp433502,-242831,
f_25.02.a,f_25.02.a,r0070,c0060,dp433543,20153,
f_25.02.a,f_25.02.a,r0070,c0070,dp433421,55972,
f_25.02.a,f_25.02.a,r0070,c0080,dp433505,-88990,
f_25.02.a,f_25.02.a,r0070,c0090,dp433542,-88032,
f_25.02.a,f_25.02.a,r0070,c0100,dp433420,74899,
f_25.02.a,f_25.02.a,r0070,c0110,dp433504,-96694,
f_25.02.a,f_25.02.a,r0070,c0120,dp433541,44909,
f_25.02.a,f_25.02.a,r0070,c0130,dp433419,37069,
f_25.02.a,f_25.02.a,r0070,c0140,dp433503,-57147,
f_25.02.a,f_25.02.a,r0080,c0010,dp433571,87363,
f_25.02.a,f_25.02.a,r0080,c0020,dp433584,-95399,
f_25.02.a,f_25.02.a,r0080,c0030,dp433520,56139,
f_25.02.a,f_25.02.a,r0080,c0040,dp433398,160346,
f_25.02.a,f_25.02.a,r0080,c0050,dp433482,-116155,
f_25.02.a,f_25.02.a,r0080,c0060,dp433523,36356,
f_25.02.a,f_25.02.a,r0080,c0070,dp433401,30637,
f_25.02.a,f_25.02.a,r0080,c0080,dp433485,-61162,
f_25.02.a,f_25.02.a,r0080,c0090,dp433522,-45240,
f_25.02.a,f_25.02.a,r0080,c0100,dp433400,80362,
f_25.02.a,f_25.02.a,r0080,c0110,dp433484,-38403,
f_25.02.a,f_25.02.a,r0080,c0120,dp433521,65023,
f_25.02.a,f_25.02.a,r0080,c0130,dp433399,49347,
f_25.02.a,f_25.02.a,r0080,c0140,dp433483,-16590,
f_25.02.a,f_25.02.a,r0090,c0010,dp434091,41556,
f_25.02.a,f_25.02.a,r0090,c0020,dp434093,-78400,
f_25.02.a,f_25.02.a,r0090,c0030,dp434086,48504,
f_25.02.a,f_25.02.a,r0090,c0040,dp433753,151095,
f_25.02.a,f_25.02.a,r0090,c0050,dp434078,-180905,
f_25.02.a,f_25.02.a,r0090,c0060,dp434089,90714,
f_25.02.a,f_25.02.a,r0090,c0070,dp433756,35323,
f_25.02.a,f_25.02.a,r0090,c0080,dp434081,-82296,
f_25.02.a,f_25.02.a,r0090,c0090,dp434088,-68932,
f_25.02.a,f_25.02.a,r0090,c0100,dp433755,32019,
f_25.02.a,f_25.02.a,r0090,c0110,dp434080,-35880,
f_25.02.a,f_25.02.a,r0090,c0120,dp434087,26722,
f_25.02.a,f_25.02.a,r0090,c0130,dp433754,83753,
f_25.02.a,f_25.02.a,r0090,c0140,dp434079,-62729,
f_25.02.a,f_25.02.a,r0100,c0010,dp433577,574,
f_25.02.a,f_25.02.a,r0100,c0020,dp433590,-38372,
f_25.02.a,f_25.02.a,r0100,c0030,dp433553,32873,
f_25.02.a,f_25.02.a,r0100,c0040,dp433431,72156,
f_25.02.a,f_25.02.a,r0100,c0050,dp433508,-217924,
f_25.02.a,f_25.02.a,r0100,c0060,dp433556,52925,
f_25.02.a,f_25.02.a,r0100,c0070,dp433434,24936,
f_25.02.a,f_25.02.a,r0100,c0080,dp433511,-44780,
f_25.02.a,f_25.02.a,r0100,c0090,dp433555,-89759,
f_25.02.a,f_25.02.a,r0100,c0100,dp433433,39167,
f_25.02.a,f_25.02.a,r0100,c0110,dp433510,-93041,
f_25.02.a,f_25.02.a,r0100,c0120,dp433554,69707,
f_25.02.a,f_25.02.a,r0100,c0130,dp433432,8053,
f_25.02.a,f_25.02.a,r0100,c0140,dp433509,-80103,
f_25.02.a,f_25.02.a,r0110,c0010,dp434090,268686,
f_25.02.a,f_25.02.a,r0110,c0020,dp434092,-341629,
f_25.02.a,f_25.02.a,r0110,c0030,dp433544,140452,
f_25.02.a,f_25.02.a,r0110,c0040,dp433422,599310,
f_25.02.a,f_25.02.a,r0110,c0050,dp433506,-827599,
f_25.02.a,f_25.02.a,r0110,c0060,dp433551,243623,
f_25.02.a,f_25.02.a,r0110,c0070,dp433429,114312,
f_25.02.a,f_25.02.a,r0110,c0080,dp434077,-274683,
f_25.02.a,f_25.02.a,r0110,c0090,dp433550,-393005,
f_25.02.a,f_25.02.a,r0110,c0100,dp433428,229347,
f_25.02.a,f_25.02.a,r0110,c0110,dp434076,-295062,
f_25.02.a,f_25.02.a,r0110,c0120,dp433549,289834,
f_25.02.a,f_25.02.a,r0110,c0130,dp433427,255651,
f_25.02.a,f_25.02.a,r0110,c0140,dp434075,-257854,
f_25.02.b,f_25.02.b,r0120,c0040,dp433593,122278,
f_25.02.b,f_25.02.b,r0120,c0070,dp433596,8547,
f_25.02.b,f_25.02.b,r0120,c0100,dp433595,65997,
f_25.02.b,f_25.02.b,r0120,c0130,dp433594,47734,
f_25.02.b,f_25.02.b,r0120,c0160,dp433650,13009,
f_25.02.c,f_25.02.c,r0020,c0150,dp433637,32395,
f_25.02.c,f_25.02.c,r0020,c0160,dp433606,81528,
f_25.02.c,f_25.02.c,r0040,c0150,dp433638,72684,
f_25.02.c,f_25.02.c,r0040,c0160,dp433607,54440,
f_25.02.c,f_25.02.c,r0050,c0150,dp433639,45385,
f_25.02.c,f_25.02.c,r0050,c0160,dp433608,103088,
f_25.02.c,f_25.02.c,r0060,c0150,dp433640,9995,
f_25.02.c,f_25.02.c,r0060,c0160,dp433609,83693,
f_25.02.c,f_25.02.c,r0070,c0150,dp433641,35390,
f_25.02.c,f_25.02.c,r0070,c0160,dp433610,19395,
f_25.02.c,f_25.02.c,r0090,c0150,dp429242,29160,
f_25.02.c,f_25.02.c,r0090,c0160,dp429221,89736,
f_25.02.c,f_25.02.c,r0100,c0150,dp433646,54608,
f_25.02.c,f_25.02.c,r0100,c0160,dp433615,38056,
f_25.02.c,f_25.02.c,r0110,c0150,dp433642,83768,
f_25.02.c,f_25.02.c,r0110,c0160,dp433611,127792,
f_25.03.a,f_25.03.a,r0020,c0030,dp429256,3738,
f_25.03.a,f_25.03.a,r0020,c0040,dp429251,638736,
f_25.03.b,f_25.03.b,r0010,c0010,dp429257,356,
f_25.03.b,f_25.03.b,r0010,c0020,dp429259,-6332,
f_25.03.b,f_25.03.b,r0020,c0010,dp429258,236457,
f_25.03.b,f_25.03.b,r0020,c0020,dp429260,-23647,
f_26.00.a,f_26.00.a,r0010,c0030,dp5486841,36786387,
f_26.00.a,f_26.00.a,r0010,c0060,dp5486844,5687368,
f_26.00.a,f_26.00.a,r0010,c0090,dp5486845,35687368,
f_26.00.a,f_26.00.a,r0020,c0010,dp429380,321408,
f_26.00.a,f_26.00.a,r0020,c0020,dp429389,465376,
f_26.00.a,f_26.00.a,r0020,c0030,dp429381,350023,
f_26.00.a,f_26.00.a,r0020,c0040,dp429291,321344,
f_26.00.a,f_26.00.a,r0020,c0050,dp429300,263515,
f_26.00.a,f_26.00.a,r0020,c0060,dp429292,253378,
f_26.00.a,f_26.00.a,r0020,c0070,dp429325,405825,
f_26.00.a,f_26.00.a,r0020,c0080,dp429334,435304,
f_26.00.a,f_26.00.a,r0020,c0090,dp429326,385887,
f_26.00.a,f_26.00.a,r0030,c0010,dp429397,79057,
f_26.00.a,f_26.00.a,r0030,c0020,dp429390,98795,
f_26.00.a,f_26.00.a,r0030,c0030,dp429382,9549,
f_26.00.a,f_26.00.a,r0030,c0040,dp429308,21681,
f_26.00.a,f_26.00.a,r0030,c0050,dp429301,24452,
f_26.00.a,f_26.00.a,r0030,c0060,dp429293,13955,
f_26.00.a,f_26.00.a,r0030,c0070,dp429342,30884,
f_26.00.a,f_26.00.a,r0030,c0080,dp429335,94807,
f_26.00.a,f_26.00.a,r0030,c0090,dp429327,56063,
f_26.00.a,f_26.00.a,r0040,c0010,dp429398,14840,
f_26.00.a,f_26.00.a,r0040,c0020,dp429391,76121,
f_26.00.a,f_26.00.a,r0040,c0030,dp429383,28388,
f_26.00.a,f_26.00.a,r0040,c0040,dp429309,89942,
f_26.00.a,f_26.00.a,r0040,c0050,dp429302,4415,
f_26.00.a,f_26.00.a,r0040,c0060,dp429294,64276,
f_26.00.a,f_26.00.a,r0040,c0070,dp429343,57904,
f_26.00.a,f_26.00.a,r0040,c0080,dp429336,30648,
f_26.00.a,f_26.00.a,r0040,c0090,dp429328,45969,
f_26.00.a,f_26.00.a,r0050,c0010,dp429399,28922,
f_26.00.a,f_26.00.a,r0050,c0020,dp429392,47812,
f_26.00.a,f_26.00.a,r0050,c0030,dp429384,69124,
f_26.00.a,f_26.00.a,r0050,c0040,dp429310,1810,
f_26.00.a,f_26.00.a,r0050,c0050,dp429303,19038,
f_26.00.a,f_26.00.a,r0050,c0060,dp429295,41198,
f_26.00.a,f_26.00.a,r0050,c0070,dp429344,67418,
f_26.00.a,f_26.00.a,r0050,c0080,dp429337,70518,
f_26.00.a,f_26.00.a,r0050,c0090,dp429329,65421,
f_26.00.a,f_26.00.a,r0060,c0010,dp429400,40318,
f_26.00.a,f_26.00.a,r0060,c0020,dp429393,43892,
f_26.00.a,f_26.00.a,r0060,c0030,dp429385,50716,
f_26.00.a,f_26.00.a,r0060,c0040,dp429311,47559,
f_26.00.a,f_26.00.a,r0060,c0050,dp429304,94851,
f_26.00.a,f_26.00.a,r0060,c0060,dp429296,3799,
f_26.00.a,f_26.00.a,r0060,c0070,dp429345,97343,
f_26.00.a,f_26.00.a,r0060,c0080,dp429338,82979,
f_26.00.a,f_26.00.a,r0060,c0090,dp429330,43768,
f_26.00.a,f_26.00.a,r0070,c0010,dp429401,77671,
f_26.00.a,f_26.00.a,r0070,c0020,dp429394,52915,
f_26.00.a,f_26.00.a,r0070,c0030,dp429386,37339,
f_26.00.a,f_26.00.a,r0070,c0040,dp429312,47186,
f_26.00.a,f_26.00.a,r0070,c0050,dp429305,9444,
f_26.00.a,f_26.00.a,r0070,c0060,dp429297,35997,
f_26.00.a,f_26.00.a,r0070,c0070,dp429346,41955,
f_26.00.a,f_26.00.a,r0070,c0080,dp429339,52932,
f_26.00.a,f_26.00.a,r0070,c0090,dp429331,25978,
f_26.00.a,f_26.00.a,r0080,c0010,dp429402,7358,
f_26.00.a,f_26.00.a,r0080,c0020,dp429395,75670,
f_26.00.a,f_26.00.a,r0080,c0030,dp429387,56845,
f_26.00.a,f_26.00.a,r0080,c0040,dp429313,61973,
f_26.00.a,f_26.00.a,r0080,c0050,dp429306,46268,
f_26.00.a,f_26.00.a,r0080,c0060,dp429298,35335,
f_26.00.a,f_26.00.a,r0080,c0070,dp429347,53952,
f_26.00.a,f_26.00.a,r0080,c0080,dp429340,12876,
f_26.00.a,f_26.00.a,r0080,c0090,dp429332,65438,
f_26.00.a,f_26.00.a,r0090,c0010,dp429403,73242,
f_26.00.a,f_26.00.a,r0090,c0020,dp429396,70171,
f_26.00.a,f_26.00.a,r0090,c0030,dp429388,98062,
f_26.00.a,f_26.00.a,r0090,c0040,dp429314,51193,
f_26.00.a,f_26.00.a,r0090,c0050,dp429307,65047,
f_26.00.a,f_26.00.a,r0090,c0060,dp429299,58818,
f_26.00.a,f_26.00.a,r0090,c0070,dp429348,56369,
f_26.00.a,f_26.00.a,r0090,c0080,dp429341,90544,
f_26.00.a,f_26.00.a,r0090,c0090,dp429333,83250,
f_26.00.a,f_26.00.a,r0100,c0010,dp429404,81878,
f_26.00.a,f_26.00.a,r0100,c0020,dp429406,21083,
f_26.00.a,f_26.00.a,r0100,c0030,dp429405,64851,
f_26.00.a,f_26.00.a,r0100,c0040,dp429315,80409,
f_26.00.a,f_26.00.a,r0100,c0050,dp429317,25420,
f_26.00.a,f_26.00.a,r0100,c0060,dp429316,29986,
f_26.00.a,f_26.00.a,r0100,c0070,dp429349,63348,
f_26.00.a,f_26.00.a,r0100,c0080,dp429351,16812,
f_26.00.a,f_26.00.a,r0100,c0090,dp429350,61476,
f_26.00.a,f_26.00.a,r0110,c0010,dp429407,9021,
f_26.00.a,f_26.00.a,r0110,c0020,dp429409,77415,
f_26.00.a,f_26.00.a,r0110,c0030,dp429408,55668,
f_26.00.a,f_26.00.a,r0110,c0040,dp429318,89258,
f_26.00.a,f_26.00.a,r0110,c0050,dp429320,55245,
f_26.00.a,f_26.00.a,r0110,c0060,dp429319,50993,
f_26.00.a,f_26.00.a,r0110,c0070,dp429352,40277,
f_26.00.a,f_26.00.a,r0110,c0080,dp429354,83760,
f_26.00.a,f_26.00.a,r0110,c0090,dp429353,6165,
f_26.00.a,f_26.00.a,r0120,c0010,dp429427,52502,
f_26.00.a,f_26.00.a,r0120,c0020,dp429429,15257,
f_26.00.a,f_26.00.a,r0120,c0030,dp429428,57196,
f_26.00.a,f_26.00.a,r0120,c0040,dp429421,31521,
f_26.00.a,f_26.00.a,r0120,c0050,dp429423,97142,
f_26.00.a,f_26.00.a,r0120,c0060,dp429422,29276,
f_26.00.a,f_26.00.a,r0120,c0070,dp429424,15818,
f_26.00.a,f_26.00.a,r0120,c0080,dp429426,42345,
f_26.00.a,f_26.00.a,r0120,c0090,dp429425,67003,
f_26.00.b,f_26.00.b,r0130,c0010,dp433824,87029,
f_26.00.b,f_26.00.b,r0130,c0030,dp433823,50284,
f_26.00.b,f_26.00.b,r0130,c0040,dp433820,17183,
f_26.00.b,f_26.00.b,r0130,c0060,dp433819,69230,
f_26.00.b,f_26.00.b,r0130,c0070,dp433822,44133,
f_26.00.b,f_26.00.b,r0130,c0090,dp433821,99550,
f_30.01,f_30.01,r0010,c0010,dp67723,3574,
f_30.01,f_30.01,r0010,c0020,dp67717,398,
f_30.01,f_30.01,r0010,c0030,dp67764,5643,
f_30.01,f_30.01,r0010,c0040,dp67911,6436,
f_30.01,f_30.01,r0010,c0050,dp39717,36436,
f_30.01,f_30.01,r0010,c0060,dp39715,364365,
f_30.01,f_30.01,r0010,c0080,dp57017,-368763,
f_30.02,f_30.02,r0010,c0010,dp67726,150064,
f_30.02,f_30.02,r0010,c0020,dp67725,95797,
f_30.02,f_30.02,r0010,c0030,dp67724,176844,
f_30.02,f_30.02,r0021,c0010,dp109614,46719,
f_30.02,f_30.02,r0021,c0020,dp109613,69197,
f_30.02,f_30.02,r0021,c0030,dp109612,71338,
f_30.02,f_30.02,r0030,c0010,dp67722,32270,
f_30.02,f_30.02,r0030,c0020,dp67721,8787,
f_30.02,f_30.02,r0030,c0030,dp67720,35535,
f_30.02,f_30.02,r0040,c0010,dp67735,52447,
f_30.02,f_30.02,r0040,c0020,dp67734,10184,
f_30.02,f_30.02,r0040,c0030,dp67733,71087,
f_30.02,f_30.02,r0050,c0010,dp67715,6428,
f_30.02,f_30.02,r0050,c0020,dp67714,47022,
f_30.02,f_30.02,r0050,c0030,dp67713,36291,
f_30.02,f_30.02,r0060,c0010,dp67749,58919,
f_30.02,f_30.02,r0060,c0020,dp67748,29804,
f_30.02,f_30.02,r0060,c0030,dp67747,33931,
f_30.02,f_30.02,r0070,c0010,dp67914,267826,
f_30.02,f_30.02,r0070,c0020,dp67913,205134,
f_30.02,f_30.02,r0070,c0030,dp67912,247536,
f_30.02,f_30.02,r0080,c0010,dp32468,80764,
f_30.02,f_30.02,r0080,c0020,dp32467,9770,
f_30.02,f_30.02,r0080,c0030,dp32466,67681,
f_30.02,f_30.02,r0090,c0010,dp67910,11919,
f_30.02,f_30.02,r0090,c0020,dp67909,84208,
f_30.02,f_30.02,r0090,c0030,dp67908,99234,
f_30.02,f_30.02,r0100,c0010,dp67902,97796,
f_30.02,f_30.02,r0100,c0020,dp67901,92445,
f_30.02,f_30.02,r0100,c0030,dp67900,17023,
f_30.02,f_30.02,r0110,c0010,dp67894,77347,
f_30.02,f_30.02,r0110,c0020,dp67893,18711,
f_30.02,f_30.02,r0110,c0030,dp67892,63598,
f_30.02,f_30.02,r0120,c0010,dp39725,34804,
f_30.02,f_30.02,r0120,c0020,dp39724,57748,
f_30.02,f_30.02,r0120,c0030,dp39723,71701,
f_30.02,f_30.02,r0131,c0010,dp110975,93052,
f_30.02,f_30.02,r0131,c0020,dp110974,12890,
f_30.02,f_30.02,r0131,c0030,dp110973,15981,
f_31.01,f_31.01,r0010,c0010,dp67738,144417,
f_31.01,f_31.01,r0010,c0020,dp67740,148013,
f_31.01,f_31.01,r0010,c0030,dp67736,72801,
f_31.01,f_31.01,r0010,c0040,dp67737,200722,
f_31.01,f_31.01,r0010,c0050,dp67739,142240,
f_31.01,f_31.01,r0020,c0010,dp67730,80614,
f_31.01,f_31.01,r0020,c0020,dp67732,43516,
f_31.01,f_31.01,r0020,c0030,dp67728,25485,
f_31.01,f_31.01,r0020,c0040,dp67729,85405,
f_31.01,f_31.01,r0020,c0050,dp67731,50215,
f_31.01,f_31.01,r0030,c0010,dp67710,2344,
f_31.01,f_31.01,r0030,c0020,dp67712,23755,
f_31.01,f_31.01,r0030,c0030,dp67708,22164,
f_31.01,f_31.01,r0030,c0040,dp67709,51907,
f_31.01,f_31.01,r0030,c0050,dp67711,11080,
f_31.01,f_31.01,r0040,c0010,dp67744,61459,
f_31.01,f_31.01,r0040,c0020,dp67746,80742,
f_31.01,f_31.01,r0040,c0030,dp67742,25152,
f_31.01,f_31.01,r0040,c0040,dp67743,63410,
f_31.01,f_31.01,r0040,c0050,dp67745,80945,
f_31.01,f_31.01,r0050,c0010,dp67701,58473,
f_31.01,f_31.01,r0050,c0020,dp67703,91971,
f_31.01,f_31.01,r0050,c0030,dp67699,72125,
f_31.01,f_31.01,r0050,c0040,dp67700,81628,
f_31.01,f_31.01,r0050,c0050,dp67702,2984,
f_31.01,f_31.01,r0060,c0010,dp67905,54700,
f_31.01,f_31.01,r0060,c0020,dp67907,137020,
f_31.01,f_31.01,r0060,c0030,dp67903,105783,
f_31.01,f_31.01,r0060,c0040,dp67904,93221,
f_31.01,f_31.01,r0060,c0050,dp67906,95934,
f_31.01,f_31.01,r0070,c0010,dp67897,15345,
f_31.01,f_31.01,r0070,c0020,dp67899,85604,
f_31.01,f_31.01,r0070,c0030,dp67895,42377,
f_31.01,f_31.01,r0070,c0040,dp67896,15874,
f_31.01,f_31.01,r0070,c0050,dp67898,80559,
f_31.01,f_31.01,r0080,c0010,dp67889,39355,
f_31.01,f_31.01,r0080,c0020,dp67891,51416,
f_31.01,f_31.01,r0080,c0030,dp67887,63406,
f_31.01,f_31.01,r0080,c0040,dp67888,77347,
f_31.01,f_31.01,r0080,c0050,dp67890,15375,
f_31.01,f_31.01,r0090,c0010,dp39720,78102,
f_31.01,f_31.01,r0090,c0020,dp39722,4105,
f_31.01,f_31.01,r0090,c0030,dp39718,496,
f_31.01,f_31.01,r0090,c0040,dp39719,75140,
f_31.01,f_31.01,r0090,c0050,dp39721,12883,
f_31.01,f_31.01,r0100,c0010,dp46459,73377,
f_31.01,f_31.01,r0100,c0020,dp46461,29114,
f_31.01,f_31.01,r0100,c0030,dp46457,5571,
f_31.01,f_31.01,r0100,c0040,dp46458,34945,
f_31.01,f_31.01,r0100,c0050,dp46460,25414,
f_31.01,f_31.01,r0110,c0010,dp84998,19364,
f_31.01,f_31.01,r0110,c0020,dp85000,51796,
f_31.01,f_31.01,r0110,c0030,dp84996,66067,
f_31.01,f_31.01,r0110,c0040,dp84997,13655,
f_31.01,f_31.01,r0110,c0050,dp84999,47311,
f_31.01,f_31.01,r0120,c0010,dp67825,54702,
f_31.01,f_31.01,r0120,c0020,dp67827,1220,
f_31.01,f_31.01,r0120,c0030,dp67823,78440,
f_31.01,f_31.01,r0120,c0040,dp67824,12805,
f_31.01,f_31.01,r0120,c0050,dp67826,26817,
f_31.01,f_31.01,r0131,c0010,dp150903,-34719,
f_31.01,f_31.01,r0131,c0020,dp150905,94427,
f_31.01,f_31.01,r0131,c0030,dp150901,-48014,
f_31.01,f_31.01,r0131,c0040,dp150902,47962,
f_31.01,f_31.01,r0131,c0050,dp150904,-41412,
f_31.01,f_31.01,r0132,c0010,dp152156,82219,
f_31.01,f_31.01,r0132,c0020,dp152158,37935,
f_31.01,f_31.01,r0132,c0030,dp152154,44332,
f_31.01,f_31.01,r0132,c0040,dp152155,59991,
f_31.01,f_31.01,r0132,c0050,dp152157,52735,
f_31.02,f_31.02,r0010,c0010,dp33856,36532,
f_31.02,f_31.02,r0010,c0020,dp33858,69982,
f_31.02,f_31.02,r0010,c0030,dp33854,86990,
f_31.02,f_31.02,r0010,c0040,dp33855,48704,
f_31.02,f_31.02,r0010,c0050,dp33857,40046,
f_31.02,f_31.02,r0020,c0010,dp33806,29999,
f_31.02,f_31.02,r0020,c0020,dp33808,39424,
f_31.02,f_31.02,r0020,c0030,dp33804,56432,
f_31.02,f_31.02,r0020,c0040,dp33805,40167,
f_31.02,f_31.02,r0020,c0050,dp33807,2732,
f_31.02,f_31.02,r0030,c0010,dp33864,77369,
f_31.02,f_31.02,r0030,c0020,dp33866,85225,
f_31.02,f_31.02,r0030,c0030,dp33862,71606,
f_31.02,f_31.02,r0030,c0040,dp33863,98859,
f_31.02,f_31.02,r0030,c0050,dp33865,1716,
f_31.02,f_31.02,r0040,c0010,dp33873,26313,
f_31.02,f_31.02,r0040,c0020,dp33875,99988,
f_31.02,f_31.02,r0040,c0030,dp33871,88120,
f_31.02,f_31.02,r0040,c0040,dp33872,5817,
f_31.02,f_31.02,r0040,c0050,dp33874,49414,
f_31.02,f_31.02,r0050,c0010,dp33824,30832,
f_31.02,f_31.02,r0050,c0020,dp33826,24608,
f_31.02,f_31.02,r0050,c0030,dp33822,53861,
f_31.02,f_31.02,r0050,c0040,dp33823,24767,
f_31.02,f_31.02,r0050,c0050,dp33825,32840,
f_31.02,f_31.02,r0060,c0010,dp39735,-39252,
f_31.02,f_31.02,r0060,c0020,dp39737,-57880,
f_31.02,f_31.02,r0060,c0030,dp39733,69333,
f_31.02,f_31.02,r0060,c0040,dp39734,-35023,
f_31.02,f_31.02,r0060,c0050,dp39736,86032,
f_31.02,f_31.02,r0070,c0010,dp42183,-69264,
f_31.02,f_31.02,r0070,c0020,dp42185,-78345,
f_31.02,f_31.02,r0070,c0030,dp42181,-48117,
f_31.02,f_31.02,r0070,c0040,dp42182,55215,
f_31.02,f_31.02,r0070,c0050,dp42184,30518,
f_31.02,f_31.02,r0080,c0010,dp43346,94066,
f_31.02,f_31.02,r0080,c0020,dp43348,-9226,
f_31.02,f_31.02,r0080,c0030,dp43344,-24657,
f_31.02,f_31.02,r0080,c0040,dp43345,-31295,
f_31.02,f_31.02,r0080,c0050,dp43347,19047,
f_31.02,f_31.02,r0090,c0010,dp155674,-68188,
f_31.02,f_31.02,r0090,c0020,dp155676,36580,
f_31.02,f_31.02,r0090,c0030,dp155672,88043,
f_31.02,f_31.02,r0090,c0040,dp155673,25114,
f_31.02,f_31.02,r0090,c0050,dp155675,-46168,
f_41.01,f_41.01,r0015,c0010,dp152269,238596,
f_41.01,f_41.01,r0015,c0020,dp152260,130440,
f_41.01,f_41.01,r0015,c0030,dp152263,60714,
f_41.01,f_41.01,r0015,c0040,dp152266,47442,
f_41.01,f_41.01,r0016,c0010,dp152268,101248,
f_41.01,f_41.01,r0016,c0020,dp152259,36534,
f_41.01,f_41.01,r0016,c0030,dp152262,32664,
f_41.01,f_41.01,r0016,c0040,dp152265,32050,
f_41.01,f_41.01,r0017,c0010,dp152270,137348,
f_41.01,f_41.01,r0017,c0020,dp152261,93906,
f_41.01,f_41.01,r0017,c0030,dp152264,28050,
f_41.01,f_41.01,r0017,c0040,dp152267,15392,
f_41.01,f_41.01,r0070,c0010,dp11471,339130,
f_41.01,f_41.01,r0070,c0020,dp11459,108454,
f_41.01,f_41.01,r0070,c0030,dp11463,152053,
f_41.01,f_41.01,r0070,c0040,dp11467,78623,
f_41.01,f_41.01,r0080,c0010,dp11470,132139,
f_41.01,f_41.01,r0080,c0020,dp11458,47955,
f_41.01,f_41.01,r0080,c0030,dp11462,77743,
f_41.01,f_41.01,r0080,c0040,dp11466,6441,
f_41.01,f_41.01,r0090,c0010,dp11469,119839,
f_41.01,f_41.01,r0090,c0020,dp11457,24792,
f_41.01,f_41.01,r0090,c0030,dp11461,47667,
f_41.01,f_41.01,r0090,c0040,dp11465,47380,
f_41.01,f_41.01,r0100,c0010,dp11472,87152,
f_41.01,f_41.01,r0100,c0020,dp11460,35707,
f_41.01,f_41.01,r0100,c0030,dp11464,26643,
f_41.01,f_41.01,r0100,c0040,dp11468,24802,
f_41.02,f_41.02,r0010,c0010,dp11027,109711,
f_41.02,f_41.02,r0010,c0040,dp151163,88350,
f_41.02,f_41.02,r0030,c0010,dp11025,86853,
f_41.02,f_41.02,r0030,c0040,dp151161,43948,
f_41.02,f_41.02,r0040,c0010,dp11028,22858,
f_41.02,f_41.02,r0040,c0040,dp151165,44402,
f_41.02,f_41.02,r0050,c0010,dp11031,117673,
f_41.02,f_41.02,r0050,c0020,dp11040,117916,
f_41.02,f_41.02,r0050,c0030,dp11047,153156,
f_41.02,f_41.02,r0050,c0040,dp151191,71409,
f_41.02,f_41.02,r0060,c0010,dp11030,37603,
f_41.02,f_41.02,r0060,c0020,dp11039,15642,
f_41.02,f_41.02,r0060,c0030,dp11046,48959,
f_41.02,f_41.02,r0060,c0040,dp151187,36236,
f_41.02,f_41.02,r0070,c0010,dp11029,53156,
f_41.02,f_41.02,r0070,c0020,dp11038,82145,
f_41.02,f_41.02,r0070,c0030,dp11045,52847,
f_41.02,f_41.02,r0070,c0040,dp151183,6060,
f_41.02,f_41.02,r0080,c0010,dp11032,26914,
f_41.02,f_41.02,r0080,c0020,dp11041,20129,
f_41.02,f_41.02,r0080,c0030,dp11048,51350,
f_41.02,f_41.02,r0080,c0040,dp151195,29113,
f_42.00,f_42.00,r0010,c0020,dp429249,0,
f_42.00,f_42.00,r0015,c0010,dp441775,45666,
f_42.00,f_42.00,r0015,c0020,dp441776,41418,
f_42.00,f_42.00,r0070,c0010,dp32408,69675,
f_42.00,f_42.00,r0070,c0020,dp429503,82311,
f_42.00,f_42.00,r0075,c0010,dp441827,59648,
f_42.00,f_42.00,r0075,c0020,dp441828,93643,
f_42.00,f_42.00,r0080,c0010,dp11918,29365,
f_42.00,f_42.00,r0080,c0020,dp429248,12227,
f_42.00,f_42.00,r0090,c0010,dp11914,40310,
f_42.00,f_42.00,r0090,c0020,dp429247,70084,
f_43.00,f_43.00,r0010,c0010,dp32639,0,
f_43.00,f_43.00,r0020,c0010,dp31904,20949,
f_43.00,f_43.00,r0020,c0020,dp31903,71878,
f_43.00,f_43.00,r0020,c0030,dp31908,98624,
f_43.00,f_43.00,r0020,c0040,dp31907,24865,
f_43.00,f_43.00,r0020,c0055,dp152643,91255,
f_43.00,f_43.00,r0020,c0060,dp31906,67422,
f_43.00,f_43.00,r0030,c0010,dp32019,-49699,
f_43.00,f_43.00,r0030,c0020,dp32018,-15744,
f_43.00,f_43.00,r0030,c0030,dp32023,-72750,
f_43.00,f_43.00,r0030,c0040,dp32022,-86364,
f_43.00,f_43.00,r0030,c0055,dp152650,-79918,
f_43.00,f_43.00,r0030,c0060,dp32021,-13337,
f_43.00,f_43.00,r0040,c0010,dp38660,-80684,
f_43.00,f_43.00,r0040,c0020,dp38659,-26851,
f_43.00,f_43.00,r0040,c0030,dp38664,-57071,
f_43.00,f_43.00,r0040,c0040,dp38663,-40244,
f_43.00,f_43.00,r0040,c0055,dp152700,-864,
f_43.00,f_43.00,r0040,c0060,dp38662,-75904,
f_43.00,f_43.00,r0050,c0010,dp37404,71681,
f_43.00,f_43.00,r0050,c0020,dp37403,35930,
f_43.00,f_43.00,r0050,c0030,dp37408,37244,
f_43.00,f_43.00,r0050,c0040,dp37407,-47836,
f_43.00,f_43.00,r0050,c0055,dp152692,-12891,
f_43.00,f_43.00,r0050,c0060,dp37406,-97130,
f_43.00,f_43.00,r0060,c0010,dp33261,-42254,
f_43.00,f_43.00,r0060,c0020,dp33260,-47013,
f_43.00,f_43.00,r0060,c0030,dp33265,75132,
f_43.00,f_43.00,r0060,c0040,dp33264,120060,
f_43.00,f_43.00,r0060,c0055,dp152681,-62806,
f_43.00,f_43.00,r0060,c0060,dp33263,28,
f_43.00,f_43.00,r0070,c0010,dp113186,-80007,
f_43.00,f_43.00,r0070,c0020,dp32636,18200,
f_43.00,f_43.00,r0070,c0030,dp32646,81179,
f_43.00,f_43.00,r0070,c0040,dp32644,-29519,
f_43.00,f_43.00,r0070,c0055,dp152661,-65224,
f_43.00,f_43.00,r0070,c0060,dp32642,-118921,
f_44.01,f_44.01,r0010,c0010,dp5486531,0,
f_44.02,f_44.02,r0010,c0010,dp85057,0,
f_44.02,f_44.02,r0020,c0010,dp84840,22332,
f_44.02,f_44.02,r0030,c0010,dp84919,48449,
f_44.02,f_44.02,r0040,c0010,dp84818,12775,
f_44.02,f_44.02,r0050,c0010,dp84718,57607,
f_44.02,f_44.02,r0060,c0010,dp84719,-56554,
f_44.02,f_44.02,r0070,c0010,dp84902,-44315,
f_44.02,f_44.02,r0080,c0010,dp84722,-86827,
f_44.02,f_44.02,r0090,c0010,dp85055,87874,
f_44.02,f_44.02,r0100,c0010,dp84723,79930,
f_44.02,f_44.02,r0110,c0010,dp84815,-42366,
f_44.02,f_44.02,r0120,c0010,dp85056,78905,
f_44.03,f_44.03,r0010,c0010,dp33819,66729,
f_44.03,f_44.03,r0020,c0010,dp33820,60064,
f_44.03,f_44.03,r0030,c0010,dp433774,54393,
f_44.03,f_44.03,r0040,c0010,dp433775,90085,
f_44.03,f_44.03,r0050,c0010,dp433776,14643,
f_44.03,f_44.03,r0060,c0010,dp433777,89438,
f_44.03,f_44.03,r0070,c0010,dp33818,375352,
f_44.04,f_44.04,r0010,c0010,dp433782,93184,
f_44.04,f_44.04,r0010,c0020,dp433783,93184,
f_44.04,f_44.04,r0010,c0030,dp433784,93184,
f_44.04,f_44.04,r0010,c0040,dp433785,93184,
f_44.04,f_44.04,r0020,c0010,dp433786,93184,
f_44.04,f_44.04,r0020,c0020,dp433787,93184,
f_44.04,f_44.04,r0020,c0030,dp433788,93184,
f_44.04,f_44.04,r0020,c0040,dp433789,93184,
f_44.04,f_44.04,r0030,c0010,dp433778,93184,
f_44.04,f_44.04,r0030,c0020,dp433779,93184,
f_44.04,f_44.04,r0030,c0030,dp433780,93184,
f_44.04,f_44.04,r0030,c0040,dp433781,93184,
f_44.04,f_44.04,r0040,c0010,dp33818,279552,
f_44.04,f_44.04,r0040,c0020,dp433790,279552,
f_44.04,f_44.04,r0040,c0030,dp433791,279552,
f_44.04,f_44.04,r0040,c0040,dp433792,279552,
f_44.04,f_44.04,r0050,c0010,dp434117,5880,
f_44.04,f_44.04,r0050,c0020,dp434118,63034,
f_44.04,f_44.04,r0050,c0030,dp434119,92319,
f_44.04,f_44.04,r0050,c0040,dp434120,76364,
f_45.01,f_45.01,r0010,c0010,dp67309,567,
f_45.01,f_45.01,r0020,c0010,dp67324,-5467,
f_45.01,f_45.01,r0020,c0020,dp67325,5678,
f_45.01,f_45.01,r0030,c0010,dp56328,-4900,
f_45.02,f_45.02,r0010,c0010,dp429252,-65874,
f_45.02,f_45.02,r0020,c0010,dp11781,687,
f_45.02,f_45.02,r0030,c0010,dp33929,3987,
f_45.02,f_45.02,r0040,c0010,dp434224,69763,
f_45.02,f_45.02,r0050,c0010,dp33924,8563,
f_45.03,f_45.03,r0010,c0010,dp11790,0,
f_45.03,f_45.03,r0020,c0010,dp11780,3687,
f_45.03,f_45.03,r0020,c0020,dp11779,36875565,
f_45.03,f_45.03,r0030,c0010,dp11926,36875,
f_45.03,f_45.03,r0030,c0020,dp11925,63878,
f_45.03,f_45.03,r0050,c0010,dp33896,40562,
f_45.03,f_45.03,r0050,c0020,dp33831,36939443,
f_46.00,f_46.00,r0010,c0010,dp33213,16275,
f_46.00,f_46.00,r0010,c0020,dp33222,13889,
f_46.00,f_46.00,r0010,c0030,dp33214,97321,
f_46.00,f_46.00,r0010,c0040,dp33215,-70707,
f_46.00,f_46.00,r0010,c0050,dp33212,62521,
f_46.00,f_46.00,r0010,c0060,dp33220,-47214,
f_46.00,f_46.00,r0010,c0070,dp33221,-55011,
f_46.00,f_46.00,r0010,c0080,dp33217,-57324,
f_46.00,f_46.00,r0010,c0090,dp33218,-28399,
f_46.00,f_46.00,r0010,c0100,dp33219,-18154,
f_46.00,f_46.00,r0010,c0110,dp33216,-57195,
f_46.00,f_46.00,r0010,c0120,dp33210,40163,
f_46.00,f_46.00,r0010,c0130,dp33211,183140,
f_46.00,f_46.00,r0010,c0140,dp33223,79305,
f_46.00,f_46.00,r0020,c0010,dp55262,40909,
f_46.00,f_46.00,r0020,c0020,dp55271,-31020,
f_46.00,f_46.00,r0020,c0030,dp55263,49226,
f_46.00,f_46.00,r0020,c0040,dp55264,-36409,
f_46.00,f_46.00,r0020,c0050,dp55261,63486,
f_46.00,f_46.00,r0020,c0060,dp55269,52017,
f_46.00,f_46.00,r0020,c0070,dp55270,-44327,
f_46.00,f_46.00,r0020,c0080,dp55266,-53678,
f_46.00,f_46.00,r0020,c0090,dp55267,42311,
f_46.00,f_46.00,r0020,c0100,dp55268,53093,
f_46.00,f_46.00,r0020,c0110,dp55265,-11467,
f_46.00,f_46.00,r0020,c0120,dp55259,-93718,
f_46.00,f_46.00,r0020,c0130,dp55260,151564,
f_46.00,f_46.00,r0020,c0140,dp55274,181987,
f_46.00,f_46.00,r0030,c0010,dp55246,-5536,
f_46.00,f_46.00,r0030,c0020,dp55255,-7582,
f_46.00,f_46.00,r0030,c0030,dp55247,-96684,
f_46.00,f_46.00,r0030,c0040,dp55248,85295,
f_46.00,f_46.00,r0030,c0050,dp55245,-8994,
f_46.00,f_46.00,r0030,c0060,dp55253,50789,
f_46.00,f_46.00,r0030,c0070,dp55254,-54511,
f_46.00,f_46.00,r0030,c0080,dp55250,79888,
f_46.00,f_46.00,r0030,c0090,dp55251,45618,
f_46.00,f_46.00,r0030,c0100,dp55252,56642,
f_46.00,f_46.00,r0030,c0110,dp55249,61617,
f_46.00,f_46.00,r0030,c0120,dp55243,59591,
f_46.00,f_46.00,r0030,c0130,dp55244,-116869,
f_46.00,f_46.00,r0030,c0140,dp55258,149264,
f_46.00,f_46.00,r0040,c0010,dp49599,51648,
f_46.00,f_46.00,r0040,c0020,dp49608,-24713,
f_46.00,f_46.00,r0040,c0030,dp49600,49863,
f_46.00,f_46.00,r0040,c0040,dp49601,-21821,
f_46.00,f_46.00,r0040,c0050,dp49598,117013,
f_46.00,f_46.00,r0040,c0060,dp49606,55592,
f_46.00,f_46.00,r0040,c0070,dp49607,-153849,
f_46.00,f_46.00,r0040,c0080,dp49603,-31114,
f_46.00,f_46.00,r0040,c0090,dp49604,59530,
f_46.00,f_46.00,r0040,c0100,dp49605,91581,
f_46.00,f_46.00,r0040,c0110,dp49602,-7045,
f_46.00,f_46.00,r0040,c0120,dp49596,6036,
f_46.00,f_46.00,r0040,c0130,dp49597,217835,
f_46.00,f_46.00,r0040,c0140,dp49611,410556,
f_46.00,f_46.00,r0050,c0010,dp37424,99992,
f_46.00,f_46.00,r0050,c0020,dp37427,89620,
f_46.00,f_46.00,r0050,c0060,dp37425,-28998,
f_46.00,f_46.00,r0050,c0070,dp37426,-22205,
f_46.00,f_46.00,r0050,c0080,dp42669,67435,
f_46.00,f_46.00,r0050,c0130,dp37422,-41435,
f_46.00,f_46.00,r0050,c0140,dp37428,164409,
f_46.00,f_46.00,r0060,c0010,dp37432,65137,
f_46.00,f_46.00,r0060,c0020,dp37435,13290,
f_46.00,f_46.00,r0060,c0030,dp42670,-37809,
f_46.00,f_46.00,r0060,c0060,dp37433,99102,
f_46.00,f_46.00,r0060,c0070,dp37434,91260,
f_46.00,f_46.00,r0060,c0080,dp42671,45643,
f_46.00,f_46.00,r0060,c0130,dp37430,98992,
f_46.00,f_46.00,r0060,c0140,dp37436,375615,
f_46.00,f_46.00,r0070,c0030,dp37417,-77789,
f_46.00,f_46.00,r0070,c0060,dp37418,28163,
f_46.00,f_46.00,r0070,c0070,dp37419,-6436,
f_46.00,f_46.00,r0070,c0080,dp42668,-88140,
f_46.00,f_46.00,r0070,c0130,dp37415,13420,
f_46.00,f_46.00,r0070,c0140,dp37420,-130782,
f_46.00,f_46.00,r0080,c0030,dp34044,36899,
f_46.00,f_46.00,r0080,c0060,dp34045,-70000,
f_46.00,f_46.00,r0080,c0070,dp34046,18567,
f_46.00,f_46.00,r0080,c0080,dp42190,25705,
f_46.00,f_46.00,r0080,c0130,dp34041,-162309,
f_46.00,f_46.00,r0080,c0140,dp34048,-151138,
f_46.00,f_46.00,r0090,c0010,dp33427,-61882,
f_46.00,f_46.00,r0090,c0020,dp33430,-70730,
f_46.00,f_46.00,r0090,c0030,dp42177,-79302,
f_46.00,f_46.00,r0090,c0040,dp42178,-87187,
f_46.00,f_46.00,r0090,c0060,dp33428,8869,
f_46.00,f_46.00,r0090,c0080,dp42179,-56101,
f_46.00,f_46.00,r0090,c0130,dp33425,-5561,
f_46.00,f_46.00,r0090,c0140,dp33431,-296072,
f_46.00,f_46.00,r0100,c0010,dp32222,-68909,
f_46.00,f_46.00,r0100,c0020,dp32226,-74218,
f_46.00,f_46.00,r0100,c0060,dp32224,-12700,
f_46.00,f_46.00,r0100,c0070,dp32225,64001,
f_46.00,f_46.00,r0100,c0080,dp32223,37441,
f_46.00,f_46.00,r0100,c0090,dp41499,67806,
f_46.00,f_46.00,r0100,c0100,dp84724,15923,
f_46.00,f_46.00,r0100,c0130,dp32220,224080,
f_46.00,f_46.00,r0100,c0140,dp32227,253424,
f_46.00,f_46.00,r0110,c0010,dp33961,9083,
f_46.00,f_46.00,r0110,c0020,dp33967,-10853,
f_46.00,f_46.00,r0110,c0030,dp33962,61687,
f_46.00,f_46.00,r0110,c0040,dp42186,-59856,
f_46.00,f_46.00,r0110,c0060,dp33965,26035,
f_46.00,f_46.00,r0110,c0070,dp33966,-84156,
f_46.00,f_46.00,r0110,c0080,dp33963,-14785,
f_46.00,f_46.00,r0110,c0090,dp42188,48017,
f_46.00,f_46.00,r0110,c0110,dp42187,35779,
f_46.00,f_46.00,r0110,c0130,dp33959,-70751,
f_46.00,f_46.00,r0110,c0140,dp33968,-59800,
f_46.00,f_46.00,r0120,c0060,dp37902,-3435,
f_46.00,f_46.00,r0120,c0070,dp37903,-15368,
f_46.00,f_46.00,r0120,c0080,dp37901,91884,
f_46.00,f_46.00,r0120,c0090,dp42723,-98353,
f_46.00,f_46.00,r0120,c0120,dp37897,96902,
f_46.00,f_46.00,r0120,c0130,dp37898,119489,
f_46.00,f_46.00,r0120,c0140,dp37904,94217,
f_46.00,f_46.00,r0130,c0060,dp38235,-81800,
f_46.00,f_46.00,r0130,c0070,dp38236,74800,
f_46.00,f_46.00,r0130,c0080,dp38234,-85114,
f_46.00,f_46.00,r0130,c0090,dp42726,53954,
f_46.00,f_46.00,r0130,c0120,dp38230,-94658,
f_46.00,f_46.00,r0130,c0130,dp38231,70508,
f_46.00,f_46.00,r0130,c0140,dp38237,32348,
f_46.00,f_46.00,r0140,c0010,dp37913,62124,
f_46.00,f_46.00,r0140,c0020,dp37915,-57691,
f_46.00,f_46.00,r0140,c0030,dp37914,34565,
f_46.00,f_46.00,r0140,c0040,dp42724,-46462,
f_46.00,f_46.00,r0140,c0130,dp37912,-5396,
f_46.00,f_46.00,r0140,c0140,dp37916,-12860,
f_46.00,f_46.00,r0150,c0010,dp37919,63009,
f_46.00,f_46.00,r0150,c0020,dp37921,62029,
f_46.00,f_46.00,r0150,c0030,dp37920,83355,
f_46.00,f_46.00,r0150,c0040,dp42725,-19237,
f_46.00,f_46.00,r0150,c0130,dp37918,181715,
f_46.00,f_46.00,r0150,c0140,dp37922,370871,
f_46.00,f_46.00,r0160,c0030,dp38492,84223,
f_46.00,f_46.00,r0160,c0040,dp38493,12504,
f_46.00,f_46.00,r0160,c0050,dp38491,60820,
f_46.00,f_46.00,r0160,c0060,dp38497,57524,
f_46.00,f_46.00,r0160,c0070,dp38498,-61503,
f_46.00,f_46.00,r0160,c0090,dp155817,-89498,
f_46.00,f_46.00,r0160,c0100,dp38496,4900,
f_46.00,f_46.00,r0160,c0110,dp38494,19152,
f_46.00,f_46.00,r0160,c0120,dp38489,7334,
f_46.00,f_46.00,r0160,c0130,dp38490,-72153,
f_46.00,f_46.00,r0160,c0140,dp38499,23303,
f_46.00,f_46.00,r0170,c0010,dp33232,-37702,
f_46.00,f_46.00,r0170,c0020,dp33238,-82340,
f_46.00,f_46.00,r0170,c0030,dp33233,-85474,
f_46.00,f_46.00,r0170,c0040,dp33234,-53489,
f_46.00,f_46.00,r0170,c0050,dp33231,-86083,
f_46.00,f_46.00,r0170,c0060,dp33236,62204,
f_46.00,f_46.00,r0170,c0070,dp33237,-97707,
f_46.00,f_46.00,r0170,c0080,dp33235,40802,
f_46.00,f_46.00,r0170,c0090,dp42174,97869,
f_46.00,f_46.00,r0170,c0130,dp33230,-167193,
f_46.00,f_46.00,r0170,c0140,dp33239,-409113,
f_46.00,f_46.00,r0180,c0010,dp33242,52170,
f_46.00,f_46.00,r0180,c0020,dp33245,29077,
f_46.00,f_46.00,r0180,c0040,dp42175,-39295,
f_46.00,f_46.00,r0180,c0090,dp42176,-90324,
f_46.00,f_46.00,r0180,c0130,dp33241,-134370,
f_46.00,f_46.00,r0180,c0140,dp33246,-182742,
f_46.00,f_46.00,r0190,c0030,dp33250,-89769,
f_46.00,f_46.00,r0190,c0040,dp33251,59820,
f_46.00,f_46.00,r0190,c0050,dp33249,89223,
f_46.00,f_46.00,r0190,c0060,dp33256,-12403,
f_46.00,f_46.00,r0190,c0070,dp33257,65567,
f_46.00,f_46.00,r0190,c0080,dp33253,-8380,
f_46.00,f_46.00,r0190,c0090,dp33254,-40709,
f_46.00,f_46.00,r0190,c0100,dp33255,-25580,
f_46.00,f_46.00,r0190,c0110,dp33252,77967,
f_46.00,f_46.00,r0190,c0120,dp33247,-49422,
f_46.00,f_46.00,r0190,c0130,dp33248,-189059,
f_46.00,f_46.00,r0190,c0140,dp33258,-122745,
f_46.00,f_46.00,r0200,c0050,dp38367,-24261,
f_46.00,f_46.00,r0200,c0100,dp42728,-70976,
f_46.00,f_46.00,r0200,c0120,dp38365,56597,
f_46.00,f_46.00,r0200,c0130,dp38366,-5072,
f_46.00,f_46.00,r0200,c0140,dp38373,-43712,
f_46.00,f_46.00,r0210,c0010,dp32440,234670,
f_46.00,f_46.00,r0210,c0020,dp32462,-126529,
f_46.00,f_46.00,r0210,c0030,dp32444,-19551,
f_46.00,f_46.00,r0210,c0040,dp32446,-255023,
f_46.00,f_46.00,r0210,c0050,dp32429,156712,
f_46.00,f_46.00,r0210,c0060,dp32458,128153,
f_46.00,f_46.00,r0210,c0070,dp32460,-127029,
f_46.00,f_46.00,r0210,c0080,dp32450,25276,
f_46.00,f_46.00,r0210,c0090,dp32454,97790,
f_46.00,f_46.00,r0210,c0100,dp32456,15848,
f_46.00,f_46.00,r0210,c0110,dp32448,125853,
f_46.00,f_46.00,r0210,c0120,dp32425,20545,
f_46.00,f_46.00,r0210,c0130,dp32428,72740,
f_46.00,f_46.00,r0210,c0140,dp32464,315779,
f_47.00,f_47.00,r0010,c0010,dp434102,55914.0,
f_47.00,f_47.00,r0010,c0020,dp434097,32079.0,
f_47.00,f_47.00,r0010,c0030,dp434096,60345.0,
f_47.00,f_47.00,r0010,c0040,dp434101,62112.0,
f_47.00,f_47.00,r0010,c0050,dp434099,75633.0,
f_47.00,f_47.00,r0010,c0060,dp434098,6195.0,
f_47.00,f_47.00,r0010,c0070,dp434100,47444.0,
f_47.00,f_47.00,r0020,c0010,dp434109,97334.0,
f_47.00,f_47.00,r0020,c0020,dp434104,95116.0,
f_47.00,f_47.00,r0020,c0030,dp434103,40295.0,
f_47.00,f_47.00,r0020,c0040,dp434108,58894.0,
f_47.00,f_47.00,r0020,c0050,dp434106,43564.0,
f_47.00,f_47.00,r0020,c0060,dp434105,57742.0,
f_47.00,f_47.00,r0020,c0070,dp434107,63306.0,
f_47.00,f_47.00,r0030,c0010,dp434116,85090.0,
f_47.00,f_47.00,r0030,c0020,dp434111,46116.0,
f_47.00,f_47.00,r0030,c0030,dp434110,87301.0,
f_47.00,f_47.00,r0030,c0040,dp434115,46904.0,
f_47.00,f_47.00,r0030,c0050,dp434113,26329.0,
f_47.00,f_47.00,r0030,c0060,dp434112,49014.0,
f_47.00,f_47.00,r0030,c0070,dp434114,45292.0,
f_47.00,f_47.00,r0040,c0010,dp434127,53896.0,
f_47.00,f_47.00,r0040,c0020,dp434122,78790.0,
f_47.00,f_47.00,r0040,c0030,dp434121,40796.0,
f_47.00,f_47.00,r0040,c0040,dp434126,23161.0,
f_47.00,f_47.00,r0040,c0050,dp434124,46254.0,
f_47.00,f_47.00,r0040,c0060,dp434123,55622.0,
f_47.00,f_47.00,r0040,c0070,dp434125,43923.0,
f_04.01,,,,dp11114,494921,
f_04.01,,,,dp11090,77440,
f_04.01,,,,dp11108,4491,
f_04.01,,,,dp67316,47504,
f_04.01,,,,dp11082,96542,
f_04.01,,,,dp11083,39343,
f_04.01,,,,dp11084,55967,
f_04.01,,,,dp11085,93035,
f_04.01,,,,dp11086,7526,
f_04.01,,,,dp67314,95728,
f_04.01,,,,dp11110,775420,
f_04.01,,,,dp11112,57244,
f_04.01,,,,dp67315,18782,
f_04.01,,,,dp11081,31584,
f_04.01,,,,dp11088,93141,
f_04.01,,,,dp11091,84296,
f_04.01,,,,dp11087,80403,
f_04.01,,,,dp11089,44583,
f_04.01,,,,dp11106,218764,
f_25.01.d,,,,dp434095,89,
f_25.01.d,,,,dp434094,567,
