IdTab_file,IdTab,Row,Column,Datapoint,factValue,qOOR
f_00.01,f_00.01,r0010,c0010,dp31870,qAS:qx2005,
f_00.01,f_00.01,r0020,c0010,dp37969,qSC:qx9,
f_01.01,f_01.01,r0010,c0010,dp10898,39421.0,
f_01.01,f_01.01,r0020,c0010,dp32358,788.0,
f_01.01,f_01.01,r0030,c0010,dp32237,19312.0,
f_01.01,f_01.01,r0040,c0010,dp32244,19321.0,
f_01.01,f_01.01,r0050,c0010,dp11110,19053.0,
f_01.01,f_01.01,r0060,c0010,dp11108,309.0,
f_01.01,f_01.01,r0070,c0010,dp11112,3751.0,
f_01.01,f_01.01,r0080,c0010,dp11106,216.0,
f_01.01,f_01.01,r0090,c0010,dp11114,14777.0,
f_01.01,f_01.01,r0091,c0010,dp45921,40982.0,
f_01.01,f_01.01,r0092,c0010,dp45920,4458.0,
f_01.01,f_01.01,r0093,c0010,dp45922,11805.0,
f_01.01,f_01.01,r0094,c0010,dp45919,6529.0,
f_01.01,f_01.01,r0095,c0010,dp45924,18190.0,
f_01.01,f_01.01,r0096,c0010,dp152736,29946.0,
f_01.01,f_01.01,r0097,c0010,dp152734,4289.0,
f_01.01,f_01.01,r0098,c0010,dp152732,5976.0,
f_01.01,f_01.01,r0099,c0010,dp152738,19681.0,
f_01.01,f_01.01,r0100,c0010,dp10976,42447.0,
f_01.01,f_01.01,r0110,c0010,dp10974,16831.0,
f_01.01,f_01.01,r0120,c0010,dp10972,14775.0,
f_01.01,f_01.01,r0130,c0010,dp10978,10841.0,
f_01.01,f_01.01,r0141,c0010,dp152877,30815.0,
f_01.01,f_01.01,r0142,c0010,dp152875,1182.0,
f_01.01,f_01.01,r0143,c0010,dp152873,18872.0,
f_01.01,f_01.01,r0144,c0010,dp152879,10761.0,
f_01.01,f_01.01,r0171,c0010,dp45693,16504.0,
f_01.01,f_01.01,r0172,c0010,dp45691,7134.0,
f_01.01,f_01.01,r0173,c0010,dp45690,224.0,
f_01.01,f_01.01,r0174,c0010,dp45694,9146.0,
f_01.01,f_01.01,r0175,c0010,dp45749,31773.0,
f_01.01,f_01.01,r0176,c0010,dp45747,6191.0,
f_01.01,f_01.01,r0177,c0010,dp45746,16315.0,
f_01.01,f_01.01,r0178,c0010,dp45750,9267.0,
f_01.01,f_01.01,r0181,c0010,dp152251,26301.0,
f_01.01,f_01.01,r0182,c0010,dp152247,16623.0,
f_01.01,f_01.01,r0183,c0010,dp152253,9678.0,
f_01.01,f_01.01,r0231,c0010,dp46532,30682.0,
f_01.01,f_01.01,r0232,c0010,dp46530,12075.0,
f_01.01,f_01.01,r0233,c0010,dp46534,4008.0,
f_01.01,f_01.01,r0234,c0010,dp46025,20452.0,
f_01.01,f_01.01,r0235,c0010,dp46023,4197.0,
f_01.01,f_01.01,r0236,c0010,dp46022,15559.0,
f_01.01,f_01.01,r0237,c0010,dp46026,696.0,
f_01.01,f_01.01,r0240,c0010,dp11478,7381.0,
f_01.01,f_01.01,r0250,c0010,dp32402,250.0,
f_01.01,f_01.01,r0260,c0010,dp11802,241.0,
f_01.01,f_01.01,r0270,c0010,dp32420,29094.0,
f_01.01,f_01.01,r0280,c0010,dp11922,12152.0,
f_01.01,f_01.01,r0290,c0010,dp11776,16942.0,
f_01.01,f_01.01,r0300,c0010,dp32406,26528.0,
f_01.01,f_01.01,r0310,c0010,dp32404,16077.0,
f_01.01,f_01.01,r0320,c0010,dp32408,10451.0,
f_01.01,f_01.01,r0330,c0010,dp32422,30859.0,
f_01.01,f_01.01,r0340,c0010,dp32360,13158.0,
f_01.01,f_01.01,r0350,c0010,dp113147,17701.0,
f_01.01,f_01.01,r0360,c0010,dp32356,18315.0,
f_01.01,f_01.01,r0370,c0010,dp10903,3455.0,
f_01.01,f_01.01,r0375,c0010,dp155442,3022.0,
f_01.01,f_01.01,r0380,c0010,dp32354,467297.0,
f_01.01,f_01.01,r0390,c0010,dp151652,14599.0,
f_01.02,f_01.02,r0010,c0010,dp11345,-33801.0,
f_01.02,f_01.02,r0020,c0010,dp11343,-9356.0,
f_01.02,f_01.02,r0030,c0010,dp11349,-2289.0,
f_01.02,f_01.02,r0040,c0010,dp11341,-3286.0,
f_01.02,f_01.02,r0050,c0010,dp11332,-9835.0,
f_01.02,f_01.02,r0060,c0010,dp11347,-9035.0,
f_01.02,f_01.02,r0061,c0010,dp45982,-24724.0,
f_01.02,f_01.02,r0062,c0010,dp45981,-4544.0,
f_01.02,f_01.02,r0063,c0010,dp45984,-8237.0,
f_01.02,f_01.02,r0064,c0010,dp45980,-8461.0,
f_01.02,f_01.02,r0065,c0010,dp45972,-1089.0,
f_01.02,f_01.02,r0066,c0010,dp45983,-2393.0,
f_01.02,f_01.02,r0070,c0010,dp11247,-16999.0,
f_01.02,f_01.02,r0080,c0010,dp11243,-5266.0,
f_01.02,f_01.02,r0090,c0010,dp11233,-4412.0,
f_01.02,f_01.02,r0100,c0010,dp11249,-7321.0,
f_01.02,f_01.02,r0110,c0010,dp11451,-2320.0,
f_01.02,f_01.02,r0120,c0010,dp11447,-449.0,
f_01.02,f_01.02,r0130,c0010,dp11437,-136.0,
f_01.02,f_01.02,r0140,c0010,dp11453,-1735.0,
f_01.02,f_01.02,r0141,c0010,dp45849,-13876.0,
f_01.02,f_01.02,r0142,c0010,dp45846,-5544.0,
f_01.02,f_01.02,r0143,c0010,dp45837,-7412.0,
f_01.02,f_01.02,r0144,c0010,dp45851,-920.0,
f_01.02,f_01.02,r0150,c0010,dp11485,-2141.0,
f_01.02,f_01.02,r0160,c0010,dp32629,1681.0,
f_01.02,f_01.02,r0170,c0010,dp32633,-28793.0,
f_01.02,f_01.02,r0175,c0010,dp46317,-1234.0,
f_01.02,f_01.02,r0180,c0010,dp113186,-2938.0,
f_01.02,f_01.02,r0190,c0010,dp32636,-956.0,
f_01.02,f_01.02,r0200,c0010,dp32646,-2642.0,
f_01.02,f_01.02,r0210,c0010,dp32644,-9748.0,
f_01.02,f_01.02,r0220,c0010,dp152670,-8108.0,
f_01.02,f_01.02,r0230,c0010,dp32642,-3167.0,
f_01.02,f_01.02,r0240,c0010,dp32651,-6453.0,
f_01.02,f_01.02,r0250,c0010,dp32594,-4989.0,
f_01.02,f_01.02,r0260,c0010,dp113175,-1464.0,
f_01.02,f_01.02,r0270,c0010,dp32648,-264.0,
f_01.02,f_01.02,r0280,c0010,dp32631,-3334.0,
f_01.02,f_01.02,r0290,c0010,dp10907,-6261.0,
f_01.02,f_01.02,r0295,c0010,dp155640,-9923.0,
f_01.02,f_01.02,r0300,c0010,dp32592,-153938.0,
f_01.03,f_01.03,r0310,c0010,dp32654,157300.0,
f_02.00,f_02.00,r0010,c0010,dp33853,-114409.0,
f_02.00,f_02.00,r0020,c0010,dp11116,-25430.0,
f_02.00,f_02.00,r0025,c0010,dp152740,-16514.0,
f_02.00,f_02.00,r0030,c0010,dp10980,-6650.0,
f_02.00,f_02.00,r0041,c0010,dp152881,-47289.0,
f_02.00,f_02.00,r0051,c0010,dp152255,-7013.0,
f_02.00,f_02.00,r0070,c0010,dp11678,6298.0,
f_02.00,f_02.00,r0080,c0010,dp33859,-1404.0,
f_02.00,f_02.00,r0085,c0010,dp149615,-16407.0,
f_02.00,f_02.00,r0090,c0010,dp33803,131630.0,
f_02.00,f_02.00,r0100,c0010,dp11351,37505.0,
f_02.00,f_02.00,r0110,c0010,dp11251,32293.0,
f_02.00,f_02.00,r0120,c0010,dp11455,10624.0,
f_02.00,f_02.00,r0130,c0010,dp11677,26382.0,
f_02.00,f_02.00,r0140,c0010,dp33812,7653.0,
f_02.00,f_02.00,r0145,c0010,dp149605,17173.0,
f_02.00,f_02.00,r0150,c0010,dp33815,24006.0,
f_02.00,f_02.00,r0160,c0010,dp33861,-95535.0,
f_02.00,f_02.00,r0170,c0010,dp11117,-24443.0,
f_02.00,f_02.00,r0175,c0010,dp152741,-37496.0,
f_02.00,f_02.00,r0191,c0010,dp152882,-7669.0,
f_02.00,f_02.00,r0192,c0010,dp153011,-25927.0,
f_02.00,f_02.00,r0200,c0010,dp33870,-5765.0,
f_02.00,f_02.00,r0210,c0010,dp33821,10170.0,
f_02.00,f_02.00,r0220,c0010,dp10744,-34403.0,
f_02.00,f_02.00,r0231,c0010,dp152883,-12304.0,
f_02.00,f_02.00,r0241,c0010,dp152256,44914.0,
f_02.00,f_02.00,r0260,c0010,dp11456,26486.0,
f_02.00,f_02.00,r0270,c0010,dp10900,40993.0,
f_02.00,f_02.00,r0280,c0010,dp10678,10757.0,
f_02.00,f_02.00,r0285,c0010,dp46571,36657.0,
f_02.00,f_02.00,r0287,c0010,dp152746,-22596.0,
f_02.00,f_02.00,r0290,c0010,dp56328,3642.0,
f_02.00,f_02.00,r0295,c0010,dp45638,15328.0,
f_02.00,f_02.00,r0300,c0010,dp33937,39794.0,
f_02.00,f_02.00,r0310,c0010,dp33942,21834.0,
f_02.00,f_02.00,r0330,c0010,dp33924,43401.0,
f_02.00,f_02.00,r0340,c0010,dp33896,-39454.0,
f_02.00,f_02.00,r0350,c0010,dp33831,31630.0,
f_02.00,f_02.00,r0355,c0010,dp46612,-37972.0,
f_02.00,f_02.00,r0360,c0010,dp33816,64900.0,
f_02.00,f_02.00,r0370,c0010,dp33818,44404.0,
f_02.00,f_02.00,r0380,c0010,dp33817,20496.0,
f_02.00,f_02.00,r0385,c0010,dp433799,1805.0,
f_02.00,f_02.00,r0390,c0010,dp57016,15338.0,
f_02.00,f_02.00,r0400,c0010,dp56343,5757.0,
f_02.00,f_02.00,r0410,c0010,dp56338,1160.0,
f_02.00,f_02.00,r0415,c0010,dp57014,48901.0,
f_02.00,f_02.00,r0420,c0010,dp57015,9581.0,
f_02.00,f_02.00,r0425,c0010,dp150928,-22501.0,
f_02.00,f_02.00,r0426,c0010,dp152885,7606.0,
f_02.00,f_02.00,r0427,c0010,dp152258,-30107.0,
f_02.00,f_02.00,r0430,c0010,dp33932,40355.0,
f_02.00,f_02.00,r0440,c0010,dp57024,28636.0,
f_02.00,f_02.00,r0450,c0010,dp33934,40355.0,
f_02.00,f_02.00,r0455,c0010,dp46347,48643.0,
f_02.00,f_02.00,r0460,c0010,dp10616,31087.0,
f_02.00,f_02.00,r0481,c0010,dp152884,27467.0,
f_02.00,f_02.00,r0491,c0010,dp152257,34300.0,
f_02.00,f_02.00,r0510,c0010,dp11816,38270.0,
f_02.00,f_02.00,r0520,c0010,dp33926,50280.0,
f_02.00,f_02.00,r0530,c0010,dp11932,12833.0,
f_02.00,f_02.00,r0540,c0010,dp11786,37211.0,
f_02.00,f_02.00,r0550,c0010,dp33928,19394.0,
f_02.00,f_02.00,r0560,c0010,dp11916,17258.0,
f_02.00,f_02.00,r0570,c0010,dp33925,37447.0,
f_02.00,f_02.00,r0580,c0010,dp33895,20.0,
f_02.00,f_02.00,r0590,c0010,dp11812,12062.0,
f_02.00,f_02.00,r0600,c0010,dp10913,8011.0,
f_02.00,f_02.00,r0610,c0010,dp33946,250298.0,
f_02.00,f_02.00,r0620,c0010,dp33952,3950.0,
f_02.00,f_02.00,r0630,c0010,dp33948,254248.0,
f_02.00,f_02.00,r0640,c0010,dp33949,52788.0,
f_02.00,f_02.00,r0650,c0010,dp33947,30345.0,
f_02.00,f_02.00,r0660,c0010,dp33953,22443.0,
f_02.00,f_02.00,r0670,c0010,dp57025,307036.0,
f_02.00,f_02.00,r0680,c0010,dp57020,307036.0,
f_02.00,f_02.00,r0690,c0010,dp57021,34174.0,
f_03.00,f_03.00,r0010,c0010,dp57025,5684675.0,
f_03.00,f_03.00,r0340,c0010,dp33951,5684675.0,
f_03.00,f_03.00,r0350,c0010,dp33898,5684675.0,
f_03.00,f_03.00,r0360,c0010,dp33899,5684675.0,
f_04.02.2,f_04.02.2,r0010,c0010,dp10974,38699.0,
f_04.02.2,f_04.02.2,r0020,c0010,dp5485814,28514.0,
f_04.02.2,f_04.02.2,r0030,c0010,dp10953,24741.0,
f_04.02.2,f_04.02.2,r0040,c0010,dp67306,31420.0,
f_04.02.2,f_04.02.2,r0050,c0010,dp10959,45562.0,
f_04.02.2,f_04.02.2,r0060,c0010,dp10972,7401.0,
f_04.02.2,f_04.02.2,r0060,c0020,dp151177,-24590.0,
f_04.02.2,f_04.02.2,r0070,c0010,dp10950,5587.0,
f_04.02.2,f_04.02.2,r0070,c0020,dp151166,-17644.0,
f_04.02.2,f_04.02.2,r0080,c0010,dp10955,27711.0,
f_04.02.2,f_04.02.2,r0080,c0020,dp151170,-10447.0,
f_04.02.2,f_04.02.2,r0090,c0010,dp10952,47300.0,
f_04.02.2,f_04.02.2,r0090,c0020,dp151168,-42285.0,
f_04.02.2,f_04.02.2,r0100,c0010,dp67305,43750.0,
f_04.02.2,f_04.02.2,r0100,c0020,dp151175,-43683.0,
f_04.02.2,f_04.02.2,r0110,c0010,dp10958,1814.0,
f_04.02.2,f_04.02.2,r0110,c0020,dp151173,-6946.0,
f_04.02.2,f_04.02.2,r0120,c0010,dp10978,54659.0,
f_04.02.2,f_04.02.2,r0120,c0020,dp151179,-33845.0,
f_04.02.2,f_04.02.2,r0130,c0010,dp10951,36973.0,
f_04.02.2,f_04.02.2,r0130,c0020,dp151167,-31064.0,
f_04.02.2,f_04.02.2,r0140,c0010,dp10956,17776.0,
f_04.02.2,f_04.02.2,r0140,c0020,dp151171,-47166.0,
f_04.02.2,f_04.02.2,r0150,c0010,dp10954,23633.0,
f_04.02.2,f_04.02.2,r0150,c0020,dp151169,-40610.0,
f_04.02.2,f_04.02.2,r0160,c0010,dp67307,6706.0,
f_04.02.2,f_04.02.2,r0160,c0020,dp151176,-43177.0,
f_04.02.2,f_04.02.2,r0170,c0010,dp10960,42188.0,
f_04.02.2,f_04.02.2,r0170,c0020,dp151174,-23277.0,
f_04.02.2,f_04.02.2,r0180,c0010,dp10957,17686.0,
f_04.02.2,f_04.02.2,r0180,c0020,dp151172,-2781.0,
f_04.02.2,f_04.02.2,r0190,c0010,dp10976,100759.0,
f_04.02.2,f_04.02.2,r0190,c0020,dp151178,-58435.0,
f_04.06,f_04.06,r0005,c0010,dp45920,57304.0,
f_04.06,f_04.06,r0010,c0010,dp45922,28339.0,
f_04.06,f_04.06,r0020,c0010,dp45923,17664.0,
f_04.06,f_04.06,r0030,c0010,dp45898,41680.0,
f_04.06,f_04.06,r0040,c0010,dp67592,69804.0,
f_04.06,f_04.06,r0050,c0010,dp45904,67230.0,
f_04.06,f_04.06,r0060,c0010,dp45919,122779.0,
f_04.06,f_04.06,r0070,c0010,dp45895,53447.0,
f_04.06,f_04.06,r0080,c0010,dp45900,5639.0,
f_04.06,f_04.06,r0090,c0010,dp45897,59734.0,
f_04.06,f_04.06,r0100,c0010,dp67591,29625.0,
f_04.06,f_04.06,r0110,c0010,dp45903,69332.0,
f_04.06,f_04.06,r0120,c0010,dp45924,57615.0,
f_04.06,f_04.06,r0130,c0010,dp45896,11876.0,
f_04.06,f_04.06,r0140,c0010,dp45901,29166.0,
f_04.06,f_04.06,r0150,c0010,dp45899,1947.0,
f_04.06,f_04.06,r0160,c0010,dp67593,69085.0,
f_04.06,f_04.06,r0170,c0010,dp45905,63148.0,
f_04.06,f_04.06,r0180,c0010,dp45902,45739.0,
f_04.06,f_04.06,r0190,c0010,dp45921,266037.0,
f_04.07,f_04.07,r0010,c0010,dp45691,4024.0,
f_04.07,f_04.07,r0020,c0010,dp45692,54938.0,
f_04.07,f_04.07,r0030,c0010,dp45671,28988.0,
f_04.07,f_04.07,r0040,c0010,dp67577,19159.0,
f_04.07,f_04.07,r0050,c0010,dp45677,35118.0,
f_04.07,f_04.07,r0060,c0010,dp45690,86400.0,
f_04.07,f_04.07,r0060,c0021,dp151777,-86974.0,
f_04.07,f_04.07,r0070,c0010,dp45668,33206.0,
f_04.07,f_04.07,r0070,c0021,dp151766,-21913.0,
f_04.07,f_04.07,r0080,c0010,dp45673,38683.0,
f_04.07,f_04.07,r0080,c0021,dp151770,-68139.0,
f_04.07,f_04.07,r0090,c0010,dp45670,69218.0,
f_04.07,f_04.07,r0090,c0021,dp151768,-60509.0,
f_04.07,f_04.07,r0100,c0010,dp67576,53801.0,
f_04.07,f_04.07,r0100,c0021,dp151775,-9974.0,
f_04.07,f_04.07,r0110,c0010,dp45676,53194.0,
f_04.07,f_04.07,r0110,c0021,dp151773,-65061.0,
f_04.07,f_04.07,r0120,c0010,dp45694,35090.0,
f_04.07,f_04.07,r0120,c0021,dp151779,-25492.0,
f_04.07,f_04.07,r0130,c0010,dp45669,17780.0,
f_04.07,f_04.07,r0130,c0021,dp151767,-2686.0,
f_04.07,f_04.07,r0140,c0010,dp45674,55307.0,
f_04.07,f_04.07,r0140,c0021,dp151771,-64566.0,
f_04.07,f_04.07,r0150,c0010,dp45672,55817.0,
f_04.07,f_04.07,r0150,c0021,dp151769,-64867.0,
f_04.07,f_04.07,r0160,c0010,dp67578,96.0,
f_04.07,f_04.07,r0160,c0021,dp151776,-24341.0,
f_04.07,f_04.07,r0170,c0010,dp45678,10756.0,
f_04.07,f_04.07,r0170,c0021,dp151774,-9119.0,
f_04.07,f_04.07,r0180,c0010,dp45675,17310.0,
f_04.07,f_04.07,r0180,c0021,dp151772,-22806.0,
f_04.07,f_04.07,r0190,c0010,dp45693,125514.0,
f_04.07,f_04.07,r0190,c0021,dp151778,-112466.0,
f_04.08,f_04.08,r0010,c0010,dp153517,65206.0,
f_04.08,f_04.08,r0010,c0040,dp153460,90960.0,
f_04.08,f_04.08,r0010,c0050,dp153455,82648.0,
f_04.08,f_04.08,r0010,c0060,dp150369,-24464.0,
f_04.08,f_04.08,r0010,c0070,dp150477,-34924.0,
f_04.08,f_04.08,r0010,c0080,dp150430,-95677.0,
f_04.08,f_04.08,r0010,c0090,dp153479,-93905.0,
f_04.08,f_04.08,r0010,c0100,dp153498,-54431.0,
f_04.08,f_04.08,r0020,c0010,dp153518,12728.0,
f_04.08,f_04.08,r0020,c0040,dp153461,66457.0,
f_04.08,f_04.08,r0020,c0050,dp153456,5434.0,
f_04.08,f_04.08,r0020,c0060,dp150370,-71593.0,
f_04.08,f_04.08,r0020,c0070,dp150478,-11129.0,
f_04.08,f_04.08,r0020,c0080,dp150431,-80097.0,
f_04.08,f_04.08,r0020,c0090,dp153480,-97567.0,
f_04.08,f_04.08,r0020,c0100,dp153499,-49753.0,
f_04.08,f_04.08,r0030,c0010,dp153505,69710.0,
f_04.08,f_04.08,r0030,c0040,dp153434,16561.0,
f_04.08,f_04.08,r0030,c0050,dp153431,78719.0,
f_04.08,f_04.08,r0030,c0060,dp150357,-20500.0,
f_04.08,f_04.08,r0030,c0070,dp150465,-28775.0,
f_04.08,f_04.08,r0030,c0080,dp150418,-64340.0,
f_04.08,f_04.08,r0030,c0090,dp153467,-79736.0,
f_04.08,f_04.08,r0030,c0100,dp153486,-4443.0,
f_04.08,f_04.08,r0040,c0010,dp153514,57734.0,
f_04.08,f_04.08,r0040,c0040,dp153452,57172.0,
f_04.08,f_04.08,r0040,c0050,dp153449,97034.0,
f_04.08,f_04.08,r0040,c0060,dp150366,-65203.0,
f_04.08,f_04.08,r0040,c0070,dp150474,-7074.0,
f_04.08,f_04.08,r0040,c0080,dp150427,-72406.0,
f_04.08,f_04.08,r0040,c0090,dp153476,-35910.0,
f_04.08,f_04.08,r0040,c0100,dp153495,-30556.0,
f_04.08,f_04.08,r0050,c0010,dp153511,64229.0,
f_04.08,f_04.08,r0050,c0040,dp153446,56961.0,
f_04.08,f_04.08,r0050,c0050,dp153443,31260.0,
f_04.08,f_04.08,r0050,c0060,dp150363,-82954.0,
f_04.08,f_04.08,r0050,c0070,dp150471,-46923.0,
f_04.08,f_04.08,r0050,c0080,dp150424,-34056.0,
f_04.08,f_04.08,r0050,c0090,dp153473,-71100.0,
f_04.08,f_04.08,r0050,c0100,dp153492,-50412.0,
f_04.08,f_04.08,r0060,c0010,dp153516,108911.0,
f_04.08,f_04.08,r0060,c0030,dp153532,-69934.0,
f_04.08,f_04.08,r0060,c0040,dp153459,130012.0,
f_04.08,f_04.08,r0060,c0050,dp153454,113801.0,
f_04.08,f_04.08,r0060,c0060,dp150368,-140309.0,
f_04.08,f_04.08,r0060,c0070,dp150476,-73630.0,
f_04.08,f_04.08,r0060,c0080,dp150429,-66611.0,
f_04.08,f_04.08,r0060,c0090,dp153478,-87138.0,
f_04.08,f_04.08,r0060,c0100,dp153497,-138215.0,
f_04.08,f_04.08,r0070,c0010,dp153502,34084.0,
f_04.08,f_04.08,r0070,c0030,dp153521,-16307.0,
f_04.08,f_04.08,r0070,c0040,dp153428,72954.0,
f_04.08,f_04.08,r0070,c0050,dp153426,17941.0,
f_04.08,f_04.08,r0070,c0060,dp150354,-50310.0,
f_04.08,f_04.08,r0070,c0070,dp150462,-62540.0,
f_04.08,f_04.08,r0070,c0080,dp150415,-53960.0,
f_04.08,f_04.08,r0070,c0090,dp153464,-71275.0,
f_04.08,f_04.08,r0070,c0100,dp153483,-63261.0,
f_04.08,f_04.08,r0080,c0010,dp153507,8252.0,
f_04.08,f_04.08,r0080,c0030,dp153525,-73106.0,
f_04.08,f_04.08,r0080,c0040,dp153438,63361.0,
f_04.08,f_04.08,r0080,c0050,dp153436,31469.0,
f_04.08,f_04.08,r0080,c0060,dp150359,-45307.0,
f_04.08,f_04.08,r0080,c0070,dp150467,-59554.0,
f_04.08,f_04.08,r0080,c0080,dp150420,-62511.0,
f_04.08,f_04.08,r0080,c0090,dp153469,-6027.0,
f_04.08,f_04.08,r0080,c0100,dp153488,-9651.0,
f_04.08,f_04.08,r0090,c0010,dp153504,94729.0,
f_04.08,f_04.08,r0090,c0030,dp153523,-27494.0,
f_04.08,f_04.08,r0090,c0040,dp153433,15095.0,
f_04.08,f_04.08,r0090,c0050,dp153430,17437.0,
f_04.08,f_04.08,r0090,c0060,dp150356,-7248.0,
f_04.08,f_04.08,r0090,c0070,dp150464,-69946.0,
f_04.08,f_04.08,r0090,c0080,dp150417,-27115.0,
f_04.08,f_04.08,r0090,c0090,dp153466,-88861.0,
f_04.08,f_04.08,r0090,c0100,dp153485,-44607.0,
f_04.08,f_04.08,r0100,c0010,dp153513,18402.0,
f_04.08,f_04.08,r0100,c0030,dp153530,-59130.0,
f_04.08,f_04.08,r0100,c0040,dp153451,72349.0,
f_04.08,f_04.08,r0100,c0050,dp153448,59441.0,
f_04.08,f_04.08,r0100,c0060,dp150365,-62522.0,
f_04.08,f_04.08,r0100,c0070,dp150473,-98823.0,
f_04.08,f_04.08,r0100,c0080,dp150426,-36106.0,
f_04.08,f_04.08,r0100,c0090,dp153475,-62534.0,
f_04.08,f_04.08,r0100,c0100,dp153494,-21031.0,
f_04.08,f_04.08,r0110,c0010,dp153510,74827.0,
f_04.08,f_04.08,r0110,c0030,dp153528,-53627.0,
f_04.08,f_04.08,r0110,c0040,dp153445,57058.0,
f_04.08,f_04.08,r0110,c0050,dp153442,95860.0,
f_04.08,f_04.08,r0110,c0060,dp150362,-89999.0,
f_04.08,f_04.08,r0110,c0070,dp150470,-11090.0,
f_04.08,f_04.08,r0110,c0080,dp150423,-12651.0,
f_04.08,f_04.08,r0110,c0090,dp153472,-15863.0,
f_04.08,f_04.08,r0110,c0100,dp153491,-74954.0,
f_04.08,f_04.08,r0120,c0010,dp153520,285042.0,
f_04.08,f_04.08,r0120,c0030,dp153534,-318846.0,
f_04.08,f_04.08,r0120,c0040,dp153463,448250.0,
f_04.08,f_04.08,r0120,c0050,dp153458,264508.0,
f_04.08,f_04.08,r0120,c0060,dp150372,-321392.0,
f_04.08,f_04.08,r0120,c0070,dp150480,-264297.0,
f_04.08,f_04.08,r0120,c0080,dp150433,-375522.0,
f_04.08,f_04.08,r0120,c0090,dp153482,-205990.0,
f_04.08,f_04.08,r0120,c0100,dp153501,-160024.0,
f_04.08,f_04.08,r0130,c0010,dp153503,7862.0,
f_04.08,f_04.08,r0130,c0030,dp153522,-88302.0,
f_04.08,f_04.08,r0130,c0040,dp153429,72572.0,
f_04.08,f_04.08,r0130,c0050,dp153427,63416.0,
f_04.08,f_04.08,r0130,c0060,dp150355,-81985.0,
f_04.08,f_04.08,r0130,c0070,dp150463,-15633.0,
f_04.08,f_04.08,r0130,c0080,dp150416,-77276.0,
f_04.08,f_04.08,r0130,c0090,dp153465,-22993.0,
f_04.08,f_04.08,r0130,c0100,dp153484,-24936.0,
f_04.08,f_04.08,r0140,c0010,dp153508,49945.0,
f_04.08,f_04.08,r0140,c0030,dp153526,-83984.0,
f_04.08,f_04.08,r0140,c0040,dp153439,34178.0,
f_04.08,f_04.08,r0140,c0050,dp153437,12663.0,
f_04.08,f_04.08,r0140,c0060,dp150360,-26383.0,
f_04.08,f_04.08,r0140,c0070,dp150468,-72544.0,
f_04.08,f_04.08,r0140,c0080,dp150421,-51095.0,
f_04.08,f_04.08,r0140,c0090,dp153470,-62782.0,
f_04.08,f_04.08,r0140,c0100,dp153489,-43485.0,
f_04.08,f_04.08,r0150,c0010,dp153506,5580.0,
f_04.08,f_04.08,r0150,c0030,dp153524,-6630.0,
f_04.08,f_04.08,r0150,c0040,dp153435,69535.0,
f_04.08,f_04.08,r0150,c0050,dp153432,47338.0,
f_04.08,f_04.08,r0150,c0060,dp150358,-16229.0,
f_04.08,f_04.08,r0150,c0070,dp150466,-904.0,
f_04.08,f_04.08,r0150,c0080,dp150419,-58336.0,
f_04.08,f_04.08,r0150,c0090,dp153468,-60052.0,
f_04.08,f_04.08,r0150,c0100,dp153487,-1085.0,
f_04.08,f_04.08,r0160,c0010,dp153515,80764.0,
f_04.08,f_04.08,r0160,c0030,dp153531,-76048.0,
f_04.08,f_04.08,r0160,c0040,dp153453,93580.0,
f_04.08,f_04.08,r0160,c0050,dp153450,52267.0,
f_04.08,f_04.08,r0160,c0060,dp150367,-47861.0,
f_04.08,f_04.08,r0160,c0070,dp150475,-28319.0,
f_04.08,f_04.08,r0160,c0080,dp150428,-90642.0,
f_04.08,f_04.08,r0160,c0090,dp153477,-622.0,
f_04.08,f_04.08,r0160,c0100,dp153496,-4494.0,
f_04.08,f_04.08,r0170,c0010,dp153512,52604.0,
f_04.08,f_04.08,r0170,c0030,dp153529,-14878.0,
f_04.08,f_04.08,r0170,c0040,dp153447,81872.0,
f_04.08,f_04.08,r0170,c0050,dp153444,34863.0,
f_04.08,f_04.08,r0170,c0060,dp150364,-71528.0,
f_04.08,f_04.08,r0170,c0070,dp150472,-48823.0,
f_04.08,f_04.08,r0170,c0080,dp150425,-67663.0,
f_04.08,f_04.08,r0170,c0090,dp153474,-31733.0,
f_04.08,f_04.08,r0170,c0100,dp153493,-14849.0,
f_04.08,f_04.08,r0175,c0010,dp429531,40477.0,
f_04.08,f_04.08,r0175,c0030,dp429532,-49015.0,
f_04.08,f_04.08,r0175,c0040,dp429528,22183.0,
f_04.08,f_04.08,r0175,c0050,dp429527,89875.0,
f_04.08,f_04.08,r0175,c0060,dp429143,-34021.0,
f_04.08,f_04.08,r0175,c0070,dp429149,-29708.0,
f_04.08,f_04.08,r0175,c0080,dp429146,-51179.0,
f_04.08,f_04.08,r0175,c0090,dp429529,-32038.0,
f_04.08,f_04.08,r0175,c0100,dp429530,-8012.0,
f_04.08,f_04.08,r0180,c0010,dp153509,88287.0,
f_04.08,f_04.08,r0180,c0030,dp153527,-49004.0,
f_04.08,f_04.08,r0180,c0040,dp153441,96513.0,
f_04.08,f_04.08,r0180,c0050,dp153440,53961.0,
f_04.08,f_04.08,r0180,c0060,dp150361,-77406.0,
f_04.08,f_04.08,r0180,c0070,dp150469,-98074.0,
f_04.08,f_04.08,r0180,c0080,dp150422,-30510.0,
f_04.08,f_04.08,r0180,c0090,dp153471,-27808.0,
f_04.08,f_04.08,r0180,c0100,dp153490,-71175.0,
f_04.08,f_04.08,r0190,c0010,dp153519,459159.0,
f_04.08,f_04.08,r0190,c0030,dp153533,-388780.0,
f_04.08,f_04.08,r0190,c0040,dp153462,669222.0,
f_04.08,f_04.08,r0190,c0050,dp153457,460957.0,
f_04.08,f_04.08,r0190,c0060,dp150371,-486165.0,
f_04.08,f_04.08,r0190,c0070,dp150479,-372851.0,
f_04.08,f_04.08,r0190,c0080,dp150432,-537810.0,
f_04.08,f_04.08,r0190,c0090,dp153481,-387033.0,
f_04.08,f_04.08,r0190,c0100,dp153500,-352670.0,
f_04.09,f_04.09,r0005,c0010,dp151692,46138.0,
f_04.09,f_04.09,r0005,c0015,dp153085,27745.0,
f_04.09,f_04.09,r0005,c0020,dp151688,87135.0,
f_04.09,f_04.09,r0005,c0025,dp153080,5115.0,
f_04.09,f_04.09,r0005,c0050,dp151652,40459.0,
f_04.09,f_04.09,r0005,c0070,dp153104,-40532.0,
f_04.09,f_04.09,r0005,c0080,dp153123,-88379.0,
f_04.09,f_04.09,r0005,c0090,dp151711,-35401.0,
f_04.09,f_04.09,r0005,c0100,dp151730,-14897.0,
f_04.09,f_04.09,r0006,c0010,dp151693,64361.0,
f_04.09,f_04.09,r0006,c0015,dp153086,72213.0,
f_04.09,f_04.09,r0006,c0020,dp151689,70448.0,
f_04.09,f_04.09,r0006,c0025,dp153081,27767.0,
f_04.09,f_04.09,r0006,c0050,dp151653,34237.0,
f_04.09,f_04.09,r0006,c0070,dp153105,-85740.0,
f_04.09,f_04.09,r0006,c0080,dp153124,-25440.0,
f_04.09,f_04.09,r0006,c0090,dp151712,-37066.0,
f_04.09,f_04.09,r0006,c0100,dp151731,-59101.0,
f_04.09,f_04.09,r0007,c0010,dp151675,74143.0,
f_04.09,f_04.09,r0007,c0015,dp153059,78681.0,
f_04.09,f_04.09,r0007,c0020,dp151673,77892.0,
f_04.09,f_04.09,r0007,c0025,dp153056,89857.0,
f_04.09,f_04.09,r0007,c0050,dp151649,75736.0,
f_04.09,f_04.09,r0007,c0070,dp153092,-16359.0,
f_04.09,f_04.09,r0007,c0080,dp153111,-24231.0,
f_04.09,f_04.09,r0007,c0090,dp151699,-40880.0,
f_04.09,f_04.09,r0007,c0100,dp151718,-66331.0,
f_04.09,f_04.09,r0008,c0010,dp151686,77012.0,
f_04.09,f_04.09,r0008,c0015,dp153077,33920.0,
f_04.09,f_04.09,r0008,c0020,dp151684,9021.0,
f_04.09,f_04.09,r0008,c0025,dp153074,54849.0,
f_04.09,f_04.09,r0008,c0050,dp151651,16050.0,
f_04.09,f_04.09,r0008,c0070,dp153101,-2330.0,
f_04.09,f_04.09,r0008,c0080,dp153120,-67217.0,
f_04.09,f_04.09,r0008,c0090,dp151708,-63504.0,
f_04.09,f_04.09,r0008,c0100,dp151727,-70998.0,
f_04.09,f_04.09,r0009,c0010,dp151682,58298.0,
f_04.09,f_04.09,r0009,c0015,dp153071,63426.0,
f_04.09,f_04.09,r0009,c0020,dp151680,3093.0,
f_04.09,f_04.09,r0009,c0025,dp153068,24195.0,
f_04.09,f_04.09,r0009,c0050,dp151650,4249.0,
f_04.09,f_04.09,r0009,c0070,dp153098,-33339.0,
f_04.09,f_04.09,r0009,c0080,dp153117,-94231.0,
f_04.09,f_04.09,r0009,c0090,dp151705,-8073.0,
f_04.09,f_04.09,r0009,c0100,dp151724,-695.0,
f_04.09,f_04.09,r0010,c0010,dp46527,142932.0,
f_04.09,f_04.09,r0010,c0015,dp153084,78183.0,
f_04.09,f_04.09,r0010,c0020,dp46547,119257.0,
f_04.09,f_04.09,r0010,c0025,dp153079,32800.0,
f_04.09,f_04.09,r0010,c0030,dp46476,-125414.0,
f_04.09,f_04.09,r0010,c0041,dp150445,-101403.0,
f_04.09,f_04.09,r0010,c0045,dp150398,-36603.0,
f_04.09,f_04.09,r0010,c0050,dp46530,84227.0,
f_04.09,f_04.09,r0010,c0070,dp153103,-98123.0,
f_04.09,f_04.09,r0010,c0080,dp153122,-64857.0,
f_04.09,f_04.09,r0010,c0090,dp151710,-144217.0,
f_04.09,f_04.09,r0010,c0100,dp151729,-66878.0,
f_04.09,f_04.09,r0020,c0010,dp46505,92804.0,
f_04.09,f_04.09,r0020,c0015,dp153053,17743.0,
f_04.09,f_04.09,r0020,c0020,dp46536,98833.0,
f_04.09,f_04.09,r0020,c0025,dp153051,14168.0,
f_04.09,f_04.09,r0020,c0030,dp46465,-62142.0,
f_04.09,f_04.09,r0020,c0041,dp150434,-16594.0,
f_04.09,f_04.09,r0020,c0045,dp150387,-20615.0,
f_04.09,f_04.09,r0020,c0050,dp46507,66842.0,
f_04.09,f_04.09,r0020,c0070,dp153089,-44172.0,
f_04.09,f_04.09,r0020,c0080,dp153108,-4603.0,
f_04.09,f_04.09,r0020,c0090,dp151696,-58278.0,
f_04.09,f_04.09,r0020,c0100,dp151715,-25281.0,
f_04.09,f_04.09,r0030,c0010,dp46513,59897.0,
f_04.09,f_04.09,r0030,c0015,dp153063,35790.0,
f_04.09,f_04.09,r0030,c0020,dp46540,44078.0,
f_04.09,f_04.09,r0030,c0025,dp153061,34948.0,
f_04.09,f_04.09,r0030,c0030,dp46469,-8897.0,
f_04.09,f_04.09,r0030,c0041,dp150438,-93395.0,
f_04.09,f_04.09,r0030,c0045,dp150391,-80414.0,
f_04.09,f_04.09,r0030,c0050,dp46515,54810.0,
f_04.09,f_04.09,r0030,c0070,dp153094,-96253.0,
f_04.09,f_04.09,r0030,c0080,dp153113,-70879.0,
f_04.09,f_04.09,r0030,c0090,dp151701,-5814.0,
f_04.09,f_04.09,r0030,c0100,dp151720,-64704.0,
f_04.09,f_04.09,r0040,c0010,dp46509,5272.0,
f_04.09,f_04.09,r0040,c0015,dp153058,55229.0,
f_04.09,f_04.09,r0040,c0020,dp46538,42771.0,
f_04.09,f_04.09,r0040,c0025,dp153055,42988.0,
f_04.09,f_04.09,r0040,c0030,dp46467,-30364.0,
f_04.09,f_04.09,r0040,c0041,dp150436,-23110.0,
f_04.09,f_04.09,r0040,c0045,dp150389,-27214.0,
f_04.09,f_04.09,r0040,c0050,dp46511,19711.0,
f_04.09,f_04.09,r0040,c0070,dp153091,-44309.0,
f_04.09,f_04.09,r0040,c0080,dp153110,-77073.0,
f_04.09,f_04.09,r0040,c0090,dp151698,-72528.0,
f_04.09,f_04.09,r0040,c0100,dp151717,-24753.0,
f_04.09,f_04.09,r0050,c0010,dp67568,44656.0,
f_04.09,f_04.09,r0050,c0015,dp153076,6006.0,
f_04.09,f_04.09,r0050,c0020,dp67572,29373.0,
f_04.09,f_04.09,r0050,c0025,dp153073,23560.0,
f_04.09,f_04.09,r0050,c0030,dp67258,-20128.0,
f_04.09,f_04.09,r0050,c0041,dp150443,-80167.0,
f_04.09,f_04.09,r0050,c0045,dp150396,-80992.0,
f_04.09,f_04.09,r0050,c0050,dp67570,55937.0,
f_04.09,f_04.09,r0050,c0070,dp153100,-67267.0,
f_04.09,f_04.09,r0050,c0080,dp153119,-36390.0,
f_04.09,f_04.09,r0050,c0090,dp151707,-74706.0,
f_04.09,f_04.09,r0050,c0100,dp151726,-39260.0,
f_04.09,f_04.09,r0060,c0010,dp46519,50128.0,
f_04.09,f_04.09,r0060,c0015,dp153070,60440.0,
f_04.09,f_04.09,r0060,c0020,dp46543,20424.0,
f_04.09,f_04.09,r0060,c0025,dp153067,18632.0,
f_04.09,f_04.09,r0060,c0030,dp46472,-63272.0,
f_04.09,f_04.09,r0060,c0041,dp150441,-84809.0,
f_04.09,f_04.09,r0060,c0045,dp150394,-15988.0,
f_04.09,f_04.09,r0060,c0050,dp46521,17385.0,
f_04.09,f_04.09,r0060,c0070,dp153097,-53951.0,
f_04.09,f_04.09,r0060,c0080,dp153116,-60254.0,
f_04.09,f_04.09,r0060,c0090,dp151704,-85939.0,
f_04.09,f_04.09,r0060,c0100,dp151723,-41597.0,
f_04.09,f_04.09,r0070,c0010,dp46529,297334.0,
f_04.09,f_04.09,r0070,c0015,dp153088,312354.0,
f_04.09,f_04.09,r0070,c0020,dp46549,333580.0,
f_04.09,f_04.09,r0070,c0025,dp153083,215490.0,
f_04.09,f_04.09,r0070,c0030,dp46478,-212327.0,
f_04.09,f_04.09,r0070,c0041,dp150447,-277795.0,
f_04.09,f_04.09,r0070,c0045,dp150400,-370997.0,
f_04.09,f_04.09,r0070,c0050,dp46534,293596.0,
f_04.09,f_04.09,r0070,c0070,dp153107,-346985.0,
f_04.09,f_04.09,r0070,c0080,dp153126,-331371.0,
f_04.09,f_04.09,r0070,c0090,dp151714,-359611.0,
f_04.09,f_04.09,r0070,c0100,dp151733,-329051.0,
f_04.09,f_04.09,r0080,c0010,dp46506,94557.0,
f_04.09,f_04.09,r0080,c0015,dp153054,44619.0,
f_04.09,f_04.09,r0080,c0020,dp46537,60993.0,
f_04.09,f_04.09,r0080,c0025,dp153052,22867.0,
f_04.09,f_04.09,r0080,c0030,dp46466,-54020.0,
f_04.09,f_04.09,r0080,c0041,dp150435,-58877.0,
f_04.09,f_04.09,r0080,c0045,dp150388,-92662.0,
f_04.09,f_04.09,r0080,c0050,dp46508,76490.0,
f_04.09,f_04.09,r0080,c0070,dp153090,-38798.0,
f_04.09,f_04.09,r0080,c0080,dp153109,-69957.0,
f_04.09,f_04.09,r0080,c0090,dp151697,-8150.0,
f_04.09,f_04.09,r0080,c0100,dp151716,-94604.0,
f_04.09,f_04.09,r0090,c0010,dp46514,26717.0,
f_04.09,f_04.09,r0090,c0015,dp153064,3395.0,
f_04.09,f_04.09,r0090,c0020,dp46541,61564.0,
f_04.09,f_04.09,r0090,c0025,dp153062,29986.0,
f_04.09,f_04.09,r0090,c0030,dp46470,-11802.0,
f_04.09,f_04.09,r0090,c0041,dp150439,-32518.0,
f_04.09,f_04.09,r0090,c0045,dp150392,-91274.0,
f_04.09,f_04.09,r0090,c0050,dp46516,47446.0,
f_04.09,f_04.09,r0090,c0070,dp153095,-97834.0,
f_04.09,f_04.09,r0090,c0080,dp153114,-48178.0,
f_04.09,f_04.09,r0090,c0090,dp151702,-32509.0,
f_04.09,f_04.09,r0090,c0100,dp151721,-89186.0,
f_04.09,f_04.09,r0100,c0010,dp46510,30327.0,
f_04.09,f_04.09,r0100,c0015,dp153060,51072.0,
f_04.09,f_04.09,r0100,c0020,dp46539,8224.0,
f_04.09,f_04.09,r0100,c0025,dp153057,95541.0,
f_04.09,f_04.09,r0100,c0030,dp46468,-17811.0,
f_04.09,f_04.09,r0100,c0041,dp150437,-31546.0,
f_04.09,f_04.09,r0100,c0045,dp150390,-9968.0,
f_04.09,f_04.09,r0100,c0050,dp46512,17674.0,
f_04.09,f_04.09,r0100,c0070,dp153093,-30229.0,
f_04.09,f_04.09,r0100,c0080,dp153112,-23340.0,
f_04.09,f_04.09,r0100,c0090,dp151700,-89073.0,
f_04.09,f_04.09,r0100,c0100,dp151719,-49458.0,
f_04.09,f_04.09,r0110,c0010,dp67569,86923.0,
f_04.09,f_04.09,r0110,c0015,dp153078,76956.0,
f_04.09,f_04.09,r0110,c0020,dp67573,37367.0,
f_04.09,f_04.09,r0110,c0025,dp153075,20353.0,
f_04.09,f_04.09,r0110,c0030,dp67259,-18947.0,
f_04.09,f_04.09,r0110,c0041,dp150444,-56422.0,
f_04.09,f_04.09,r0110,c0045,dp150397,-50273.0,
f_04.09,f_04.09,r0110,c0050,dp67571,60720.0,
f_04.09,f_04.09,r0110,c0070,dp153102,-67401.0,
f_04.09,f_04.09,r0110,c0080,dp153121,-88527.0,
f_04.09,f_04.09,r0110,c0090,dp151709,-48139.0,
f_04.09,f_04.09,r0110,c0100,dp151728,-21136.0,
f_04.09,f_04.09,r0120,c0010,dp46520,31925.0,
f_04.09,f_04.09,r0120,c0015,dp153072,84694.0,
f_04.09,f_04.09,r0120,c0020,dp46544,89591.0,
f_04.09,f_04.09,r0120,c0025,dp153069,20652.0,
f_04.09,f_04.09,r0120,c0030,dp46473,-98077.0,
f_04.09,f_04.09,r0120,c0041,dp150442,-56685.0,
f_04.09,f_04.09,r0120,c0045,dp150395,-93858.0,
f_04.09,f_04.09,r0120,c0050,dp46522,34854.0,
f_04.09,f_04.09,r0120,c0070,dp153099,-90638.0,
f_04.09,f_04.09,r0120,c0080,dp153118,-70806.0,
f_04.09,f_04.09,r0120,c0090,dp151706,-92843.0,
f_04.09,f_04.09,r0120,c0100,dp151725,-66184.0,
f_04.09,f_04.09,r0125,c0010,dp429266,4459.0,
f_04.09,f_04.09,r0125,c0015,dp429518,35297.0,
f_04.09,f_04.09,r0125,c0020,dp429265,58121.0,
f_04.09,f_04.09,r0125,c0025,dp429517,41911.0,
f_04.09,f_04.09,r0125,c0030,dp429141,-19020.0,
f_04.09,f_04.09,r0125,c0041,dp429147,-39921.0,
f_04.09,f_04.09,r0125,c0045,dp429144,-35033.0,
f_04.09,f_04.09,r0125,c0050,dp429264,60762.0,
f_04.09,f_04.09,r0125,c0070,dp429519,-22074.0,
f_04.09,f_04.09,r0125,c0080,dp429520,-72543.0,
f_04.09,f_04.09,r0125,c0090,dp429267,-86998.0,
f_04.09,f_04.09,r0125,c0100,dp429268,-49598.0,
f_04.09,f_04.09,r0130,c0010,dp46517,26885.0,
f_04.09,f_04.09,r0130,c0015,dp153066,51618.0,
f_04.09,f_04.09,r0130,c0020,dp46542,75841.0,
f_04.09,f_04.09,r0130,c0025,dp153065,26091.0,
f_04.09,f_04.09,r0130,c0030,dp46471,-11670.0,
f_04.09,f_04.09,r0130,c0041,dp150440,-41747.0,
f_04.09,f_04.09,r0130,c0045,dp150393,-32962.0,
f_04.09,f_04.09,r0130,c0050,dp46518,56412.0,
f_04.09,f_04.09,r0130,c0070,dp153096,-22085.0,
f_04.09,f_04.09,r0130,c0080,dp153115,-30563.0,
f_04.09,f_04.09,r0130,c0090,dp151703,-88897.0,
f_04.09,f_04.09,r0130,c0100,dp151722,-8483.0,
f_04.09,f_04.09,r0140,c0010,dp46528,486404.0,
f_04.09,f_04.09,r0140,c0015,dp153087,418282.0,
f_04.09,f_04.09,r0140,c0020,dp46548,539972.0,
f_04.09,f_04.09,r0140,c0025,dp153082,253405.0,
f_04.09,f_04.09,r0140,c0030,dp46477,-337741.0,
f_04.09,f_04.09,r0140,c0041,dp150446,-379198.0,
f_04.09,f_04.09,r0140,c0045,dp150399,-407600.0,
f_04.09,f_04.09,r0140,c0050,dp46532,418282.0,
f_04.09,f_04.09,r0140,c0070,dp153106,-485640.0,
f_04.09,f_04.09,r0140,c0080,dp153125,-484607.0,
f_04.09,f_04.09,r0140,c0090,dp151713,-539229.0,
f_04.09,f_04.09,r0140,c0100,dp151732,-410826.0,
f_04.10,f_04.10,r0010,c0010,dp46023,44179.0,
f_04.10,f_04.10,r0010,c0015,dp152107,8340.0,
f_04.10,f_04.10,r0010,c0016,dp153180,46574.0,
f_04.10,f_04.10,r0010,c0020,dp152102,28697.0,
f_04.10,f_04.10,r0010,c0025,dp153175,-39644.0,
f_04.10,f_04.10,r0010,c0080,dp153199,-21389.0,
f_04.10,f_04.10,r0010,c0090,dp153218,-18369.0,
f_04.10,f_04.10,r0010,c0100,dp152126,-42688.0,
f_04.10,f_04.10,r0010,c0110,dp152145,-37676.0,
f_04.10,f_04.10,r0020,c0010,dp46024,46980.0,
f_04.10,f_04.10,r0020,c0015,dp152108,8409.0,
f_04.10,f_04.10,r0020,c0016,dp153181,11602.0,
f_04.10,f_04.10,r0020,c0020,dp152103,42138.0,
f_04.10,f_04.10,r0020,c0025,dp153176,11498.0,
f_04.10,f_04.10,r0020,c0080,dp153200,-46528.0,
f_04.10,f_04.10,r0020,c0090,dp153219,-8822.0,
f_04.10,f_04.10,r0020,c0100,dp152127,-14767.0,
f_04.10,f_04.10,r0020,c0110,dp152146,-38597.0,
f_04.10,f_04.10,r0030,c0010,dp46003,43610.0,
f_04.10,f_04.10,r0030,c0015,dp152081,19903.0,
f_04.10,f_04.10,r0030,c0016,dp153154,39777.0,
f_04.10,f_04.10,r0030,c0020,dp152078,23067.0,
f_04.10,f_04.10,r0030,c0025,dp153151,21605.0,
f_04.10,f_04.10,r0030,c0080,dp153187,-39278.0,
f_04.10,f_04.10,r0030,c0090,dp153206,-35438.0,
f_04.10,f_04.10,r0030,c0100,dp152114,-40398.0,
f_04.10,f_04.10,r0030,c0110,dp152133,-5244.0,
f_04.10,f_04.10,r0040,c0010,dp67600,3202.0,
f_04.10,f_04.10,r0040,c0015,dp152099,39719.0,
f_04.10,f_04.10,r0040,c0016,dp153172,-12743.0,
f_04.10,f_04.10,r0040,c0020,dp152096,47703.0,
f_04.10,f_04.10,r0040,c0025,dp153169,5502.0,
f_04.10,f_04.10,r0040,c0080,dp153196,-6129.0,
f_04.10,f_04.10,r0040,c0090,dp153215,-47026.0,
f_04.10,f_04.10,r0040,c0100,dp152123,-5419.0,
f_04.10,f_04.10,r0040,c0110,dp152142,-40432.0,
f_04.10,f_04.10,r0050,c0010,dp46009,10944.0,
f_04.10,f_04.10,r0050,c0015,dp152093,8593.0,
f_04.10,f_04.10,r0050,c0016,dp153166,-8105.0,
f_04.10,f_04.10,r0050,c0020,dp152090,37584.0,
f_04.10,f_04.10,r0050,c0025,dp153163,-40880.0,
f_04.10,f_04.10,r0050,c0080,dp153193,-31609.0,
f_04.10,f_04.10,r0050,c0090,dp153212,-3672.0,
f_04.10,f_04.10,r0050,c0100,dp152120,-18352.0,
f_04.10,f_04.10,r0050,c0110,dp152139,-41963.0,
f_04.10,f_04.10,r0060,c0010,dp46022,68456.0,
f_04.10,f_04.10,r0060,c0015,dp152106,80583.0,
f_04.10,f_04.10,r0060,c0016,dp153179,-20094.0,
f_04.10,f_04.10,r0060,c0020,dp152101,77536.0,
f_04.10,f_04.10,r0060,c0025,dp153174,-6866.0,
f_04.10,f_04.10,r0060,c0030,dp150351,-86373.0,
f_04.10,f_04.10,r0060,c0040,dp150459,-77789.0,
f_04.10,f_04.10,r0060,c0050,dp150412,-87523.0,
f_04.10,f_04.10,r0060,c0080,dp153198,-50319.0,
f_04.10,f_04.10,r0060,c0090,dp153217,-43922.0,
f_04.10,f_04.10,r0060,c0100,dp152125,-5154.0,
f_04.10,f_04.10,r0060,c0110,dp152144,-16876.0,
f_04.10,f_04.10,r0070,c0010,dp46000,46385.0,
f_04.10,f_04.10,r0070,c0015,dp152075,35926.0,
f_04.10,f_04.10,r0070,c0016,dp153148,-14931.0,
f_04.10,f_04.10,r0070,c0020,dp152073,48702.0,
f_04.10,f_04.10,r0070,c0025,dp153146,-11788.0,
f_04.10,f_04.10,r0070,c0030,dp150340,-41325.0,
f_04.10,f_04.10,r0070,c0040,dp150448,-42770.0,
f_04.10,f_04.10,r0070,c0050,dp150401,-48291.0,
f_04.10,f_04.10,r0070,c0080,dp153184,-26093.0,
f_04.10,f_04.10,r0070,c0090,dp153203,-27464.0,
f_04.10,f_04.10,r0070,c0100,dp152111,-4667.0,
f_04.10,f_04.10,r0070,c0110,dp152130,-13636.0,
f_04.10,f_04.10,r0080,c0010,dp46005,44632.0,
f_04.10,f_04.10,r0080,c0015,dp152085,31776.0,
f_04.10,f_04.10,r0080,c0016,dp153158,37167.0,
f_04.10,f_04.10,r0080,c0020,dp152083,6774.0,
f_04.10,f_04.10,r0080,c0025,dp153156,29423.0,
f_04.10,f_04.10,r0080,c0030,dp150344,-34338.0,
f_04.10,f_04.10,r0080,c0040,dp150452,-46719.0,
f_04.10,f_04.10,r0080,c0050,dp150405,-4733.0,
f_04.10,f_04.10,r0080,c0080,dp153189,-3789.0,
f_04.10,f_04.10,r0080,c0090,dp153208,-28964.0,
f_04.10,f_04.10,r0080,c0100,dp152116,-34493.0,
f_04.10,f_04.10,r0080,c0110,dp152135,-23360.0,
f_04.10,f_04.10,r0090,c0010,dp46002,26264.0,
f_04.10,f_04.10,r0090,c0015,dp152080,10619.0,
f_04.10,f_04.10,r0090,c0016,dp153153,44113.0,
f_04.10,f_04.10,r0090,c0020,dp152077,8776.0,
f_04.10,f_04.10,r0090,c0025,dp153150,24289.0,
f_04.10,f_04.10,r0090,c0030,dp150342,-15185.0,
f_04.10,f_04.10,r0090,c0040,dp150450,-32271.0,
f_04.10,f_04.10,r0090,c0050,dp150403,-11924.0,
f_04.10,f_04.10,r0090,c0080,dp153186,-26259.0,
f_04.10,f_04.10,r0090,c0090,dp153205,-22685.0,
f_04.10,f_04.10,r0090,c0100,dp152113,-24324.0,
f_04.10,f_04.10,r0090,c0110,dp152132,-2827.0,
f_04.10,f_04.10,r0100,c0010,dp67599,39269.0,
f_04.10,f_04.10,r0100,c0015,dp152098,39661.0,
f_04.10,f_04.10,r0100,c0016,dp153171,-17591.0,
f_04.10,f_04.10,r0100,c0020,dp152095,22334.0,
f_04.10,f_04.10,r0100,c0025,dp153168,48566.0,
f_04.10,f_04.10,r0100,c0030,dp150349,-33125.0,
f_04.10,f_04.10,r0100,c0040,dp150457,-30218.0,
f_04.10,f_04.10,r0100,c0050,dp150410,-49840.0,
f_04.10,f_04.10,r0100,c0080,dp153195,-17269.0,
f_04.10,f_04.10,r0100,c0090,dp153214,-19124.0,
f_04.10,f_04.10,r0100,c0100,dp152122,-4786.0,
f_04.10,f_04.10,r0100,c0110,dp152141,-4384.0,
f_04.10,f_04.10,r0110,c0010,dp46008,22071.0,
f_04.10,f_04.10,r0110,c0015,dp152092,44657.0,
f_04.10,f_04.10,r0110,c0016,dp153165,-5163.0,
f_04.10,f_04.10,r0110,c0020,dp152089,28834.0,
f_04.10,f_04.10,r0110,c0025,dp153162,4922.0,
f_04.10,f_04.10,r0110,c0030,dp150347,-45048.0,
f_04.10,f_04.10,r0110,c0040,dp150455,-35019.0,
f_04.10,f_04.10,r0110,c0050,dp150408,-39232.0,
f_04.10,f_04.10,r0110,c0080,dp153192,-24226.0,
f_04.10,f_04.10,r0110,c0090,dp153211,-16458.0,
f_04.10,f_04.10,r0110,c0100,dp152119,-487.0,
f_04.10,f_04.10,r0110,c0110,dp152138,-3240.0,
f_04.10,f_04.10,r0120,c0010,dp46026,32876.0,
f_04.10,f_04.10,r0120,c0015,dp152110,82645.0,
f_04.10,f_04.10,r0120,c0016,dp153183,-82097.0,
f_04.10,f_04.10,r0120,c0020,dp152105,53759.0,
f_04.10,f_04.10,r0120,c0025,dp153178,67059.0,
f_04.10,f_04.10,r0120,c0030,dp150353,-18754.0,
f_04.10,f_04.10,r0120,c0040,dp150461,-69737.0,
f_04.10,f_04.10,r0120,c0050,dp150414,-48158.0,
f_04.10,f_04.10,r0120,c0080,dp153202,-54022.0,
f_04.10,f_04.10,r0120,c0090,dp153221,-75219.0,
f_04.10,f_04.10,r0120,c0100,dp152129,-69803.0,
f_04.10,f_04.10,r0120,c0110,dp152148,-85177.0,
f_04.10,f_04.10,r0130,c0010,dp46001,5516.0,
f_04.10,f_04.10,r0130,c0015,dp152076,29062.0,
f_04.10,f_04.10,r0130,c0016,dp153149,7759.0,
f_04.10,f_04.10,r0130,c0020,dp152074,10243.0,
f_04.10,f_04.10,r0130,c0025,dp153147,22325.0,
f_04.10,f_04.10,r0130,c0030,dp150341,-5472.0,
f_04.10,f_04.10,r0130,c0040,dp150449,-22429.0,
f_04.10,f_04.10,r0130,c0050,dp150402,-10708.0,
f_04.10,f_04.10,r0130,c0080,dp153185,-8061.0,
f_04.10,f_04.10,r0130,c0090,dp153204,-25670.0,
f_04.10,f_04.10,r0130,c0100,dp152112,-38364.0,
f_04.10,f_04.10,r0130,c0110,dp152131,-31318.0,
f_04.10,f_04.10,r0140,c0010,dp46006,13110.0,
f_04.10,f_04.10,r0140,c0015,dp152086,18337.0,
f_04.10,f_04.10,r0140,c0016,dp153159,37262.0,
f_04.10,f_04.10,r0140,c0020,dp152084,17190.0,
f_04.10,f_04.10,r0140,c0025,dp153157,17236.0,
f_04.10,f_04.10,r0140,c0030,dp150345,-27678.0,
f_04.10,f_04.10,r0140,c0040,dp150453,-38974.0,
f_04.10,f_04.10,r0140,c0050,dp150406,-45462.0,
f_04.10,f_04.10,r0140,c0080,dp153190,-9680.0,
f_04.10,f_04.10,r0140,c0090,dp153209,-47246.0,
f_04.10,f_04.10,r0140,c0100,dp152117,-19904.0,
f_04.10,f_04.10,r0140,c0110,dp152136,-40027.0,
f_04.10,f_04.10,r0150,c0010,dp46004,31226.0,
f_04.10,f_04.10,r0150,c0015,dp152082,38525.0,
f_04.10,f_04.10,r0150,c0016,dp153155,31586.0,
f_04.10,f_04.10,r0150,c0020,dp152079,16672.0,
f_04.10,f_04.10,r0150,c0025,dp153152,-4451.0,
f_04.10,f_04.10,r0150,c0030,dp150343,-41243.0,
f_04.10,f_04.10,r0150,c0040,dp150451,-14163.0,
f_04.10,f_04.10,r0150,c0050,dp150404,-32683.0,
f_04.10,f_04.10,r0150,c0080,dp153188,-35998.0,
f_04.10,f_04.10,r0150,c0090,dp153207,-12246.0,
f_04.10,f_04.10,r0150,c0100,dp152115,-349.0,
f_04.10,f_04.10,r0150,c0110,dp152134,-17177.0,
f_04.10,f_04.10,r0160,c0010,dp67601,46434.0,
f_04.10,f_04.10,r0160,c0015,dp152100,2209.0,
f_04.10,f_04.10,r0160,c0016,dp153173,26196.0,
f_04.10,f_04.10,r0160,c0020,dp152097,36039.0,
f_04.10,f_04.10,r0160,c0025,dp153170,-45183.0,
f_04.10,f_04.10,r0160,c0030,dp150350,-31676.0,
f_04.10,f_04.10,r0160,c0040,dp150458,-42582.0,
f_04.10,f_04.10,r0160,c0050,dp150411,-34083.0,
f_04.10,f_04.10,r0160,c0080,dp153197,-9493.0,
f_04.10,f_04.10,r0160,c0090,dp153216,-15032.0,
f_04.10,f_04.10,r0160,c0100,dp152124,-1899.0,
f_04.10,f_04.10,r0160,c0110,dp152143,-30941.0,
f_04.10,f_04.10,r0170,c0010,dp46010,45280.0,
f_04.10,f_04.10,r0170,c0015,dp152094,22094.0,
f_04.10,f_04.10,r0170,c0016,dp153167,29959.0,
f_04.10,f_04.10,r0170,c0020,dp152091,49220.0,
f_04.10,f_04.10,r0170,c0025,dp153164,-11502.0,
f_04.10,f_04.10,r0170,c0030,dp150348,-38461.0,
f_04.10,f_04.10,r0170,c0040,dp150456,-4017.0,
f_04.10,f_04.10,r0170,c0050,dp150409,-49766.0,
f_04.10,f_04.10,r0170,c0080,dp153194,-15566.0,
f_04.10,f_04.10,r0170,c0090,dp153213,-23089.0,
f_04.10,f_04.10,r0170,c0100,dp152121,-34162.0,
f_04.10,f_04.10,r0170,c0110,dp152140,-24445.0,
f_04.10,f_04.10,r0175,c0010,dp429270,17239.0,
f_04.10,f_04.10,r0175,c0015,dp429272,45238.0,
f_04.10,f_04.10,r0175,c0016,dp429523,-46544.0,
f_04.10,f_04.10,r0175,c0020,dp429271,41497.0,
f_04.10,f_04.10,r0175,c0025,dp429522,4703.0,
f_04.10,f_04.10,r0175,c0030,dp429142,-1694.0,
f_04.10,f_04.10,r0175,c0040,dp429148,-26587.0,
f_04.10,f_04.10,r0175,c0050,dp429145,-22741.0,
f_04.10,f_04.10,r0175,c0080,dp429524,-40134.0,
f_04.10,f_04.10,r0175,c0090,dp429525,-17576.0,
f_04.10,f_04.10,r0175,c0100,dp429273,-25858.0,
f_04.10,f_04.10,r0175,c0110,dp429274,-49397.0,
f_04.10,f_04.10,r0180,c0010,dp46007,10121.0,
f_04.10,f_04.10,r0180,c0015,dp152088,8345.0,
f_04.10,f_04.10,r0180,c0016,dp153161,-43312.0,
f_04.10,f_04.10,r0180,c0020,dp152087,2019.0,
f_04.10,f_04.10,r0180,c0025,dp153160,40031.0,
f_04.10,f_04.10,r0180,c0030,dp150346,-11588.0,
f_04.10,f_04.10,r0180,c0040,dp150454,-20721.0,
f_04.10,f_04.10,r0180,c0050,dp150407,-14709.0,
f_04.10,f_04.10,r0180,c0080,dp153191,-5827.0,
f_04.10,f_04.10,r0180,c0090,dp153210,-31973.0,
f_04.10,f_04.10,r0180,c0100,dp152118,-5581.0,
f_04.10,f_04.10,r0180,c0110,dp152137,-4462.0,
f_04.10,f_04.10,r0190,c0010,dp46025,77055.0,
f_04.10,f_04.10,r0190,c0015,dp152109,90985.0,
f_04.10,f_04.10,r0190,c0016,dp153182,-35523.0,
f_04.10,f_04.10,r0190,c0020,dp152104,82456.0,
f_04.10,f_04.10,r0190,c0025,dp153177,27415.0,
f_04.10,f_04.10,r0190,c0030,dp150352,-18754.0,
f_04.10,f_04.10,r0190,c0040,dp150460,-69737.0,
f_04.10,f_04.10,r0190,c0050,dp150413,-48158.0,
f_04.10,f_04.10,r0190,c0080,dp153201,-75411.0,
f_04.10,f_04.10,r0190,c0090,dp153220,-93588.0,
f_04.10,f_04.10,r0190,c0100,dp152128,-112491.0,
f_04.10,f_04.10,r0190,c0110,dp152147,-122853.0,
f_07.01,f_07.01,r0060,c0010,dp150750,118662.0,
f_07.01,f_07.01,r0060,c0020,dp150748,323714.0,
f_07.01,f_07.01,r0060,c0030,dp150749,264438.0,
f_07.01,f_07.01,r0060,c0040,dp150792,123493.0,
f_07.01,f_07.01,r0060,c0050,dp150790,132320.0,
f_07.01,f_07.01,r0060,c0060,dp150791,176215.0,
f_07.01,f_07.01,r0060,c0070,dp150834,279341.0,
f_07.01,f_07.01,r0060,c0080,dp150832,235971.0,
f_07.01,f_07.01,r0060,c0090,dp150833,168863.0,
f_07.01,f_07.01,r0060,c0100,dp441743,47254.0,
f_07.01,f_07.01,r0070,c0010,dp150549,116107.0,
f_07.01,f_07.01,r0070,c0020,dp150547,180002.0,
f_07.01,f_07.01,r0070,c0030,dp150548,137697.0,
f_07.01,f_07.01,r0070,c0040,dp150555,28012.0,
f_07.01,f_07.01,r0070,c0050,dp150553,48497.0,
f_07.01,f_07.01,r0070,c0060,dp150554,54948.0,
f_07.01,f_07.01,r0070,c0070,dp150561,88222.0,
f_07.01,f_07.01,r0070,c0080,dp150559,91346.0,
f_07.01,f_07.01,r0070,c0090,dp150560,111405.0,
f_07.01,f_07.01,r0070,c0100,dp441671,36087.0,
f_07.01,f_07.01,r0080,c0010,dp150585,17681.0,
f_07.01,f_07.01,r0080,c0020,dp150583,3681.0,
f_07.01,f_07.01,r0080,c0030,dp150584,158241.0,
f_07.01,f_07.01,r0080,c0040,dp150591,14196.0,
f_07.01,f_07.01,r0080,c0050,dp150589,12484.0,
f_07.01,f_07.01,r0080,c0060,dp150590,70892.0,
f_07.01,f_07.01,r0080,c0070,dp150597,175008.0,
f_07.01,f_07.01,r0080,c0080,dp150595,50086.0,
f_07.01,f_07.01,r0080,c0090,dp150596,176587.0,
f_07.01,f_07.01,r0080,c0100,dp441683,59936.0,
f_07.01,f_07.01,r0090,c0010,dp150567,134640.0,
f_07.01,f_07.01,r0090,c0020,dp150565,149030.0,
f_07.01,f_07.01,r0090,c0030,dp150566,141927.0,
f_07.01,f_07.01,r0090,c0040,dp150573,61907.0,
f_07.01,f_07.01,r0090,c0050,dp150571,155845.0,
f_07.01,f_07.01,r0090,c0060,dp150572,67580.0,
f_07.01,f_07.01,r0090,c0070,dp150579,7614.0,
f_07.01,f_07.01,r0090,c0080,dp150577,5985.0,
f_07.01,f_07.01,r0090,c0090,dp150578,63301.0,
f_07.01,f_07.01,r0090,c0100,dp441677,46419.0,
f_07.01,f_07.01,r0100,c0010,dp150630,70531.0,
f_07.01,f_07.01,r0100,c0020,dp150628,2115.0,
f_07.01,f_07.01,r0100,c0030,dp150629,77673.0,
f_07.01,f_07.01,r0100,c0040,dp150636,55821.0,
f_07.01,f_07.01,r0100,c0050,dp150634,188052.0,
f_07.01,f_07.01,r0100,c0060,dp150635,178603.0,
f_07.01,f_07.01,r0100,c0070,dp150642,162078.0,
f_07.01,f_07.01,r0100,c0080,dp150640,107116.0,
f_07.01,f_07.01,r0100,c0090,dp150641,187602.0,
f_07.01,f_07.01,r0100,c0100,dp441698,153020.0,
f_07.01,f_07.01,r0110,c0010,dp150612,2555.0,
f_07.01,f_07.01,r0110,c0020,dp150610,143712.0,
f_07.01,f_07.01,r0110,c0030,dp150611,126741.0,
f_07.01,f_07.01,r0110,c0040,dp150618,95481.0,
f_07.01,f_07.01,r0110,c0050,dp150616,83823.0,
f_07.01,f_07.01,r0110,c0060,dp150617,121267.0,
f_07.01,f_07.01,r0110,c0070,dp150624,191119.0,
f_07.01,f_07.01,r0110,c0080,dp150622,144625.0,
f_07.01,f_07.01,r0110,c0090,dp150623,57458.0,
f_07.01,f_07.01,r0110,c0100,dp441692,11167.0,
f_07.01,f_07.01,r0120,c0010,dp150759,195213.0,
f_07.01,f_07.01,r0120,c0020,dp150757,166908.0,
f_07.01,f_07.01,r0120,c0030,dp150758,274402.0,
f_07.01,f_07.01,r0120,c0040,dp150801,125912.0,
f_07.01,f_07.01,r0120,c0050,dp150799,149933.0,
f_07.01,f_07.01,r0120,c0060,dp150800,250850.0,
f_07.01,f_07.01,r0120,c0070,dp150843,363432.0,
f_07.01,f_07.01,r0120,c0080,dp150841,210127.0,
f_07.01,f_07.01,r0120,c0090,dp150842,185040.0,
f_07.01,f_07.01,r0120,c0100,dp441755,158502.0,
f_07.01,f_07.01,r0130,c0010,dp150552,164790.0,
f_07.01,f_07.01,r0130,c0020,dp150550,76862.0,
f_07.01,f_07.01,r0130,c0030,dp150551,97920.0,
f_07.01,f_07.01,r0130,c0040,dp150558,43016.0,
f_07.01,f_07.01,r0130,c0050,dp150556,142205.0,
f_07.01,f_07.01,r0130,c0060,dp150557,109169.0,
f_07.01,f_07.01,r0130,c0070,dp150564,196856.0,
f_07.01,f_07.01,r0130,c0080,dp150562,89441.0,
f_07.01,f_07.01,r0130,c0090,dp150563,161042.0,
f_07.01,f_07.01,r0130,c0100,dp441674,113996.0,
f_07.01,f_07.01,r0140,c0010,dp150588,50258.0,
f_07.01,f_07.01,r0140,c0020,dp150586,189657.0,
f_07.01,f_07.01,r0140,c0030,dp150587,145785.0,
f_07.01,f_07.01,r0140,c0040,dp150594,187186.0,
f_07.01,f_07.01,r0140,c0050,dp150592,176731.0,
f_07.01,f_07.01,r0140,c0060,dp150593,30246.0,
f_07.01,f_07.01,r0140,c0070,dp150600,26723.0,
f_07.01,f_07.01,r0140,c0080,dp150598,156216.0,
f_07.01,f_07.01,r0140,c0090,dp150599,45249.0,
f_07.01,f_07.01,r0140,c0100,dp441686,94177.0,
f_07.01,f_07.01,r0150,c0010,dp150570,198425.0,
f_07.01,f_07.01,r0150,c0020,dp150568,14496.0,
f_07.01,f_07.01,r0150,c0030,dp150569,52388.0,
f_07.01,f_07.01,r0150,c0040,dp150576,164078.0,
f_07.01,f_07.01,r0150,c0050,dp150574,156178.0,
f_07.01,f_07.01,r0150,c0060,dp150575,180559.0,
f_07.01,f_07.01,r0150,c0070,dp150582,95721.0,
f_07.01,f_07.01,r0150,c0080,dp150580,153574.0,
f_07.01,f_07.01,r0150,c0090,dp150581,162048.0,
f_07.01,f_07.01,r0150,c0100,dp441680,62263.0,
f_07.01,f_07.01,r0160,c0010,dp150633,72738.0,
f_07.01,f_07.01,r0160,c0020,dp150631,72559.0,
f_07.01,f_07.01,r0160,c0030,dp150632,147365.0,
f_07.01,f_07.01,r0160,c0040,dp150639,41462.0,
f_07.01,f_07.01,r0160,c0050,dp150637,3.0,
f_07.01,f_07.01,r0160,c0060,dp150638,107028.0,
f_07.01,f_07.01,r0160,c0070,dp150645,112873.0,
f_07.01,f_07.01,r0160,c0080,dp150643,132049.0,
f_07.01,f_07.01,r0160,c0090,dp150644,147180.0,
f_07.01,f_07.01,r0160,c0100,dp441701,6220.0,
f_07.01,f_07.01,r0170,c0010,dp150615,111271.0,
f_07.01,f_07.01,r0170,c0020,dp150613,119980.0,
f_07.01,f_07.01,r0170,c0030,dp150614,162119.0,
f_07.01,f_07.01,r0170,c0040,dp150621,18874.0,
f_07.01,f_07.01,r0170,c0050,dp150619,11227.0,
f_07.01,f_07.01,r0170,c0060,dp150620,160451.0,
f_07.01,f_07.01,r0170,c0070,dp150627,17515.0,
f_07.01,f_07.01,r0170,c0080,dp150625,183746.0,
f_07.01,f_07.01,r0170,c0090,dp150626,81397.0,
f_07.01,f_07.01,r0170,c0100,dp441695,149198.0,
f_07.01,f_07.01,r0180,c0010,dp150603,30423.0,
f_07.01,f_07.01,r0180,c0020,dp150601,90046.0,
f_07.01,f_07.01,r0180,c0030,dp150602,176482.0,
f_07.01,f_07.01,r0180,c0040,dp150606,82896.0,
f_07.01,f_07.01,r0180,c0050,dp150604,7728.0,
f_07.01,f_07.01,r0180,c0060,dp150605,141681.0,
f_07.01,f_07.01,r0180,c0070,dp150609,166576.0,
f_07.01,f_07.01,r0180,c0080,dp150607,120686.0,
f_07.01,f_07.01,r0180,c0090,dp150608,23998.0,
f_07.01,f_07.01,r0180,c0100,dp441689,44506.0,
f_07.01,f_07.01,r0190,c0010,dp150914,313875.0,
f_07.01,f_07.01,r0190,c0020,dp150912,490622.0,
f_07.01,f_07.01,r0190,c0030,dp150913,538840.0,
f_07.01,f_07.01,r0190,c0040,dp150917,249405.0,
f_07.01,f_07.01,r0190,c0050,dp150915,282253.0,
f_07.01,f_07.01,r0190,c0060,dp150916,427065.0,
f_07.01,f_07.01,r0190,c0070,dp150920,642773.0,
f_07.01,f_07.01,r0190,c0080,dp150918,446098.0,
f_07.01,f_07.01,r0190,c0090,dp150919,353903.0,
f_07.01,f_07.01,r0190,c0100,dp441746,205756.0,
f_07.01,f_07.01,r0200,c0010,dp150726,778444.0,
f_07.01,f_07.01,r0200,c0020,dp150724,1074399.0,
f_07.01,f_07.01,r0200,c0030,dp150725,1264143.0,
f_07.01,f_07.01,r0200,c0040,dp150768,1126389.0,
f_07.01,f_07.01,r0200,c0050,dp150766,1469833.0,
f_07.01,f_07.01,r0200,c0060,dp150767,1947494.0,
f_07.01,f_07.01,r0200,c0070,dp150810,1149639.0,
f_07.01,f_07.01,r0200,c0080,dp150808,111110.0,
f_07.01,f_07.01,r0200,c0090,dp150809,501548.0,
f_07.01,f_07.01,r0200,c0100,dp441719,905675.0,
f_07.01,f_07.01,r0210,c0010,dp150729,1405209.0,
f_07.01,f_07.01,r0210,c0020,dp150727,1711719.0,
f_07.01,f_07.01,r0210,c0030,dp150728,1464164.0,
f_07.01,f_07.01,r0210,c0040,dp150771,968951.0,
f_07.01,f_07.01,r0210,c0050,dp150769,903450.0,
f_07.01,f_07.01,r0210,c0060,dp150770,1201810.0,
f_07.01,f_07.01,r0210,c0070,dp150813,1501745.0,
f_07.01,f_07.01,r0210,c0080,dp150811,738597.0,
f_07.01,f_07.01,r0210,c0090,dp150812,43032.0,
f_07.01,f_07.01,r0210,c0100,dp441722,1035676.0,
f_07.01,f_07.01,r0220,c0010,dp150741,71973.0,
f_07.01,f_07.01,r0220,c0020,dp150739,1783421.0,
f_07.01,f_07.01,r0220,c0030,dp150740,1765594.0,
f_07.01,f_07.01,r0220,c0040,dp150783,577716.0,
f_07.01,f_07.01,r0220,c0050,dp150781,1702032.0,
f_07.01,f_07.01,r0220,c0060,dp150782,905881.0,
f_07.01,f_07.01,r0220,c0070,dp150825,834337.0,
f_07.01,f_07.01,r0220,c0080,dp150823,189476.0,
f_07.01,f_07.01,r0220,c0090,dp150824,245605.0,
f_07.01,f_07.01,r0220,c0100,dp441734,446346.0,
f_07.01,f_07.01,r0230,c0010,dp150732,1803079.0,
f_07.01,f_07.01,r0230,c0020,dp150730,1542863.0,
f_07.01,f_07.01,r0230,c0030,dp150731,1640381.0,
f_07.01,f_07.01,r0230,c0040,dp150774,1388380.0,
f_07.01,f_07.01,r0230,c0050,dp150772,1341749.0,
f_07.01,f_07.01,r0230,c0060,dp150773,1681839.0,
f_07.01,f_07.01,r0230,c0070,dp150816,1028337.0,
f_07.01,f_07.01,r0230,c0080,dp150814,1854371.0,
f_07.01,f_07.01,r0230,c0090,dp150815,800149.0,
f_07.01,f_07.01,r0230,c0100,dp441725,1079925.0,
f_07.01,f_07.01,r0240,c0010,dp150738,841182.0,
f_07.01,f_07.01,r0240,c0020,dp150736,1699422.0,
f_07.01,f_07.01,r0240,c0030,dp150737,426418.0,
f_07.01,f_07.01,r0240,c0040,dp150780,1333908.0,
f_07.01,f_07.01,r0240,c0050,dp150778,620257.0,
f_07.01,f_07.01,r0240,c0060,dp150779,675888.0,
f_07.01,f_07.01,r0240,c0070,dp150822,1303662.0,
f_07.01,f_07.01,r0240,c0080,dp150820,1850314.0,
f_07.01,f_07.01,r0240,c0090,dp150821,782395.0,
f_07.01,f_07.01,r0240,c0100,dp441731,962574.0,
f_07.01,f_07.01,r0250,c0010,dp150735,1214620.0,
f_07.01,f_07.01,r0250,c0020,dp150733,413138.0,
f_07.01,f_07.01,r0250,c0030,dp150734,607972.0,
f_07.01,f_07.01,r0250,c0040,dp150777,1613458.0,
f_07.01,f_07.01,r0250,c0050,dp150775,820958.0,
f_07.01,f_07.01,r0250,c0060,dp150776,1744254.0,
f_07.01,f_07.01,r0250,c0070,dp150819,551409.0,
f_07.01,f_07.01,r0250,c0080,dp150817,1377490.0,
f_07.01,f_07.01,r0250,c0090,dp150818,756098.0,
f_07.01,f_07.01,r0250,c0100,dp441728,709593.0,
f_07.01,f_07.01,r0260,c0010,dp150723,1312169.0,
f_07.01,f_07.01,r0260,c0020,dp150721,394089.0,
f_07.01,f_07.01,r0260,c0030,dp150722,67975.0,
f_07.01,f_07.01,r0260,c0040,dp150765,279438.0,
f_07.01,f_07.01,r0260,c0050,dp150763,1424240.0,
f_07.01,f_07.01,r0260,c0060,dp150764,655591.0,
f_07.01,f_07.01,r0260,c0070,dp150807,130380.0,
f_07.01,f_07.01,r0260,c0080,dp150805,87420.0,
f_07.01,f_07.01,r0260,c0090,dp150806,1185399.0,
f_07.01,f_07.01,r0260,c0100,dp441716,1450082.0,
f_07.01,f_07.01,r0270,c0010,dp150747,8816.0,
f_07.01,f_07.01,r0270,c0020,dp150745,1911550.0,
f_07.01,f_07.01,r0270,c0030,dp150746,1060276.0,
f_07.01,f_07.01,r0270,c0040,dp150789,36437.0,
f_07.01,f_07.01,r0270,c0050,dp150787,608481.0,
f_07.01,f_07.01,r0270,c0060,dp150788,1078322.0,
f_07.01,f_07.01,r0270,c0070,dp150831,679437.0,
f_07.01,f_07.01,r0270,c0080,dp150829,1749307.0,
f_07.01,f_07.01,r0270,c0090,dp150830,528343.0,
f_07.01,f_07.01,r0270,c0100,dp441740,1890476.0,
f_07.01,f_07.01,r0280,c0010,dp150744,1353720.0,
f_07.01,f_07.01,r0280,c0020,dp150742,946190.0,
f_07.01,f_07.01,r0280,c0030,dp150743,444126.0,
f_07.01,f_07.01,r0280,c0040,dp150786,409489.0,
f_07.01,f_07.01,r0280,c0050,dp150784,1989764.0,
f_07.01,f_07.01,r0280,c0060,dp150785,807429.0,
f_07.01,f_07.01,r0280,c0070,dp150828,774588.0,
f_07.01,f_07.01,r0280,c0080,dp150826,56212.0,
f_07.01,f_07.01,r0280,c0090,dp150827,13762.0,
f_07.01,f_07.01,r0280,c0100,dp441737,1082428.0,
f_07.01,f_07.01,r0290,c0010,dp150753,1919576.0,
f_07.01,f_07.01,r0290,c0020,dp150751,73772.0,
f_07.01,f_07.01,r0290,c0030,dp150752,290085.0,
f_07.01,f_07.01,r0290,c0040,dp150795,1794471.0,
f_07.01,f_07.01,r0290,c0050,dp150793,1948469.0,
f_07.01,f_07.01,r0290,c0060,dp150794,1485331.0,
f_07.01,f_07.01,r0290,c0070,dp150837,58479.0,
f_07.01,f_07.01,r0290,c0080,dp150835,1815802.0,
f_07.01,f_07.01,r0290,c0090,dp150836,691776.0,
f_07.01,f_07.01,r0290,c0100,dp441749,1872288.0,
f_07.01,f_07.01,r0300,c0010,dp150756,1317038.0,
f_07.01,f_07.01,r0300,c0020,dp150754,132484.0,
f_07.01,f_07.01,r0300,c0030,dp150755,844397.0,
f_07.01,f_07.01,r0300,c0040,dp150798,866570.0,
f_07.01,f_07.01,r0300,c0050,dp150796,1007288.0,
f_07.01,f_07.01,r0300,c0060,dp150797,944796.0,
f_07.01,f_07.01,r0300,c0070,dp150840,1257057.0,
f_07.01,f_07.01,r0300,c0080,dp150838,284193.0,
f_07.01,f_07.01,r0300,c0090,dp150839,1423457.0,
f_07.01,f_07.01,r0300,c0100,dp441752,131700.0,
f_07.01,f_07.01,r0310,c0010,dp150720,1845504.0,
f_07.01,f_07.01,r0310,c0020,dp150718,301417.0,
f_07.01,f_07.01,r0310,c0030,dp150719,1266806.0,
f_07.01,f_07.01,r0310,c0040,dp150762,212473.0,
f_07.01,f_07.01,r0310,c0050,dp150760,2167.0,
f_07.01,f_07.01,r0310,c0060,dp150761,1057410.0,
f_07.01,f_07.01,r0310,c0070,dp150804,1906544.0,
f_07.01,f_07.01,r0310,c0080,dp150802,1058546.0,
f_07.01,f_07.01,r0310,c0090,dp150803,339391.0,
f_07.01,f_07.01,r0310,c0100,dp441713,1704280.0,
f_07.02,f_07.02,r0060,c0010,dp155436,20644.0,
f_07.02,f_07.02,r0060,c0020,dp155434,88746.0,
f_07.02,f_07.02,r0060,c0030,dp155435,64873.0,
f_07.02,f_07.02,r0060,c0040,dp155430,104242.0,
f_07.02,f_07.02,r0060,c0050,dp155428,145164.0,
f_07.02,f_07.02,r0060,c0060,dp155429,31284.0,
f_07.02,f_07.02,r0070,c0010,dp155370,17657.0,
f_07.02,f_07.02,r0070,c0020,dp155368,15689.0,
f_07.02,f_07.02,r0070,c0030,dp155369,7430.0,
f_07.02,f_07.02,r0070,c0040,dp155364,50127.0,
f_07.02,f_07.02,r0070,c0050,dp155362,77280.0,
f_07.02,f_07.02,r0070,c0060,dp155363,16902.0,
f_07.02,f_07.02,r0080,c0010,dp155394,40830.0,
f_07.02,f_07.02,r0080,c0020,dp155392,35320.0,
f_07.02,f_07.02,r0080,c0030,dp155393,16359.0,
f_07.02,f_07.02,r0080,c0040,dp155388,56545.0,
f_07.02,f_07.02,r0080,c0050,dp155386,27362.0,
f_07.02,f_07.02,r0080,c0060,dp155387,37570.0,
f_07.02,f_07.02,r0090,c0010,dp155382,18061.0,
f_07.02,f_07.02,r0090,c0020,dp155380,8951.0,
f_07.02,f_07.02,r0090,c0030,dp155381,52327.0,
f_07.02,f_07.02,r0090,c0040,dp155376,69103.0,
f_07.02,f_07.02,r0090,c0050,dp155374,28161.0,
f_07.02,f_07.02,r0090,c0060,dp155375,41494.0,
f_07.02,f_07.02,r0100,c0010,dp155424,9555.0,
f_07.02,f_07.02,r0100,c0020,dp155422,38425.0,
f_07.02,f_07.02,r0100,c0030,dp155423,52663.0,
f_07.02,f_07.02,r0100,c0040,dp155418,32372.0,
f_07.02,f_07.02,r0100,c0050,dp155416,43553.0,
f_07.02,f_07.02,r0100,c0060,dp155417,5280.0,
f_07.02,f_07.02,r0110,c0010,dp155412,2987.0,
f_07.02,f_07.02,r0110,c0020,dp155410,73057.0,
f_07.02,f_07.02,r0110,c0030,dp155411,57443.0,
f_07.02,f_07.02,r0110,c0040,dp155406,54115.0,
f_07.02,f_07.02,r0110,c0050,dp155404,67884.0,
f_07.02,f_07.02,r0110,c0060,dp155405,14382.0,
f_07.02,f_07.02,r0120,c0010,dp155439,110823.0,
f_07.02,f_07.02,r0120,c0020,dp155437,28578.0,
f_07.02,f_07.02,r0120,c0030,dp155438,79372.0,
f_07.02,f_07.02,r0120,c0040,dp155433,105906.0,
f_07.02,f_07.02,r0120,c0050,dp155431,151088.0,
f_07.02,f_07.02,r0120,c0060,dp155432,96900.0,
f_07.02,f_07.02,r0130,c0010,dp155373,35020.0,
f_07.02,f_07.02,r0130,c0020,dp155371,7970.0,
f_07.02,f_07.02,r0130,c0030,dp155372,59215.0,
f_07.02,f_07.02,r0130,c0040,dp155367,64886.0,
f_07.02,f_07.02,r0130,c0050,dp155365,71093.0,
f_07.02,f_07.02,r0130,c0060,dp155366,75991.0,
f_07.02,f_07.02,r0140,c0010,dp155397,35047.0,
f_07.02,f_07.02,r0140,c0020,dp155395,42570.0,
f_07.02,f_07.02,r0140,c0030,dp155396,9586.0,
f_07.02,f_07.02,r0140,c0040,dp155391,24340.0,
f_07.02,f_07.02,r0140,c0050,dp155389,38750.0,
f_07.02,f_07.02,r0140,c0060,dp155390,48.0,
f_07.02,f_07.02,r0150,c0010,dp155385,66893.0,
f_07.02,f_07.02,r0150,c0020,dp155383,59380.0,
f_07.02,f_07.02,r0150,c0030,dp155384,71800.0,
f_07.02,f_07.02,r0150,c0040,dp155379,13906.0,
f_07.02,f_07.02,r0150,c0050,dp155377,43684.0,
f_07.02,f_07.02,r0150,c0060,dp155378,19734.0,
f_07.02,f_07.02,r0160,c0010,dp155427,68732.0,
f_07.02,f_07.02,r0160,c0020,dp155425,12671.0,
f_07.02,f_07.02,r0160,c0030,dp155426,51407.0,
f_07.02,f_07.02,r0160,c0040,dp155421,45978.0,
f_07.02,f_07.02,r0160,c0050,dp155419,74230.0,
f_07.02,f_07.02,r0160,c0060,dp155420,54474.0,
f_07.02,f_07.02,r0170,c0010,dp155415,9082.0,
f_07.02,f_07.02,r0170,c0020,dp155413,20631.0,
f_07.02,f_07.02,r0170,c0030,dp155414,14741.0,
f_07.02,f_07.02,r0170,c0040,dp155409,44592.0,
f_07.02,f_07.02,r0170,c0050,dp155407,14073.0,
f_07.02,f_07.02,r0170,c0060,dp155408,36806.0,
f_07.02,f_07.02,r0180,c0010,dp155403,75803.0,
f_07.02,f_07.02,r0180,c0020,dp155401,20608.0,
f_07.02,f_07.02,r0180,c0030,dp155402,20157.0,
f_07.02,f_07.02,r0180,c0040,dp155400,41020.0,
f_07.02,f_07.02,r0180,c0050,dp155398,79995.0,
f_07.02,f_07.02,r0180,c0060,dp155399,20909.0,
f_07.02,f_07.02,r0190,c0010,dp150911,131467.0,
f_07.02,f_07.02,r0190,c0020,dp150909,117324.0,
f_07.02,f_07.02,r0190,c0030,dp150910,144245.0,
f_07.02,f_07.02,r0190,c0040,dp150908,210148.0,
f_07.02,f_07.02,r0190,c0050,dp150906,296252.0,
f_07.02,f_07.02,r0190,c0060,dp150907,128184.0,
f_07.02,f_07.02,r0200,c0010,dp150690,47651.0,
f_07.02,f_07.02,r0200,c0020,dp150688,39095.0,
f_07.02,f_07.02,r0200,c0030,dp150689,53745.0,
f_07.02,f_07.02,r0200,c0040,dp150654,27216.0,
f_07.02,f_07.02,r0200,c0050,dp150652,79794.0,
f_07.02,f_07.02,r0200,c0060,dp150653,44599.0,
f_07.02,f_07.02,r0210,c0010,dp150693,31735.0,
f_07.02,f_07.02,r0210,c0020,dp150691,20217.0,
f_07.02,f_07.02,r0210,c0030,dp150692,69212.0,
f_07.02,f_07.02,r0210,c0040,dp150657,77985.0,
f_07.02,f_07.02,r0210,c0050,dp150655,66563.0,
f_07.02,f_07.02,r0210,c0060,dp150656,55187.0,
f_07.02,f_07.02,r0220,c0010,dp150705,78136.0,
f_07.02,f_07.02,r0220,c0020,dp150703,15684.0,
f_07.02,f_07.02,r0220,c0030,dp150704,43052.0,
f_07.02,f_07.02,r0220,c0040,dp150669,57950.0,
f_07.02,f_07.02,r0220,c0050,dp150667,21592.0,
f_07.02,f_07.02,r0220,c0060,dp150668,6925.0,
f_07.02,f_07.02,r0230,c0010,dp150696,57199.0,
f_07.02,f_07.02,r0230,c0020,dp150694,49202.0,
f_07.02,f_07.02,r0230,c0030,dp150695,19223.0,
f_07.02,f_07.02,r0230,c0040,dp150660,33732.0,
f_07.02,f_07.02,r0230,c0050,dp150658,46243.0,
f_07.02,f_07.02,r0230,c0060,dp150659,18248.0,
f_07.02,f_07.02,r0240,c0010,dp150702,69298.0,
f_07.02,f_07.02,r0240,c0020,dp150700,30588.0,
f_07.02,f_07.02,r0240,c0030,dp150701,22519.0,
f_07.02,f_07.02,r0240,c0040,dp150666,64797.0,
f_07.02,f_07.02,r0240,c0050,dp150664,31653.0,
f_07.02,f_07.02,r0240,c0060,dp150665,37451.0,
f_07.02,f_07.02,r0250,c0010,dp150699,8954.0,
f_07.02,f_07.02,r0250,c0020,dp150697,7213.0,
f_07.02,f_07.02,r0250,c0030,dp150698,71739.0,
f_07.02,f_07.02,r0250,c0040,dp150663,51108.0,
f_07.02,f_07.02,r0250,c0050,dp150661,53873.0,
f_07.02,f_07.02,r0250,c0060,dp150662,75002.0,
f_07.02,f_07.02,r0260,c0010,dp150687,55670.0,
f_07.02,f_07.02,r0260,c0020,dp150685,36493.0,
f_07.02,f_07.02,r0260,c0030,dp150686,73244.0,
f_07.02,f_07.02,r0260,c0040,dp150651,8487.0,
f_07.02,f_07.02,r0260,c0050,dp150649,75788.0,
f_07.02,f_07.02,r0260,c0060,dp150650,72009.0,
f_07.02,f_07.02,r0270,c0010,dp150711,254858.0,
f_07.02,f_07.02,r0270,c0020,dp150709,47492.0,
f_07.02,f_07.02,r0270,c0030,dp150710,199005.0,
f_07.02,f_07.02,r0270,c0040,dp150675,89426.0,
f_07.02,f_07.02,r0270,c0050,dp150673,101513.0,
f_07.02,f_07.02,r0270,c0060,dp150674,202536.0,
f_07.02,f_07.02,r0280,c0010,dp150708,6975.0,
f_07.02,f_07.02,r0280,c0020,dp150706,231244.0,
f_07.02,f_07.02,r0280,c0030,dp150707,72787.0,
f_07.02,f_07.02,r0280,c0040,dp150672,237435.0,
f_07.02,f_07.02,r0280,c0050,dp150670,235525.0,
f_07.02,f_07.02,r0280,c0060,dp150671,236988.0,
f_07.02,f_07.02,r0290,c0010,dp150714,117908.0,
f_07.02,f_07.02,r0290,c0020,dp150712,42647.0,
f_07.02,f_07.02,r0290,c0030,dp150713,128445.0,
f_07.02,f_07.02,r0290,c0040,dp150678,255587.0,
f_07.02,f_07.02,r0290,c0050,dp150676,181421.0,
f_07.02,f_07.02,r0290,c0060,dp150677,104096.0,
f_07.02,f_07.02,r0300,c0010,dp150717,144716.0,
f_07.02,f_07.02,r0300,c0020,dp150715,188415.0,
f_07.02,f_07.02,r0300,c0030,dp150716,239595.0,
f_07.02,f_07.02,r0300,c0040,dp150681,10457.0,
f_07.02,f_07.02,r0300,c0050,dp150679,183409.0,
f_07.02,f_07.02,r0300,c0060,dp150680,91962.0,
f_07.02,f_07.02,r0310,c0010,dp150684,156297.0,
f_07.02,f_07.02,r0310,c0020,dp150682,47550.0,
f_07.02,f_07.02,r0310,c0030,dp150683,236641.0,
f_07.02,f_07.02,r0310,c0040,dp150648,68846.0,
f_07.02,f_07.02,r0310,c0050,dp150646,165258.0,
f_07.02,f_07.02,r0310,c0060,dp150647,65326.0,
f_08.01.a,f_08.01.a,r0010,c0010,dp11343,-1929.0,
f_08.01.a,f_08.01.a,r0010,c0034,dp45981,-7588.0,
f_08.01.a,f_08.01.a,r0010,c0037,dp11485,-5146.0,
f_08.01.a,f_08.01.a,r0020,c0010,dp11349,-8988.0,
f_08.01.a,f_08.01.a,r0020,c0034,dp45984,-11875.0,
f_08.01.a,f_08.01.a,r0030,c0010,dp11331,-5119.0,
f_08.01.a,f_08.01.a,r0030,c0034,dp45971,-4477.0,
f_08.01.a,f_08.01.a,r0040,c0010,dp11330,-3869.0,
f_08.01.a,f_08.01.a,r0040,c0034,dp45970,-7398.0,
f_08.01.a,f_08.01.a,r0050,c0010,dp11341,-61668.0,
f_08.01.a,f_08.01.a,r0050,c0020,dp11243,-73192.0,
f_08.01.a,f_08.01.a,r0050,c0030,dp11447,-58002.0,
f_08.01.a,f_08.01.a,r0050,c0034,dp45980,-46489.0,
f_08.01.a,f_08.01.a,r0050,c0035,dp45846,-68255.0,
f_08.01.a,f_08.01.a,r0050,c0040,dp31998,2000.0,
f_08.01.a,f_08.01.a,r0060,c0010,dp11287,-11639.0,
f_08.01.a,f_08.01.a,r0060,c0020,dp11195,-13428.0,
f_08.01.a,f_08.01.a,r0060,c0030,dp11398,-12435.0,
f_08.01.a,f_08.01.a,r0060,c0034,dp45928,-13057.0,
f_08.01.a,f_08.01.a,r0060,c0035,dp45797,-5386.0,
f_08.01.a,f_08.01.a,r0070,c0010,dp11288,-8941.0,
f_08.01.a,f_08.01.a,r0070,c0020,dp11196,-3773.0,
f_08.01.a,f_08.01.a,r0070,c0030,dp11399,-3422.0,
f_08.01.a,f_08.01.a,r0070,c0034,dp45929,-8656.0,
f_08.01.a,f_08.01.a,r0070,c0035,dp45798,-2886.0,
f_08.01.a,f_08.01.a,r0080,c0010,dp11291,-5479.0,
f_08.01.a,f_08.01.a,r0080,c0020,dp11199,-9379.0,
f_08.01.a,f_08.01.a,r0080,c0030,dp11402,-9653.0,
f_08.01.a,f_08.01.a,r0080,c0034,dp45932,-4320.0,
f_08.01.a,f_08.01.a,r0080,c0035,dp45801,-743.0,
f_08.01.a,f_08.01.a,r0090,c0010,dp11289,-3811.0,
f_08.01.a,f_08.01.a,r0090,c0020,dp11197,-9246.0,
f_08.01.a,f_08.01.a,r0090,c0030,dp11400,-4027.0,
f_08.01.a,f_08.01.a,r0090,c0034,dp45930,-7900.0,
f_08.01.a,f_08.01.a,r0090,c0035,dp45799,-4803.0,
f_08.01.a,f_08.01.a,r0100,c0010,dp11290,-2698.0,
f_08.01.a,f_08.01.a,r0100,c0020,dp11198,-9655.0,
f_08.01.a,f_08.01.a,r0100,c0030,dp11401,-9013.0,
f_08.01.a,f_08.01.a,r0100,c0034,dp45931,-4401.0,
f_08.01.a,f_08.01.a,r0100,c0035,dp45800,-2500.0,
f_08.01.a,f_08.01.a,r0110,c0010,dp11297,-12731.0,
f_08.01.a,f_08.01.a,r0110,c0020,dp11205,-9521.0,
f_08.01.a,f_08.01.a,r0110,c0030,dp11408,-14198.0,
f_08.01.a,f_08.01.a,r0110,c0034,dp45938,-7173.0,
f_08.01.a,f_08.01.a,r0110,c0035,dp45807,-13906.0,
f_08.01.a,f_08.01.a,r0120,c0010,dp11298,-9097.0,
f_08.01.a,f_08.01.a,r0120,c0020,dp11206,-1138.0,
f_08.01.a,f_08.01.a,r0120,c0030,dp11409,-5754.0,
f_08.01.a,f_08.01.a,r0120,c0034,dp45939,-4446.0,
f_08.01.a,f_08.01.a,r0120,c0035,dp45808,-5990.0,
f_08.01.a,f_08.01.a,r0130,c0010,dp11301,-5206.0,
f_08.01.a,f_08.01.a,r0130,c0020,dp11209,-2373.0,
f_08.01.a,f_08.01.a,r0130,c0030,dp11412,-5072.0,
f_08.01.a,f_08.01.a,r0130,c0034,dp45942,-9743.0,
f_08.01.a,f_08.01.a,r0130,c0035,dp45811,-4584.0,
f_08.01.a,f_08.01.a,r0140,c0010,dp11299,-3382.0,
f_08.01.a,f_08.01.a,r0140,c0020,dp11207,-3186.0,
f_08.01.a,f_08.01.a,r0140,c0030,dp11410,-3545.0,
f_08.01.a,f_08.01.a,r0140,c0034,dp45940,-6959.0,
f_08.01.a,f_08.01.a,r0140,c0035,dp45809,-2563.0,
f_08.01.a,f_08.01.a,r0150,c0010,dp11300,-3634.0,
f_08.01.a,f_08.01.a,r0150,c0020,dp11208,-8383.0,
f_08.01.a,f_08.01.a,r0150,c0030,dp11411,-8444.0,
f_08.01.a,f_08.01.a,r0150,c0034,dp45941,-2727.0,
f_08.01.a,f_08.01.a,r0150,c0035,dp45810,-7916.0,
f_08.01.a,f_08.01.a,r0160,c0010,dp11292,-10017.0,
f_08.01.a,f_08.01.a,r0160,c0020,dp11200,-15135.0,
f_08.01.a,f_08.01.a,r0160,c0030,dp11403,-6464.0,
f_08.01.a,f_08.01.a,r0160,c0034,dp45933,-7543.0,
f_08.01.a,f_08.01.a,r0160,c0035,dp45802,-11701.0,
f_08.01.a,f_08.01.a,r0170,c0010,dp11293,-7233.0,
f_08.01.a,f_08.01.a,r0170,c0020,dp11201,-7270.0,
f_08.01.a,f_08.01.a,r0170,c0030,dp11404,-2412.0,
f_08.01.a,f_08.01.a,r0170,c0034,dp45934,-1211.0,
f_08.01.a,f_08.01.a,r0170,c0035,dp45803,-2287.0,
f_08.01.a,f_08.01.a,r0180,c0010,dp11296,-6483.0,
f_08.01.a,f_08.01.a,r0180,c0020,dp11204,-2213.0,
f_08.01.a,f_08.01.a,r0180,c0030,dp11407,-2209.0,
f_08.01.a,f_08.01.a,r0180,c0034,dp45937,-5159.0,
f_08.01.a,f_08.01.a,r0180,c0035,dp45806,-8089.0,
f_08.01.a,f_08.01.a,r0190,c0010,dp11294,-5626.0,
f_08.01.a,f_08.01.a,r0190,c0020,dp11202,-1009.0,
f_08.01.a,f_08.01.a,r0190,c0030,dp11405,-1355.0,
f_08.01.a,f_08.01.a,r0190,c0034,dp45935,-8577.0,
f_08.01.a,f_08.01.a,r0190,c0035,dp45804,-5610.0,
f_08.01.a,f_08.01.a,r0200,c0010,dp11295,-2784.0,
f_08.01.a,f_08.01.a,r0200,c0020,dp11203,-7865.0,
f_08.01.a,f_08.01.a,r0200,c0030,dp11406,-4052.0,
f_08.01.a,f_08.01.a,r0200,c0034,dp45936,-6332.0,
f_08.01.a,f_08.01.a,r0200,c0035,dp45805,-9414.0,
f_08.01.a,f_08.01.a,r0210,c0010,dp67327,-12175.0,
f_08.01.a,f_08.01.a,r0210,c0020,dp67317,-10393.0,
f_08.01.a,f_08.01.a,r0210,c0030,dp67332,-5214.0,
f_08.01.a,f_08.01.a,r0210,c0034,dp67594,-7697.0,
f_08.01.a,f_08.01.a,r0210,c0035,dp67584,-14135.0,
f_08.01.a,f_08.01.a,r0220,c0010,dp67328,-8851.0,
f_08.01.a,f_08.01.a,r0220,c0020,dp67318,-7585.0,
f_08.01.a,f_08.01.a,r0220,c0030,dp67333,-868.0,
f_08.01.a,f_08.01.a,r0220,c0034,dp67595,-4928.0,
f_08.01.a,f_08.01.a,r0220,c0035,dp67585,-6733.0,
f_08.01.a,f_08.01.a,r0230,c0010,dp67331,-7391.0,
f_08.01.a,f_08.01.a,r0230,c0020,dp67321,-4822.0,
f_08.01.a,f_08.01.a,r0230,c0030,dp67336,-5462.0,
f_08.01.a,f_08.01.a,r0230,c0034,dp67598,-5776.0,
f_08.01.a,f_08.01.a,r0230,c0035,dp67588,-9007.0,
f_08.01.a,f_08.01.a,r0240,c0010,dp67329,-9385.0,
f_08.01.a,f_08.01.a,r0240,c0020,dp67319,-8376.0,
f_08.01.a,f_08.01.a,r0240,c0030,dp67334,-2105.0,
f_08.01.a,f_08.01.a,r0240,c0034,dp67596,-9361.0,
f_08.01.a,f_08.01.a,r0240,c0035,dp67586,-9379.0,
f_08.01.a,f_08.01.a,r0250,c0010,dp67330,-3324.0,
f_08.01.a,f_08.01.a,r0250,c0020,dp67320,-2808.0,
f_08.01.a,f_08.01.a,r0250,c0030,dp67335,-4346.0,
f_08.01.a,f_08.01.a,r0250,c0034,dp67597,-2769.0,
f_08.01.a,f_08.01.a,r0250,c0035,dp67587,-7402.0,
f_08.01.a,f_08.01.a,r0260,c0010,dp11307,-6619.0,
f_08.01.a,f_08.01.a,r0260,c0020,dp11215,-14129.0,
f_08.01.a,f_08.01.a,r0260,c0030,dp11418,-4977.0,
f_08.01.a,f_08.01.a,r0260,c0034,dp45948,-3458.0,
f_08.01.a,f_08.01.a,r0260,c0035,dp45817,-8895.0,
f_08.01.a,f_08.01.a,r0270,c0010,dp11308,-725.0,
f_08.01.a,f_08.01.a,r0270,c0020,dp11216,-8141.0,
f_08.01.a,f_08.01.a,r0270,c0030,dp11419,-2354.0,
f_08.01.a,f_08.01.a,r0270,c0034,dp45949,-31.0,
f_08.01.a,f_08.01.a,r0270,c0035,dp45818,-2593.0,
f_08.01.a,f_08.01.a,r0280,c0010,dp11311,-8903.0,
f_08.01.a,f_08.01.a,r0280,c0020,dp11219,-9904.0,
f_08.01.a,f_08.01.a,r0280,c0030,dp11422,-1015.0,
f_08.01.a,f_08.01.a,r0280,c0034,dp45952,-2666.0,
f_08.01.a,f_08.01.a,r0280,c0035,dp45821,-319.0,
f_08.01.a,f_08.01.a,r0290,c0010,dp11309,-5630.0,
f_08.01.a,f_08.01.a,r0290,c0020,dp11217,-2110.0,
f_08.01.a,f_08.01.a,r0290,c0030,dp11420,-6612.0,
f_08.01.a,f_08.01.a,r0290,c0034,dp45950,-4729.0,
f_08.01.a,f_08.01.a,r0290,c0035,dp45819,-1452.0,
f_08.01.a,f_08.01.a,r0300,c0010,dp11310,-5894.0,
f_08.01.a,f_08.01.a,r0300,c0020,dp11218,-5988.0,
f_08.01.a,f_08.01.a,r0300,c0030,dp11421,-2623.0,
f_08.01.a,f_08.01.a,r0300,c0034,dp45951,-3427.0,
f_08.01.a,f_08.01.a,r0300,c0035,dp45820,-6302.0,
f_08.01.a,f_08.01.a,r0310,c0010,dp11302,-8487.0,
f_08.01.a,f_08.01.a,r0310,c0020,dp11210,-10586.0,
f_08.01.a,f_08.01.a,r0310,c0030,dp11413,-14714.0,
f_08.01.a,f_08.01.a,r0310,c0034,dp45943,-7561.0,
f_08.01.a,f_08.01.a,r0310,c0035,dp45812,-14232.0,
f_08.01.a,f_08.01.a,r0320,c0010,dp11303,-3257.0,
f_08.01.a,f_08.01.a,r0320,c0020,dp11211,-3669.0,
f_08.01.a,f_08.01.a,r0320,c0030,dp11414,-5655.0,
f_08.01.a,f_08.01.a,r0320,c0034,dp45944,-1396.0,
f_08.01.a,f_08.01.a,r0320,c0035,dp45813,-9747.0,
f_08.01.a,f_08.01.a,r0330,c0010,dp11306,-410.0,
f_08.01.a,f_08.01.a,r0330,c0020,dp11214,-1768.0,
f_08.01.a,f_08.01.a,r0330,c0030,dp11417,-668.0,
f_08.01.a,f_08.01.a,r0330,c0034,dp45947,-153.0,
f_08.01.a,f_08.01.a,r0330,c0035,dp45816,-8037.0,
f_08.01.a,f_08.01.a,r0340,c0010,dp11304,-669.0,
f_08.01.a,f_08.01.a,r0340,c0020,dp11212,-1017.0,
f_08.01.a,f_08.01.a,r0340,c0030,dp11415,-6076.0,
f_08.01.a,f_08.01.a,r0340,c0034,dp45945,-3909.0,
f_08.01.a,f_08.01.a,r0340,c0035,dp45814,-5633.0,
f_08.01.a,f_08.01.a,r0350,c0010,dp11305,-5230.0,
f_08.01.a,f_08.01.a,r0350,c0020,dp11213,-6917.0,
f_08.01.a,f_08.01.a,r0350,c0030,dp11416,-9059.0,
f_08.01.a,f_08.01.a,r0350,c0034,dp45946,-6165.0,
f_08.01.a,f_08.01.a,r0350,c0035,dp45815,-4485.0,
f_08.01.a,f_08.01.a,r0360,c0010,dp11332,-21876.0,
f_08.01.a,f_08.01.a,r0360,c0020,dp11233,-13159.0,
f_08.01.a,f_08.01.a,r0360,c0030,dp11437,-22009.0,
f_08.01.a,f_08.01.a,r0360,c0034,dp45972,-15696.0,
f_08.01.a,f_08.01.a,r0360,c0035,dp45837,-20065.0,
f_08.01.a,f_08.01.a,r0360,c0040,dp31997,100.0,
f_08.01.a,f_08.01.a,r0370,c0010,dp11335,-8610.0,
f_08.01.a,f_08.01.a,r0370,c0020,dp11237,-3564.0,
f_08.01.a,f_08.01.a,r0370,c0030,dp11441,-9929.0,
f_08.01.a,f_08.01.a,r0370,c0034,dp45974,-4420.0,
f_08.01.a,f_08.01.a,r0370,c0035,dp45840,-7534.0,
f_08.01.a,f_08.01.a,r0380,c0010,dp11334,-2561.0,
f_08.01.a,f_08.01.a,r0380,c0020,dp11236,-457.0,
f_08.01.a,f_08.01.a,r0380,c0030,dp11440,-1553.0,
f_08.01.a,f_08.01.a,r0380,c0034,dp45973,-747.0,
f_08.01.a,f_08.01.a,r0380,c0035,dp45839,-2890.0,
f_08.01.a,f_08.01.a,r0390,c0010,dp11336,-9976.0,
f_08.01.a,f_08.01.a,r0390,c0020,dp11238,-7156.0,
f_08.01.a,f_08.01.a,r0390,c0030,dp11442,-5513.0,
f_08.01.a,f_08.01.a,r0390,c0034,dp45975,-3762.0,
f_08.01.a,f_08.01.a,r0390,c0035,dp45841,-7100.0,
f_08.01.a,f_08.01.a,r0400,c0010,dp11337,-7033.0,
f_08.01.a,f_08.01.a,r0400,c0020,dp11239,-8566.0,
f_08.01.a,f_08.01.a,r0400,c0030,dp11443,-5310.0,
f_08.01.a,f_08.01.a,r0400,c0034,dp45976,-8479.0,
f_08.01.a,f_08.01.a,r0400,c0035,dp45842,-8675.0,
f_08.01.a,f_08.01.a,r0410,c0010,dp11338,-13266.0,
f_08.01.a,f_08.01.a,r0410,c0020,dp11240,-9595.0,
f_08.01.a,f_08.01.a,r0410,c0030,dp11444,-12080.0,
f_08.01.a,f_08.01.a,r0410,c0034,dp45977,-11276.0,
f_08.01.a,f_08.01.a,r0410,c0035,dp45843,-12531.0,
f_08.01.a,f_08.01.a,r0420,c0010,dp11339,-9873.0,
f_08.01.a,f_08.01.a,r0420,c0020,dp11241,-1328.0,
f_08.01.a,f_08.01.a,r0420,c0030,dp11445,-9171.0,
f_08.01.a,f_08.01.a,r0420,c0034,dp45978,-7121.0,
f_08.01.a,f_08.01.a,r0420,c0035,dp45844,-7445.0,
f_08.01.a,f_08.01.a,r0430,c0010,dp11340,-3393.0,
f_08.01.a,f_08.01.a,r0430,c0020,dp11242,-8267.0,
f_08.01.a,f_08.01.a,r0430,c0030,dp11446,-2909.0,
f_08.01.a,f_08.01.a,r0430,c0034,dp45979,-4155.0,
f_08.01.a,f_08.01.a,r0430,c0035,dp45845,-5086.0,
f_08.01.a,f_08.01.a,r0440,c0010,dp11347,-9035.0,
f_08.01.a,f_08.01.a,r0440,c0020,dp11249,-7321.0,
f_08.01.a,f_08.01.a,r0440,c0030,dp11453,-1735.0,
f_08.01.a,f_08.01.a,r0440,c0034,dp45983,-2393.0,
f_08.01.a,f_08.01.a,r0440,c0035,dp45851,-920.0,
f_08.01.a,f_08.01.a,r0440,c0040,dp32001,300.0,
f_08.01.a,f_08.01.a,r0445,c0030,dp429243,-9834.0,
f_08.01.a,f_08.01.a,r0445,c0035,dp429269,-2874.0,
f_09.01,f_09.01,r0010,c0010,dp39713,-15080.0,
f_09.01,f_09.01,r0010,c0020,dp32590,-57412.0,
f_09.01,f_09.01,r0021,c0010,dp110971,-240137.0,
f_09.01,f_09.01,r0021,c0020,dp42150,-3132.0,
f_09.01,f_09.01,r0030,c0010,dp39679,-8504.0,
f_09.01,f_09.01,r0030,c0020,dp41996,-56566.0,
f_09.01,f_09.01,r0040,c0010,dp39685,-17261.0,
f_09.01,f_09.01,r0040,c0020,dp42014,-9256.0,
f_09.01,f_09.01,r0050,c0010,dp39682,-50886.0,
f_09.01,f_09.01,r0050,c0020,dp42005,-17356.0,
f_09.01,f_09.01,r0060,c0010,dp85147,-59686.0,
f_09.01,f_09.01,r0060,c0020,dp84744,-6995.0,
f_09.01,f_09.01,r0070,c0010,dp39691,-2003.0,
f_09.01,f_09.01,r0070,c0020,dp42032,-60894.0,
f_09.01,f_09.01,r0080,c0010,dp39688,-6576.0,
f_09.01,f_09.01,r0080,c0020,dp42023,-846.0,
f_09.01,f_09.01,r0090,c0010,dp39710,-69381.0,
f_09.01,f_09.01,r0090,c0020,dp32589,-93342.0,
f_09.01,f_09.01,r0101,c0010,dp110969,-34302.0,
f_09.01,f_09.01,r0101,c0020,dp42148,-1187.0,
f_09.01,f_09.01,r0110,c0010,dp39678,-13755.0,
f_09.01,f_09.01,r0110,c0020,dp41993,-30764.0,
f_09.01,f_09.01,r0120,c0010,dp39684,-56727.0,
f_09.01,f_09.01,r0120,c0020,dp42011,-49498.0,
f_09.01,f_09.01,r0130,c0010,dp39681,-64511.0,
f_09.01,f_09.01,r0130,c0020,dp42002,-21605.0,
f_09.01,f_09.01,r0140,c0010,dp85146,-25750.0,
f_09.01,f_09.01,r0140,c0020,dp84741,-29758.0,
f_09.01,f_09.01,r0150,c0010,dp39690,-8635.0,
f_09.01,f_09.01,r0150,c0020,dp42029,-16656.0,
f_09.01,f_09.01,r0160,c0010,dp39687,-55626.0,
f_09.01,f_09.01,r0160,c0020,dp42020,-62578.0,
f_09.01,f_09.01,r0170,c0010,dp39727,-48459.0,
f_09.01,f_09.01,r0170,c0020,dp32591,-5842.0,
f_09.01,f_09.01,r0181,c0010,dp110976,-28010.0,
f_09.01,f_09.01,r0181,c0020,dp42152,-246930.0,
f_09.01,f_09.01,r0190,c0010,dp39680,-18338.0,
f_09.01,f_09.01,r0190,c0020,dp41999,-5192.0,
f_09.01,f_09.01,r0200,c0010,dp39686,-49288.0,
f_09.01,f_09.01,r0200,c0020,dp42017,-34558.0,
f_09.01,f_09.01,r0210,c0010,dp39683,-62638.0,
f_09.01,f_09.01,r0210,c0020,dp42008,-56956.0,
f_09.01,f_09.01,r0220,c0010,dp85148,-57459.0,
f_09.01,f_09.01,r0220,c0020,dp84747,-44639.0,
f_09.01,f_09.01,r0230,c0010,dp39692,-24121.0,
f_09.01,f_09.01,r0230,c0020,dp42035,-11758.0,
f_09.01,f_09.01,r0240,c0010,dp39689,-30121.0,
f_09.01,f_09.01,r0240,c0020,dp42026,-650.0,
f_11.02,f_11.02,r0010,c0005,dp148834,70593.0,
f_11.02,f_11.02,r0010,c0006,dp153309,49086.0,
f_11.02,f_11.02,r0010,c0007,dp148859,-85918.0,
f_11.02,f_11.02,r0010,c0008,dp153341,-99523.0,
f_11.02,f_11.02,r0010,c0010,dp45603,-17147.0,
f_11.02,f_11.02,r0010,c0011,dp153396,-68251.0,
f_11.02,f_11.02,r0010,c0020,dp46640,99174.0,
f_11.02,f_11.02,r0010,c0021,dp153367,-84934.0,
f_11.02,f_11.02,r0010,c0030,dp151606,-84578.0,
f_11.02,f_11.02,r0010,c0040,dp151638,-133252.0,
f_11.02,f_11.02,r0020,c0005,dp148844,31595.0,
f_11.02,f_11.02,r0020,c0006,dp153297,16713.0,
f_11.02,f_11.02,r0020,c0007,dp148869,-71479.0,
f_11.02,f_11.02,r0020,c0008,dp153329,-71690.0,
f_11.02,f_11.02,r0020,c0010,dp45610,-17147.0,
f_11.02,f_11.02,r0020,c0011,dp153384,-68251.0,
f_11.02,f_11.02,r0020,c0020,dp46647,66005.0,
f_11.02,f_11.02,r0020,c0021,dp153361,-49657.0,
f_11.02,f_11.02,r0020,c0030,dp151594,-71614.0,
f_11.02,f_11.02,r0020,c0040,dp151626,-48455.0,
f_11.02,f_11.02,r0030,c0005,dp148851,76495.0,
f_11.02,f_11.02,r0030,c0006,dp153304,80201.0,
f_11.02,f_11.02,r0030,c0007,dp148876,-27615.0,
f_11.02,f_11.02,r0030,c0008,dp153336,-34581.0,
f_11.02,f_11.02,r0030,c0030,dp151601,-44483.0,
f_11.02,f_11.02,r0030,c0040,dp151633,-88241.0,
f_11.02,f_11.02,r0040,c0005,dp148841,27720.0,
f_11.02,f_11.02,r0040,c0006,dp153294,3488.0,
f_11.02,f_11.02,r0040,c0007,dp148866,-49175.0,
f_11.02,f_11.02,r0040,c0008,dp153326,-34518.0,
f_11.02,f_11.02,r0040,c0010,dp67350,-87370.0,
f_11.02,f_11.02,r0040,c0011,dp153381,-72574.0,
f_11.02,f_11.02,r0040,c0020,dp67347,21185.0,
f_11.02,f_11.02,r0040,c0021,dp153358,-35561.0,
f_11.02,f_11.02,r0040,c0030,dp151591,-15110.0,
f_11.02,f_11.02,r0040,c0040,dp151623,-48733.0,
f_11.02,f_11.02,r0050,c0005,dp148848,38998.0,
f_11.02,f_11.02,r0050,c0006,dp153301,32373.0,
f_11.02,f_11.02,r0050,c0007,dp148873,-14439.0,
f_11.02,f_11.02,r0050,c0008,dp153333,-27833.0,
f_11.02,f_11.02,r0050,c0030,dp151598,-12964.0,
f_11.02,f_11.02,r0050,c0040,dp151630,-84797.0,
f_11.02,f_11.02,r0060,c0005,dp148836,133953.0,
f_11.02,f_11.02,r0060,c0006,dp153311,116581.0,
f_11.02,f_11.02,r0060,c0007,dp148861,-81198.0,
f_11.02,f_11.02,r0060,c0008,dp153343,-85455.0,
f_11.02,f_11.02,r0060,c0010,dp45605,-81174.0,
f_11.02,f_11.02,r0060,c0011,dp153398,-17629.0,
f_11.02,f_11.02,r0060,c0020,dp46642,87127.0,
f_11.02,f_11.02,r0060,c0021,dp153369,-115190.0,
f_11.02,f_11.02,r0060,c0030,dp151608,-124908.0,
f_11.02,f_11.02,r0060,c0040,dp151640,-116449.0,
f_11.02,f_11.02,r0070,c0005,dp148845,45804.0,
f_11.02,f_11.02,r0070,c0006,dp153298,75007.0,
f_11.02,f_11.02,r0070,c0007,dp148870,-3967.0,
f_11.02,f_11.02,r0070,c0008,dp153330,-15390.0,
f_11.02,f_11.02,r0070,c0010,dp45611,-81174.0,
f_11.02,f_11.02,r0070,c0011,dp153385,-17629.0,
f_11.02,f_11.02,r0070,c0020,dp46648,71960.0,
f_11.02,f_11.02,r0070,c0021,dp153362,-36541.0,
f_11.02,f_11.02,r0070,c0030,dp151595,-46166.0,
f_11.02,f_11.02,r0070,c0040,dp151627,-32254.0,
f_11.02,f_11.02,r0080,c0005,dp148852,22682.0,
f_11.02,f_11.02,r0080,c0006,dp153305,82719.0,
f_11.02,f_11.02,r0080,c0007,dp148877,-26449.0,
f_11.02,f_11.02,r0080,c0008,dp153337,-23148.0,
f_11.02,f_11.02,r0080,c0030,dp151602,-87714.0,
f_11.02,f_11.02,r0080,c0040,dp151634,-54175.0,
f_11.02,f_11.02,r0090,c0005,dp148842,82398.0,
f_11.02,f_11.02,r0090,c0006,dp153295,61718.0,
f_11.02,f_11.02,r0090,c0007,dp148867,-41214.0,
f_11.02,f_11.02,r0090,c0008,dp153327,-46964.0,
f_11.02,f_11.02,r0090,c0010,dp67351,-81103.0,
f_11.02,f_11.02,r0090,c0011,dp153382,-81639.0,
f_11.02,f_11.02,r0090,c0020,dp67348,84966.0,
f_11.02,f_11.02,r0090,c0021,dp153359,-25926.0,
f_11.02,f_11.02,r0090,c0030,dp151592,-63578.0,
f_11.02,f_11.02,r0090,c0040,dp151624,-18106.0,
f_11.02,f_11.02,r0100,c0005,dp148849,88149.0,
f_11.02,f_11.02,r0100,c0006,dp153302,41574.0,
f_11.02,f_11.02,r0100,c0007,dp148874,-77231.0,
f_11.02,f_11.02,r0100,c0008,dp153334,-70065.0,
f_11.02,f_11.02,r0100,c0030,dp151599,-78742.0,
f_11.02,f_11.02,r0100,c0040,dp151631,-84195.0,
f_11.02,f_11.02,r0110,c0005,dp148837,80607.0,
f_11.02,f_11.02,r0110,c0006,dp153312,104807.0,
f_11.02,f_11.02,r0110,c0007,dp148862,-71463.0,
f_11.02,f_11.02,r0110,c0008,dp153344,-144282.0,
f_11.02,f_11.02,r0110,c0010,dp45606,-40172.0,
f_11.02,f_11.02,r0110,c0011,dp153399,-4275.0,
f_11.02,f_11.02,r0110,c0020,dp46643,79889.0,
f_11.02,f_11.02,r0110,c0021,dp153370,-61325.0,
f_11.02,f_11.02,r0110,c0030,dp151609,-48303.0,
f_11.02,f_11.02,r0110,c0040,dp151641,-15153.0,
f_11.02,f_11.02,r0120,c0005,dp148846,3040.0,
f_11.02,f_11.02,r0120,c0006,dp153299,25305.0,
f_11.02,f_11.02,r0120,c0007,dp148871,-51972.0,
f_11.02,f_11.02,r0120,c0008,dp153331,-81553.0,
f_11.02,f_11.02,r0120,c0010,dp45612,-40172.0,
f_11.02,f_11.02,r0120,c0011,dp153386,-4275.0,
f_11.02,f_11.02,r0120,c0020,dp46649,48467.0,
f_11.02,f_11.02,r0120,c0021,dp153363,-54385.0,
f_11.02,f_11.02,r0120,c0030,dp151596,-37262.0,
f_11.02,f_11.02,r0120,c0040,dp151628,-13217.0,
f_11.02,f_11.02,r0130,c0005,dp148853,78780.0,
f_11.02,f_11.02,r0130,c0006,dp153306,63299.0,
f_11.02,f_11.02,r0130,c0007,dp148878,-30633.0,
f_11.02,f_11.02,r0130,c0008,dp153338,-79328.0,
f_11.02,f_11.02,r0130,c0030,dp151603,-8828.0,
f_11.02,f_11.02,r0130,c0040,dp151635,-29239.0,
f_11.02,f_11.02,r0140,c0005,dp148843,83473.0,
f_11.02,f_11.02,r0140,c0006,dp153296,11275.0,
f_11.02,f_11.02,r0140,c0007,dp148868,-81469.0,
f_11.02,f_11.02,r0140,c0008,dp153328,-67430.0,
f_11.02,f_11.02,r0140,c0010,dp67352,-63864.0,
f_11.02,f_11.02,r0140,c0011,dp153383,-76771.0,
f_11.02,f_11.02,r0140,c0020,dp67349,62154.0,
f_11.02,f_11.02,r0140,c0021,dp153360,-82532.0,
f_11.02,f_11.02,r0140,c0030,dp151593,-47648.0,
f_11.02,f_11.02,r0140,c0040,dp151625,-25085.0,
f_11.02,f_11.02,r0150,c0005,dp148850,77567.0,
f_11.02,f_11.02,r0150,c0006,dp153303,79502.0,
f_11.02,f_11.02,r0150,c0007,dp148875,-19491.0,
f_11.02,f_11.02,r0150,c0008,dp153335,-62729.0,
f_11.02,f_11.02,r0150,c0030,dp151600,-11041.0,
f_11.02,f_11.02,r0150,c0040,dp151632,-1936.0,
f_11.02,f_11.02,r0160,c0005,dp148833,80571.0,
f_11.02,f_11.02,r0160,c0006,dp153308,88541.0,
f_11.02,f_11.02,r0160,c0007,dp148858,-96446.0,
f_11.02,f_11.02,r0160,c0008,dp153340,-45791.0,
f_11.02,f_11.02,r0160,c0010,dp45602,-63317.0,
f_11.02,f_11.02,r0160,c0011,dp153395,-135856.0,
f_11.02,f_11.02,r0160,c0020,dp46639,41040.0,
f_11.02,f_11.02,r0160,c0021,dp153366,-48281.0,
f_11.02,f_11.02,r0160,c0030,dp151605,-43944.0,
f_11.02,f_11.02,r0160,c0040,dp151637,-79748.0,
f_11.02,f_11.02,r0170,c0005,dp148839,71925.0,
f_11.02,f_11.02,r0170,c0006,dp153292,58194.0,
f_11.02,f_11.02,r0170,c0007,dp148864,-50211.0,
f_11.02,f_11.02,r0170,c0008,dp153324,-1628.0,
f_11.02,f_11.02,r0170,c0010,dp45608,-23497.0,
f_11.02,f_11.02,r0170,c0011,dp153379,-61001.0,
f_11.02,f_11.02,r0170,c0020,dp46645,32869.0,
f_11.02,f_11.02,r0170,c0021,dp153356,-30354.0,
f_11.02,f_11.02,r0170,c0030,dp151589,-11837.0,
f_11.02,f_11.02,r0170,c0040,dp151621,-21210.0,
f_11.02,f_11.02,r0180,c0005,dp148840,73432.0,
f_11.02,f_11.02,r0180,c0006,dp153293,39590.0,
f_11.02,f_11.02,r0180,c0007,dp148865,-21635.0,
f_11.02,f_11.02,r0180,c0008,dp153325,-48011.0,
f_11.02,f_11.02,r0180,c0010,dp45609,-30122.0,
f_11.02,f_11.02,r0180,c0011,dp153380,-77995.0,
f_11.02,f_11.02,r0180,c0020,dp46646,8889.0,
f_11.02,f_11.02,r0180,c0021,dp153357,-81317.0,
f_11.02,f_11.02,r0180,c0030,dp151590,-59099.0,
f_11.02,f_11.02,r0180,c0040,dp151622,-76621.0,
f_11.02,f_11.02,r0190,c0005,dp148854,81071.0,
f_11.02,f_11.02,r0190,c0006,dp153291,23281.0,
f_11.02,f_11.02,r0190,c0007,dp148879,-13577.0,
f_11.02,f_11.02,r0190,c0008,dp153323,-9588.0,
f_11.02,f_11.02,r0190,c0010,dp45623,-26285.0,
f_11.02,f_11.02,r0190,c0011,dp153378,-59425.0,
f_11.02,f_11.02,r0190,c0020,dp46654,41645.0,
f_11.02,f_11.02,r0190,c0021,dp153355,-10717.0,
f_11.02,f_11.02,r0190,c0030,dp151588,-28177.0,
f_11.02,f_11.02,r0190,c0040,dp151620,-13920.0,
f_11.02,f_11.02,r0200,c0005,dp148847,8646.0,
f_11.02,f_11.02,r0200,c0006,dp153300,30347.0,
f_11.02,f_11.02,r0200,c0007,dp148872,-46235.0,
f_11.02,f_11.02,r0200,c0008,dp153332,-44163.0,
f_11.02,f_11.02,r0200,c0010,dp45616,-39820.0,
f_11.02,f_11.02,r0200,c0011,dp153387,-74855.0,
f_11.02,f_11.02,r0200,c0020,dp46653,8171.0,
f_11.02,f_11.02,r0200,c0021,dp153364,-17927.0,
f_11.02,f_11.02,r0200,c0030,dp151597,-32107.0,
f_11.02,f_11.02,r0200,c0040,dp151629,-58538.0,
f_11.02,f_11.02,r0210,c0005,dp148835,1306.0,
f_11.02,f_11.02,r0210,c0006,dp153310,76119.0,
f_11.02,f_11.02,r0210,c0007,dp148860,-68416.0,
f_11.02,f_11.02,r0210,c0008,dp153342,-35429.0,
f_11.02,f_11.02,r0210,c0010,dp45604,-39993.0,
f_11.02,f_11.02,r0210,c0011,dp153397,-67358.0,
f_11.02,f_11.02,r0210,c0020,dp46641,65985.0,
f_11.02,f_11.02,r0210,c0021,dp153368,-14846.0,
f_11.02,f_11.02,r0210,c0030,dp151607,-47228.0,
f_11.02,f_11.02,r0210,c0040,dp151639,-22761.0,
f_11.02,f_11.02,r0220,c0005,dp148838,63868.0,
f_11.02,f_11.02,r0220,c0006,dp153313,84187.0,
f_11.02,f_11.02,r0220,c0007,dp148863,-61295.0,
f_11.02,f_11.02,r0220,c0008,dp153345,-56827.0,
f_11.02,f_11.02,r0220,c0010,dp45607,-45725.0,
f_11.02,f_11.02,r0220,c0011,dp153400,-47407.0,
f_11.02,f_11.02,r0220,c0020,dp46644,78083.0,
f_11.02,f_11.02,r0220,c0021,dp153371,-813.0,
f_11.02,f_11.02,r0220,c0030,dp151610,-87722.0,
f_11.02,f_11.02,r0220,c0040,dp151642,-33041.0,
f_11.02,f_11.02,r0230,c0005,dp11478,430898.0,
f_11.02,f_11.02,r0230,c0006,dp153307,519321.0,
f_11.02,f_11.02,r0230,c0007,dp11485,-464736.0,
f_11.02,f_11.02,r0230,c0008,dp153339,-467307.0,
f_11.02,f_11.02,r0230,c0010,dp11503,-287528.0,
f_11.02,f_11.02,r0230,c0011,dp153394,-340776.0,
f_11.02,f_11.02,r0230,c0020,dp11502,451298.0,
f_11.02,f_11.02,r0230,c0021,dp153365,-325389.0,
f_11.02,f_11.02,r0230,c0030,dp151604,-436683.0,
f_11.02,f_11.02,r0230,c0040,dp151636,-400404.0,
f_11.02,f_11.02,r0231,c0005,dp11583,940586.0,
f_11.02,f_11.02,r0231,c0006,dp153314,936936.0,
f_11.02,f_11.02,r0231,c0007,dp11606,-966698.0,
f_11.02,f_11.02,r0231,c0008,dp153346,-970170.0,
f_11.02,f_11.02,r0231,c0010,dp11646,-921449.0,
f_11.02,f_11.02,r0231,c0011,dp153401,-963867.0,
f_11.02,f_11.02,r0231,c0020,dp11629,977334.0,
f_11.02,f_11.02,r0231,c0021,dp153372,-912091.0,
f_11.02,f_11.02,r0231,c0030,dp151611,-985537.0,
f_11.02,f_11.02,r0231,c0040,dp151643,-962317.0,
f_11.02,f_11.02,r0232,c0005,dp11508,943148.0,
f_11.02,f_11.02,r0232,c0006,dp153315,967365.0,
f_11.02,f_11.02,r0232,c0007,dp11527,-982346.0,
f_11.02,f_11.02,r0232,c0008,dp153347,-943152.0,
f_11.02,f_11.02,r0232,c0010,dp11560,-944618.0,
f_11.02,f_11.02,r0232,c0011,dp153402,-960748.0,
f_11.02,f_11.02,r0232,c0020,dp11547,929620.0,
f_11.02,f_11.02,r0232,c0021,dp153373,-905641.0,
f_11.02,f_11.02,r0232,c0030,dp151612,-905548.0,
f_11.02,f_11.02,r0232,c0040,dp151644,-938309.0,
f_11.02,f_11.02,r0233,c0005,dp151389,905909.0,
f_11.02,f_11.02,r0233,c0006,dp153319,959208.0,
f_11.02,f_11.02,r0233,c0007,dp151455,-954453.0,
f_11.02,f_11.02,r0233,c0008,dp153351,-986794.0,
f_11.02,f_11.02,r0233,c0010,dp151575,-990279.0,
f_11.02,f_11.02,r0233,c0011,dp153406,-914688.0,
f_11.02,f_11.02,r0233,c0020,dp151509,995780.0,
f_11.02,f_11.02,r0233,c0021,dp153377,-942067.0,
f_11.02,f_11.02,r0233,c0030,dp151616,-993237.0,
f_11.02,f_11.02,r0233,c0040,dp151648,-999544.0,
f_11.02,f_11.02,r0234,c0005,dp11669,987241.0,
f_11.02,f_11.02,r0234,c0006,dp153316,974870.0,
f_11.02,f_11.02,r0234,c0007,dp11670,-977351.0,
f_11.02,f_11.02,r0234,c0008,dp153348,-990816.0,
f_11.02,f_11.02,r0234,c0010,dp11673,-902851.0,
f_11.02,f_11.02,r0234,c0011,dp153403,-984757.0,
f_11.02,f_11.02,r0234,c0020,dp11672,967942.0,
f_11.02,f_11.02,r0234,c0021,dp153374,-913086.0,
f_11.02,f_11.02,r0234,c0030,dp151613,-935712.0,
f_11.02,f_11.02,r0234,c0040,dp151645,-934847.0,
f_11.02,f_11.02,r0235,c0005,dp11683,962303.0,
f_11.02,f_11.02,r0235,c0006,dp153317,973836.0,
f_11.02,f_11.02,r0235,c0007,dp11684,-974755.0,
f_11.02,f_11.02,r0235,c0008,dp153349,-944900.0,
f_11.02,f_11.02,r0235,c0010,dp11686,-989024.0,
f_11.02,f_11.02,r0235,c0011,dp153404,-960509.0,
f_11.02,f_11.02,r0235,c0020,dp11685,982993.0,
f_11.02,f_11.02,r0235,c0021,dp153375,-987618.0,
f_11.02,f_11.02,r0235,c0030,dp151614,-913916.0,
f_11.02,f_11.02,r0235,c0040,dp151646,-908725.0,
f_11.02,f_11.02,r0236,c0005,dp11679,909595.0,
f_11.02,f_11.02,r0236,c0006,dp153318,940087.0,
f_11.02,f_11.02,r0236,c0007,dp11680,-983765.0,
f_11.02,f_11.02,r0236,c0008,dp153350,-941581.0,
f_11.02,f_11.02,r0236,c0010,dp11682,-900084.0,
f_11.02,f_11.02,r0236,c0011,dp153405,-980790.0,
f_11.02,f_11.02,r0236,c0020,dp11681,992293.0,
f_11.02,f_11.02,r0236,c0021,dp153376,-959480.0,
f_11.02,f_11.02,r0236,c0030,dp151615,-917679.0,
f_11.02,f_11.02,r0236,c0040,dp151647,-920988.0,
f_11.02,f_11.02,r0240,c0005,dp67338,977224.0,
f_11.02,f_11.02,r0240,c0006,dp153289,979548.0,
f_11.02,f_11.02,r0240,c0007,dp67341,-934269.0,
f_11.02,f_11.02,r0240,c0008,dp153321,-934079.0,
f_11.02,f_11.02,r0240,c0030,dp151586,-968225.0,
f_11.02,f_11.02,r0240,c0040,dp151618,-987466.0,
f_11.02,f_11.02,r0250,c0005,dp67339,987660.0,
f_11.02,f_11.02,r0250,c0006,dp153290,979892.0,
f_11.02,f_11.02,r0250,c0007,dp67342,-903204.0,
f_11.02,f_11.02,r0250,c0008,dp153322,-985595.0,
f_11.02,f_11.02,r0250,c0030,dp151587,-980138.0,
f_11.02,f_11.02,r0250,c0040,dp151619,-901024.0,
f_11.02,f_11.02,r0260,c0005,dp67337,931948.0,
f_11.02,f_11.02,r0260,c0006,dp153288,995509.0,
f_11.02,f_11.02,r0260,c0007,dp67340,-981335.0,
f_11.02,f_11.02,r0260,c0008,dp153320,-937462.0,
f_11.02,f_11.02,r0260,c0030,dp151585,-907290.0,
f_11.02,f_11.02,r0260,c0040,dp151617,-967589.0,
f_11.03.1,f_11.03.1,r0010,c0010,dp155338,9231.0,
f_11.03.1,f_11.03.1,r0020,c0010,dp151865,24804.0,
f_11.03.1,f_11.03.1,r0030,c0010,dp151734,16338.0,
f_11.03.1,f_11.03.1,r0040,c0010,dp151780,44417.0,
f_11.03.1,f_11.03.1,r0050,c0010,dp152056,4076.0,
f_11.03.1,f_11.03.1,r0060,c0010,dp155339,-20527.0,
f_11.03.1,f_11.03.1,r0070,c0010,dp151975,-45059.0,
f_11.03.1,f_11.03.1,r0080,c0010,dp151845,-9026.0,
f_12.02,f_12.02,r0010,c0010,dp155765,-93879.0,
f_12.02,f_12.02,r0010,c0020,dp155769,-103265.0,
f_12.02,f_12.02,r0010,c0030,dp155768,-161814.0,
f_12.02,f_12.02,r0010,c0040,dp155766,-94628.0,
f_12.02,f_12.02,r0010,c0050,dp155767,-109816.0,
f_12.02,f_12.02,r0010,c0060,dp155770,-149831.0,
f_12.02,f_12.02,r0020,c0010,dp155699,-23442.0,
f_12.02,f_12.02,r0020,c0020,dp155703,-20808.0,
f_12.02,f_12.02,r0020,c0030,dp155702,-90679.0,
f_12.02,f_12.02,r0020,c0040,dp155700,-40209.0,
f_12.02,f_12.02,r0020,c0050,dp155701,-57996.0,
f_12.02,f_12.02,r0020,c0060,dp155704,-96199.0,
f_12.02,f_12.02,r0030,c0010,dp155723,-43183.0,
f_12.02,f_12.02,r0030,c0020,dp155727,-59342.0,
f_12.02,f_12.02,r0030,c0030,dp155726,-2459.0,
f_12.02,f_12.02,r0030,c0040,dp155724,-70257.0,
f_12.02,f_12.02,r0030,c0050,dp155725,-92059.0,
f_12.02,f_12.02,r0030,c0060,dp155728,-29254.0,
f_12.02,f_12.02,r0040,c0010,dp155711,-6744.0,
f_12.02,f_12.02,r0040,c0020,dp155715,-29795.0,
f_12.02,f_12.02,r0040,c0030,dp155714,-18001.0,
f_12.02,f_12.02,r0040,c0040,dp155712,-34873.0,
f_12.02,f_12.02,r0040,c0050,dp155713,-6987.0,
f_12.02,f_12.02,r0040,c0060,dp155716,-62186.0,
f_12.02,f_12.02,r0050,c0010,dp155753,-21221.0,
f_12.02,f_12.02,r0050,c0020,dp155757,-39460.0,
f_12.02,f_12.02,r0050,c0030,dp155756,-34718.0,
f_12.02,f_12.02,r0050,c0040,dp155754,-60706.0,
f_12.02,f_12.02,r0050,c0050,dp155755,-70636.0,
f_12.02,f_12.02,r0050,c0060,dp155758,-32851.0,
f_12.02,f_12.02,r0060,c0010,dp155741,-70437.0,
f_12.02,f_12.02,r0060,c0020,dp155745,-82457.0,
f_12.02,f_12.02,r0060,c0030,dp155744,-71135.0,
f_12.02,f_12.02,r0060,c0040,dp155742,-54419.0,
f_12.02,f_12.02,r0060,c0050,dp155743,-51820.0,
f_12.02,f_12.02,r0060,c0060,dp155746,-53632.0,
f_12.02,f_12.02,r0070,c0010,dp155771,-123937.0,
f_12.02,f_12.02,r0070,c0020,dp155775,-174598.0,
f_12.02,f_12.02,r0070,c0030,dp155774,-29617.0,
f_12.02,f_12.02,r0070,c0040,dp155772,-32327.0,
f_12.02,f_12.02,r0070,c0050,dp155773,-121007.0,
f_12.02,f_12.02,r0070,c0060,dp155776,-97161.0,
f_12.02,f_12.02,r0080,c0010,dp155705,-89433.0,
f_12.02,f_12.02,r0080,c0020,dp155709,-97385.0,
f_12.02,f_12.02,r0080,c0030,dp155708,-14006.0,
f_12.02,f_12.02,r0080,c0040,dp155706,-24584.0,
f_12.02,f_12.02,r0080,c0050,dp155707,-22718.0,
f_12.02,f_12.02,r0080,c0060,dp155710,-11247.0,
f_12.02,f_12.02,r0090,c0010,dp155729,-40891.0,
f_12.02,f_12.02,r0090,c0020,dp155733,-22557.0,
f_12.02,f_12.02,r0090,c0030,dp155732,-21350.0,
f_12.02,f_12.02,r0090,c0040,dp155730,-18628.0,
f_12.02,f_12.02,r0090,c0050,dp155731,-31126.0,
f_12.02,f_12.02,r0090,c0060,dp155734,-62587.0,
f_12.02,f_12.02,r0100,c0010,dp155717,-9730.0,
f_12.02,f_12.02,r0100,c0020,dp155721,-87492.0,
f_12.02,f_12.02,r0100,c0030,dp155720,-65182.0,
f_12.02,f_12.02,r0100,c0040,dp155718,-86594.0,
f_12.02,f_12.02,r0100,c0050,dp155719,-85560.0,
f_12.02,f_12.02,r0100,c0060,dp155722,-11677.0,
f_12.02,f_12.02,r0110,c0010,dp155759,-4365.0,
f_12.02,f_12.02,r0110,c0020,dp155763,-64841.0,
f_12.02,f_12.02,r0110,c0030,dp155762,-94398.0,
f_12.02,f_12.02,r0110,c0040,dp155760,-81032.0,
f_12.02,f_12.02,r0110,c0050,dp155761,-18826.0,
f_12.02,f_12.02,r0110,c0060,dp155764,-12279.0,
f_12.02,f_12.02,r0120,c0010,dp155747,-11996.0,
f_12.02,f_12.02,r0120,c0020,dp155751,-1531.0,
f_12.02,f_12.02,r0120,c0030,dp155750,-44184.0,
f_12.02,f_12.02,r0120,c0040,dp155748,-51218.0,
f_12.02,f_12.02,r0120,c0050,dp155749,-58620.0,
f_12.02,f_12.02,r0120,c0060,dp155752,-68505.0,
f_12.02,f_12.02,r0130,c0010,dp155735,-34504.0,
f_12.02,f_12.02,r0130,c0020,dp155739,-77213.0,
f_12.02,f_12.02,r0130,c0030,dp155738,-15611.0,
f_12.02,f_12.02,r0130,c0040,dp155736,-7743.0,
f_12.02,f_12.02,r0130,c0050,dp155737,-98289.0,
f_12.02,f_12.02,r0130,c0060,dp155740,-85914.0,
f_12.02,f_12.02,r0140,c0010,dp155777,-183312.0,
f_12.02,f_12.02,r0140,c0020,dp155781,-200650.0,
f_12.02,f_12.02,r0140,c0030,dp155780,-175820.0,
f_12.02,f_12.02,r0140,c0040,dp155778,-119212.0,
f_12.02,f_12.02,r0140,c0050,dp155779,-132534.0,
f_12.02,f_12.02,r0140,c0060,dp155782,-161078.0,
f_12.02,f_12.02,r0150,c0010,dp155951,-48387.0,
f_12.02,f_12.02,r0150,c0020,dp155955,-75353.0,
f_12.02,f_12.02,r0150,c0030,dp155954,-69103.0,
f_12.02,f_12.02,r0150,c0040,dp155952,-83525.0,
f_12.02,f_12.02,r0150,c0050,dp155953,-97549.0,
f_12.02,f_12.02,r0150,c0060,dp155956,-17122.0,
f_14.00,f_14.00,r0010,c0010,dp11120,134133.0,
f_14.00,f_14.00,r0010,c0020,dp11125,79734.0,
f_14.00,f_14.00,r0010,c0030,dp11130,33612.0,
f_14.00,f_14.00,r0010,c0040,dp11153,-155620.0,
f_14.00,f_14.00,r0010,c0050,dp11158,15197.0,
f_14.00,f_14.00,r0010,c0060,dp11135,-95437.0,
f_14.00,f_14.00,r0010,c0070,dp11139,113862.0,
f_14.00,f_14.00,r0010,c0080,dp11144,92295.0,
f_14.00,f_14.00,r0020,c0010,dp11119,53994.0,
f_14.00,f_14.00,r0020,c0020,dp11124,53622.0,
f_14.00,f_14.00,r0020,c0030,dp11129,31526.0,
f_14.00,f_14.00,r0020,c0040,dp11152,-99207.0,
f_14.00,f_14.00,r0020,c0050,dp11157,17769.0,
f_14.00,f_14.00,r0020,c0060,dp11134,-95437.0,
f_14.00,f_14.00,r0020,c0070,dp11138,41541.0,
f_14.00,f_14.00,r0020,c0080,dp11143,42358.0,
f_14.00,f_14.00,r0030,c0010,dp11121,66854.0,
f_14.00,f_14.00,r0030,c0020,dp11126,54932.0,
f_14.00,f_14.00,r0030,c0030,dp11131,43827.0,
f_14.00,f_14.00,r0030,c0040,dp11154,-55017.0,
f_14.00,f_14.00,r0030,c0050,dp11159,33010.0,
f_14.00,f_14.00,r0030,c0060,dp11136,-39967.0,
f_14.00,f_14.00,r0030,c0070,dp11140,72432.0,
f_14.00,f_14.00,r0030,c0080,dp11145,24663.0,
f_14.00,f_14.00,r0040,c0010,dp11118,80302.0,
f_14.00,f_14.00,r0040,c0020,dp11123,84138.0,
f_14.00,f_14.00,r0040,c0030,dp11128,9351.0,
f_14.00,f_14.00,r0040,c0040,dp11151,34702.0,
f_14.00,f_14.00,r0040,c0050,dp11156,75286.0,
f_14.00,f_14.00,r0040,c0060,dp11133,57586.0,
f_14.00,f_14.00,r0040,c0070,dp11137,-88377.0,
f_14.00,f_14.00,r0040,c0080,dp11142,-80488.0,
f_14.00,f_14.00,r0050,c0010,dp11122,80139.0,
f_14.00,f_14.00,r0050,c0020,dp11127,26112.0,
f_14.00,f_14.00,r0050,c0030,dp11132,2086.0,
f_14.00,f_14.00,r0050,c0040,dp11155,-56413.0,
f_14.00,f_14.00,r0050,c0050,dp11160,-2572.0,
f_14.00,f_14.00,r0050,c0070,dp11141,72321.0,
f_14.00,f_14.00,r0050,c0080,dp11146,49937.0,
f_14.00,f_14.00,r0051,c0010,dp151868,63600.0,
f_14.00,f_14.00,r0051,c0020,dp151873,163996.0,
f_14.00,f_14.00,r0051,c0030,dp151878,61966.0,
f_14.00,f_14.00,r0051,c0040,dp151897,-102942.0,
f_14.00,f_14.00,r0051,c0050,dp151902,-26482.0,
f_14.00,f_14.00,r0051,c0060,dp151883,68612.0,
f_14.00,f_14.00,r0051,c0070,dp151887,-46030.0,
f_14.00,f_14.00,r0051,c0080,dp151892,-19180.0,
f_14.00,f_14.00,r0052,c0010,dp151867,43435.0,
f_14.00,f_14.00,r0052,c0020,dp151872,75622.0,
f_14.00,f_14.00,r0052,c0030,dp151877,51768.0,
f_14.00,f_14.00,r0052,c0040,dp151896,-27172.0,
f_14.00,f_14.00,r0052,c0050,dp151901,64134.0,
f_14.00,f_14.00,r0052,c0060,dp151882,68612.0,
f_14.00,f_14.00,r0052,c0070,dp151886,53169.0,
f_14.00,f_14.00,r0052,c0080,dp151891,4998.0,
f_14.00,f_14.00,r0053,c0010,dp151869,34182.0,
f_14.00,f_14.00,r0053,c0020,dp151874,78101.0,
f_14.00,f_14.00,r0053,c0030,dp151879,99578.0,
f_14.00,f_14.00,r0053,c0040,dp151898,-5583.0,
f_14.00,f_14.00,r0053,c0050,dp151903,98862.0,
f_14.00,f_14.00,r0053,c0060,dp151884,12333.0,
f_14.00,f_14.00,r0053,c0070,dp151888,33053.0,
f_14.00,f_14.00,r0053,c0080,dp151893,84062.0,
f_14.00,f_14.00,r0054,c0010,dp151866,15167.0,
f_14.00,f_14.00,r0054,c0020,dp151871,23279.0,
f_14.00,f_14.00,r0054,c0030,dp151876,38534.0,
f_14.00,f_14.00,r0054,c0040,dp151895,-75935.0,
f_14.00,f_14.00,r0054,c0050,dp151900,-1119.0,
f_14.00,f_14.00,r0054,c0060,dp151881,47280.0,
f_14.00,f_14.00,r0054,c0070,dp151885,-651.0,
f_14.00,f_14.00,r0054,c0080,dp151890,-26905.0,
f_14.00,f_14.00,r0055,c0010,dp151870,20165.0,
f_14.00,f_14.00,r0055,c0020,dp151875,88374.0,
f_14.00,f_14.00,r0055,c0030,dp151880,10198.0,
f_14.00,f_14.00,r0055,c0040,dp151899,-75770.0,
f_14.00,f_14.00,r0055,c0050,dp151904,-90616.0,
f_14.00,f_14.00,r0055,c0070,dp151889,-99199.0,
f_14.00,f_14.00,r0055,c0080,dp151894,-24178.0,
f_14.00,f_14.00,r0056,c0010,dp152751,74020.0,
f_14.00,f_14.00,r0056,c0020,dp152755,122669.0,
f_14.00,f_14.00,r0056,c0030,dp152759,89153.0,
f_14.00,f_14.00,r0056,c0040,dp152774,10182.0,
f_14.00,f_14.00,r0056,c0050,dp152778,50916.0,
f_14.00,f_14.00,r0056,c0060,dp152763,25556.0,
f_14.00,f_14.00,r0056,c0070,dp152766,12241.0,
f_14.00,f_14.00,r0056,c0080,dp152770,-118801.0,
f_14.00,f_14.00,r0057,c0010,dp152750,25803.0,
f_14.00,f_14.00,r0057,c0020,dp152754,78491.0,
f_14.00,f_14.00,r0057,c0030,dp152758,19165.0,
f_14.00,f_14.00,r0057,c0040,dp152773,29353.0,
f_14.00,f_14.00,r0057,c0050,dp152777,64563.0,
f_14.00,f_14.00,r0057,c0060,dp152762,25556.0,
f_14.00,f_14.00,r0057,c0070,dp152765,-84655.0,
f_14.00,f_14.00,r0057,c0080,dp152769,-69616.0,
f_14.00,f_14.00,r0058,c0010,dp152749,97299.0,
f_14.00,f_14.00,r0058,c0020,dp152753,81033.0,
f_14.00,f_14.00,r0058,c0030,dp152757,67796.0,
f_14.00,f_14.00,r0058,c0040,dp152772,-56548.0,
f_14.00,f_14.00,r0058,c0050,dp152776,-71919.0,
f_14.00,f_14.00,r0058,c0060,dp152761,-92436.0,
f_14.00,f_14.00,r0058,c0070,dp152764,96363.0,
f_14.00,f_14.00,r0058,c0080,dp152768,-19044.0,
f_14.00,f_14.00,r0059,c0010,dp152752,48217.0,
f_14.00,f_14.00,r0059,c0020,dp152756,44178.0,
f_14.00,f_14.00,r0059,c0030,dp152760,69988.0,
f_14.00,f_14.00,r0059,c0040,dp152775,-19171.0,
f_14.00,f_14.00,r0059,c0050,dp152779,-13647.0,
f_14.00,f_14.00,r0059,c0070,dp152767,96896.0,
f_14.00,f_14.00,r0059,c0080,dp152771,-49185.0,
f_14.00,f_14.00,r0060,c0010,dp10988,83092.0,
f_14.00,f_14.00,r0060,c0020,dp10992,59234.0,
f_14.00,f_14.00,r0060,c0030,dp10996,116870.0,
f_14.00,f_14.00,r0060,c0040,dp11015,-81073.0,
f_14.00,f_14.00,r0060,c0050,dp11019,67745.0,
f_14.00,f_14.00,r0060,c0060,dp11000,-75367.0,
f_14.00,f_14.00,r0060,c0070,dp11003,32378.0,
f_14.00,f_14.00,r0060,c0080,dp11007,12024.0,
f_14.00,f_14.00,r0070,c0010,dp10987,57327.0,
f_14.00,f_14.00,r0070,c0020,dp10991,23095.0,
f_14.00,f_14.00,r0070,c0030,dp10995,52050.0,
f_14.00,f_14.00,r0070,c0040,dp11014,-37973.0,
f_14.00,f_14.00,r0070,c0050,dp11018,-28377.0,
f_14.00,f_14.00,r0070,c0060,dp10999,-75367.0,
f_14.00,f_14.00,r0070,c0070,dp11002,-53114.0,
f_14.00,f_14.00,r0070,c0080,dp11006,-85801.0,
f_14.00,f_14.00,r0080,c0010,dp10986,88629.0,
f_14.00,f_14.00,r0080,c0020,dp10990,92927.0,
f_14.00,f_14.00,r0080,c0030,dp10994,25181.0,
f_14.00,f_14.00,r0080,c0040,dp11013,77528.0,
f_14.00,f_14.00,r0080,c0050,dp11017,6300.0,
f_14.00,f_14.00,r0080,c0060,dp10998,18237.0,
f_14.00,f_14.00,r0080,c0070,dp11001,92905.0,
f_14.00,f_14.00,r0080,c0080,dp11005,25910.0,
f_14.00,f_14.00,r0090,c0010,dp10989,25765.0,
f_14.00,f_14.00,r0090,c0020,dp10993,36139.0,
f_14.00,f_14.00,r0090,c0030,dp10997,64820.0,
f_14.00,f_14.00,r0090,c0040,dp11016,-43100.0,
f_14.00,f_14.00,r0090,c0050,dp11020,96122.0,
f_14.00,f_14.00,r0090,c0070,dp11004,85492.0,
f_14.00,f_14.00,r0090,c0080,dp11008,97825.0,
f_14.00,f_14.00,r0101,c0010,dp152890,121765.0,
f_14.00,f_14.00,r0101,c0020,dp152894,65273.0,
f_14.00,f_14.00,r0101,c0030,dp152898,150079.0,
f_14.00,f_14.00,r0101,c0040,dp152972,48535.0,
f_14.00,f_14.00,r0101,c0050,dp152976,-28616.0,
f_14.00,f_14.00,r0101,c0060,dp152902,39192.0,
f_14.00,f_14.00,r0101,c0070,dp152906,102416.0,
f_14.00,f_14.00,r0101,c0080,dp152910,-89491.0,
f_14.00,f_14.00,r0102,c0010,dp152889,56597.0,
f_14.00,f_14.00,r0102,c0020,dp152893,19632.0,
f_14.00,f_14.00,r0102,c0030,dp152897,54014.0,
f_14.00,f_14.00,r0102,c0040,dp152971,34144.0,
f_14.00,f_14.00,r0102,c0050,dp152975,-20848.0,
f_14.00,f_14.00,r0102,c0060,dp152901,74759.0,
f_14.00,f_14.00,r0102,c0070,dp152905,4976.0,
f_14.00,f_14.00,r0102,c0080,dp152909,2658.0,
f_14.00,f_14.00,r0103,c0010,dp152888,59693.0,
f_14.00,f_14.00,r0103,c0020,dp152892,31309.0,
f_14.00,f_14.00,r0103,c0030,dp152896,70232.0,
f_14.00,f_14.00,r0103,c0040,dp152970,47788.0,
f_14.00,f_14.00,r0103,c0050,dp152974,-44638.0,
f_14.00,f_14.00,r0103,c0060,dp152900,-31588.0,
f_14.00,f_14.00,r0103,c0070,dp152904,75676.0,
f_14.00,f_14.00,r0103,c0080,dp152908,34870.0,
f_14.00,f_14.00,r0104,c0010,dp152891,65168.0,
f_14.00,f_14.00,r0104,c0020,dp152895,45641.0,
f_14.00,f_14.00,r0104,c0030,dp152899,96065.0,
f_14.00,f_14.00,r0104,c0040,dp152973,14391.0,
f_14.00,f_14.00,r0104,c0050,dp152977,-7768.0,
f_14.00,f_14.00,r0104,c0060,dp152903,-35567.0,
f_14.00,f_14.00,r0104,c0070,dp152907,97440.0,
f_14.00,f_14.00,r0104,c0080,dp152911,-92149.0,
f_14.00,f_14.00,r0121,c0010,dp151737,44482.0,
f_14.00,f_14.00,r0121,c0020,dp151741,81004.0,
f_14.00,f_14.00,r0121,c0030,dp151745,127469.0,
f_14.00,f_14.00,r0121,c0040,dp151760,-23092.0,
f_14.00,f_14.00,r0121,c0050,dp151764,-27232.0,
f_14.00,f_14.00,r0121,c0060,dp151749,78924.0,
f_14.00,f_14.00,r0121,c0070,dp151752,-25871.0,
f_14.00,f_14.00,r0121,c0080,dp151756,14731.0,
f_14.00,f_14.00,r0122,c0010,dp151736,36931.0,
f_14.00,f_14.00,r0122,c0020,dp151740,49324.0,
f_14.00,f_14.00,r0122,c0030,dp151744,85126.0,
f_14.00,f_14.00,r0122,c0040,dp151759,54375.0,
f_14.00,f_14.00,r0122,c0050,dp151763,-45212.0,
f_14.00,f_14.00,r0122,c0060,dp151748,78924.0,
f_14.00,f_14.00,r0122,c0070,dp151751,52202.0,
f_14.00,f_14.00,r0122,c0080,dp151755,-42427.0,
f_14.00,f_14.00,r0123,c0010,dp151735,42066.0,
f_14.00,f_14.00,r0123,c0020,dp151739,99860.0,
f_14.00,f_14.00,r0123,c0030,dp151743,76509.0,
f_14.00,f_14.00,r0123,c0040,dp151758,-42336.0,
f_14.00,f_14.00,r0123,c0050,dp151762,-80630.0,
f_14.00,f_14.00,r0123,c0060,dp151747,-17088.0,
f_14.00,f_14.00,r0123,c0070,dp151750,-38837.0,
f_14.00,f_14.00,r0123,c0080,dp151754,-28758.0,
f_14.00,f_14.00,r0124,c0010,dp151738,7551.0,
f_14.00,f_14.00,r0124,c0020,dp151742,31680.0,
f_14.00,f_14.00,r0124,c0030,dp151746,42343.0,
f_14.00,f_14.00,r0124,c0040,dp151761,-77467.0,
f_14.00,f_14.00,r0124,c0050,dp151765,17980.0,
f_14.00,f_14.00,r0124,c0070,dp151753,-78073.0,
f_14.00,f_14.00,r0124,c0080,dp151757,57158.0,
f_14.00,f_14.00,r0125,c0010,dp151783,160580.0,
f_14.00,f_14.00,r0125,c0020,dp151787,152370.0,
f_14.00,f_14.00,r0125,c0030,dp151791,86426.0,
f_14.00,f_14.00,r0125,c0040,dp151806,96879.0,
f_14.00,f_14.00,r0125,c0050,dp151810,-30780.0,
f_14.00,f_14.00,r0125,c0060,dp151795,-54244.0,
f_14.00,f_14.00,r0125,c0070,dp151798,86446.0,
f_14.00,f_14.00,r0125,c0080,dp151802,5225.0,
f_14.00,f_14.00,r0126,c0010,dp151782,72331.0,
f_14.00,f_14.00,r0126,c0020,dp151786,76726.0,
f_14.00,f_14.00,r0126,c0030,dp151790,29917.0,
f_14.00,f_14.00,r0126,c0040,dp151805,80284.0,
f_14.00,f_14.00,r0126,c0050,dp151809,-40180.0,
f_14.00,f_14.00,r0126,c0060,dp151794,-54244.0,
f_14.00,f_14.00,r0126,c0070,dp151797,29167.0,
f_14.00,f_14.00,r0126,c0080,dp151801,-7882.0,
f_14.00,f_14.00,r0127,c0010,dp151781,90728.0,
f_14.00,f_14.00,r0127,c0020,dp151785,76175.0,
f_14.00,f_14.00,r0127,c0030,dp151789,95139.0,
f_14.00,f_14.00,r0127,c0040,dp151804,23500.0,
f_14.00,f_14.00,r0127,c0050,dp151808,-39488.0,
f_14.00,f_14.00,r0127,c0060,dp151793,42834.0,
f_14.00,f_14.00,r0127,c0070,dp151796,5241.0,
f_14.00,f_14.00,r0127,c0080,dp151800,29062.0,
f_14.00,f_14.00,r0128,c0010,dp151784,88249.0,
f_14.00,f_14.00,r0128,c0020,dp151788,75644.0,
f_14.00,f_14.00,r0128,c0030,dp151792,56509.0,
f_14.00,f_14.00,r0128,c0040,dp151807,16595.0,
f_14.00,f_14.00,r0128,c0050,dp151811,9400.0,
f_14.00,f_14.00,r0128,c0070,dp151799,57279.0,
f_14.00,f_14.00,r0128,c0080,dp151803,13107.0,
f_14.00,f_14.00,r0140,c0010,dp11487,44101.0,
f_14.00,f_14.00,r0140,c0020,dp11488,46334.0,
f_14.00,f_14.00,r0140,c0030,dp11489,43328.0,
f_14.00,f_14.00,r0140,c0040,dp11504,-88895.0,
f_14.00,f_14.00,r0140,c0050,dp11505,-28848.0,
f_14.00,f_14.00,r0140,c0060,dp11493,-72455.0,
f_14.00,f_14.00,r0140,c0070,dp11494,-70258.0,
f_14.00,f_14.00,r0140,c0080,dp11495,-72208.0,
f_14.00,f_14.00,r0150,c0010,dp11355,-104699.0,
f_14.00,f_14.00,r0150,c0020,dp11361,-36601.0,
f_14.00,f_14.00,r0150,c0030,dp11367,-108739.0,
f_14.00,f_14.00,r0150,c0040,dp11389,15605.0,
f_14.00,f_14.00,r0150,c0050,dp11395,123821.0,
f_14.00,f_14.00,r0150,c0060,dp11372,51471.0,
f_14.00,f_14.00,r0150,c0070,dp11377,-166361.0,
f_14.00,f_14.00,r0150,c0080,dp11383,5107.0,
f_14.00,f_14.00,r0160,c0010,dp11354,-12693.0,
f_14.00,f_14.00,r0160,c0020,dp11360,-21002.0,
f_14.00,f_14.00,r0160,c0030,dp11366,-42427.0,
f_14.00,f_14.00,r0160,c0040,dp11388,-2006.0,
f_14.00,f_14.00,r0160,c0050,dp11394,80344.0,
f_14.00,f_14.00,r0160,c0060,dp11371,51471.0,
f_14.00,f_14.00,r0160,c0070,dp11376,-70527.0,
f_14.00,f_14.00,r0160,c0080,dp11382,93733.0,
f_14.00,f_14.00,r0170,c0010,dp11357,-44220.0,
f_14.00,f_14.00,r0170,c0020,dp11363,-96956.0,
f_14.00,f_14.00,r0170,c0030,dp11369,-1521.0,
f_14.00,f_14.00,r0170,c0040,dp11391,60730.0,
f_14.00,f_14.00,r0170,c0050,dp11397,-43780.0,
f_14.00,f_14.00,r0170,c0060,dp11373,-57091.0,
f_14.00,f_14.00,r0170,c0070,dp11379,-98863.0,
f_14.00,f_14.00,r0170,c0080,dp11385,60872.0,
f_14.00,f_14.00,r0180,c0010,dp11353,-60005.0,
f_14.00,f_14.00,r0180,c0020,dp11359,-6795.0,
f_14.00,f_14.00,r0180,c0030,dp11365,-59911.0,
f_14.00,f_14.00,r0180,c0040,dp11387,29783.0,
f_14.00,f_14.00,r0180,c0050,dp11393,-69833.0,
f_14.00,f_14.00,r0180,c0070,dp11375,-82129.0,
f_14.00,f_14.00,r0180,c0080,dp11381,90692.0,
f_14.00,f_14.00,r0190,c0010,dp11352,-85498.0,
f_14.00,f_14.00,r0190,c0020,dp11358,-80239.0,
f_14.00,f_14.00,r0190,c0030,dp11364,-38617.0,
f_14.00,f_14.00,r0190,c0040,dp11386,67464.0,
f_14.00,f_14.00,r0190,c0050,dp11392,-20623.0,
f_14.00,f_14.00,r0190,c0060,dp11370,-21792.0,
f_14.00,f_14.00,r0190,c0070,dp11374,28192.0,
f_14.00,f_14.00,r0190,c0080,dp11380,78471.0,
f_14.00,f_14.00,r0200,c0010,dp11356,-92006.0,
f_14.00,f_14.00,r0200,c0020,dp11362,-15599.0,
f_14.00,f_14.00,r0200,c0030,dp11368,-66312.0,
f_14.00,f_14.00,r0200,c0040,dp11390,17611.0,
f_14.00,f_14.00,r0200,c0050,dp11396,43477.0,
f_14.00,f_14.00,r0200,c0070,dp11378,-95834.0,
f_14.00,f_14.00,r0200,c0080,dp11384,-88626.0,
f_14.00,f_14.00,r0201,c0010,dp151979,-89820.0,
f_14.00,f_14.00,r0201,c0020,dp151985,-110999.0,
f_14.00,f_14.00,r0201,c0030,dp151991,-76857.0,
f_14.00,f_14.00,r0201,c0040,dp152014,-156091.0,
f_14.00,f_14.00,r0201,c0050,dp152020,26780.0,
f_14.00,f_14.00,r0201,c0060,dp151996,-157547.0,
f_14.00,f_14.00,r0201,c0070,dp152002,55943.0,
f_14.00,f_14.00,r0201,c0080,dp152008,362.0,
f_14.00,f_14.00,r0202,c0010,dp151978,-15605.0,
f_14.00,f_14.00,r0202,c0020,dp151984,-22930.0,
f_14.00,f_14.00,r0202,c0030,dp151990,-5366.0,
f_14.00,f_14.00,r0202,c0040,dp152013,-88548.0,
f_14.00,f_14.00,r0202,c0050,dp152019,10818.0,
f_14.00,f_14.00,r0202,c0060,dp151995,-71936.0,
f_14.00,f_14.00,r0202,c0070,dp152001,67895.0,
f_14.00,f_14.00,r0202,c0080,dp152007,15204.0,
f_14.00,f_14.00,r0203,c0010,dp151981,-86969.0,
f_14.00,f_14.00,r0203,c0020,dp151987,-59017.0,
f_14.00,f_14.00,r0203,c0030,dp151993,-51236.0,
f_14.00,f_14.00,r0203,c0040,dp152016,-8299.0,
f_14.00,f_14.00,r0203,c0050,dp152022,77078.0,
f_14.00,f_14.00,r0203,c0060,dp151998,-25294.0,
f_14.00,f_14.00,r0203,c0070,dp152004,20765.0,
f_14.00,f_14.00,r0203,c0080,dp152010,86611.0,
f_14.00,f_14.00,r0204,c0010,dp151977,-49989.0,
f_14.00,f_14.00,r0204,c0020,dp151983,-96447.0,
f_14.00,f_14.00,r0204,c0030,dp151989,-48001.0,
f_14.00,f_14.00,r0204,c0040,dp152012,-34882.0,
f_14.00,f_14.00,r0204,c0050,dp152018,-88384.0,
f_14.00,f_14.00,r0204,c0070,dp152000,-63292.0,
f_14.00,f_14.00,r0204,c0080,dp152006,-1203.0,
f_14.00,f_14.00,r0205,c0010,dp151976,-90694.0,
f_14.00,f_14.00,r0205,c0020,dp151982,-44426.0,
f_14.00,f_14.00,r0205,c0030,dp151988,-97379.0,
f_14.00,f_14.00,r0205,c0040,dp152011,77494.0,
f_14.00,f_14.00,r0205,c0050,dp152017,-98634.0,
f_14.00,f_14.00,r0205,c0060,dp151994,23337.0,
f_14.00,f_14.00,r0205,c0070,dp151999,50965.0,
f_14.00,f_14.00,r0205,c0080,dp152005,-42848.0,
f_14.00,f_14.00,r0206,c0010,dp151980,-74215.0,
f_14.00,f_14.00,r0206,c0020,dp151986,-88069.0,
f_14.00,f_14.00,r0206,c0030,dp151992,-71491.0,
f_14.00,f_14.00,r0206,c0040,dp152015,-67543.0,
f_14.00,f_14.00,r0206,c0050,dp152021,15962.0,
f_14.00,f_14.00,r0206,c0060,dp151997,-85611.0,
f_14.00,f_14.00,r0206,c0070,dp152003,-11952.0,
f_14.00,f_14.00,r0206,c0080,dp152009,-14842.0,
f_14.00,f_14.00,r0210,c0010,dp11258,-78606.0,
f_14.00,f_14.00,r0210,c0020,dp11262,-141905.0,
f_14.00,f_14.00,r0210,c0030,dp11266,-114556.0,
f_14.00,f_14.00,r0210,c0040,dp11280,-39088.0,
f_14.00,f_14.00,r0210,c0050,dp11284,120539.0,
f_14.00,f_14.00,r0210,c0070,dp11272,-57334.0,
f_14.00,f_14.00,r0210,c0080,dp11276,2263.0,
f_14.00,f_14.00,r0220,c0010,dp11257,-34824.0,
f_14.00,f_14.00,r0220,c0020,dp11261,-71982.0,
f_14.00,f_14.00,r0220,c0030,dp11265,-39054.0,
f_14.00,f_14.00,r0220,c0040,dp11279,-36884.0,
f_14.00,f_14.00,r0220,c0050,dp11283,63697.0,
f_14.00,f_14.00,r0220,c0070,dp11271,-20839.0,
f_14.00,f_14.00,r0220,c0080,dp11275,-45556.0,
f_14.00,f_14.00,r0230,c0010,dp11256,-61364.0,
f_14.00,f_14.00,r0230,c0020,dp11260,-16690.0,
f_14.00,f_14.00,r0230,c0030,dp11264,-7170.0,
f_14.00,f_14.00,r0230,c0040,dp11278,55527.0,
f_14.00,f_14.00,r0230,c0050,dp11282,32392.0,
f_14.00,f_14.00,r0230,c0060,dp11268,-81314.0,
f_14.00,f_14.00,r0230,c0070,dp11270,44906.0,
f_14.00,f_14.00,r0230,c0080,dp11274,86466.0,
f_14.00,f_14.00,r0240,c0010,dp11259,-43782.0,
f_14.00,f_14.00,r0240,c0020,dp11263,-69923.0,
f_14.00,f_14.00,r0240,c0030,dp11267,-75502.0,
f_14.00,f_14.00,r0240,c0040,dp11281,-2204.0,
f_14.00,f_14.00,r0240,c0050,dp11285,56842.0,
f_14.00,f_14.00,r0240,c0070,dp11273,-36495.0,
f_14.00,f_14.00,r0240,c0080,dp11277,47819.0,
f_14.00,f_14.00,r0250,c0010,dp11490,-15412.0,
f_14.00,f_14.00,r0250,c0020,dp11491,-29048.0,
f_14.00,f_14.00,r0250,c0030,dp11492,-37082.0,
f_14.00,f_14.00,r0250,c0040,dp11506,398.0,
f_14.00,f_14.00,r0250,c0050,dp11507,57105.0,
f_14.00,f_14.00,r0250,c0060,dp11496,75453.0,
f_14.00,f_14.00,r0250,c0070,dp11497,-41454.0,
f_14.00,f_14.00,r0250,c0080,dp11498,79730.0,
f_15.00.a,f_15.00.a,r0010,c0010,dp66922,121647.0,
f_15.00.a,f_15.00.a,r0010,c0020,dp66923,89939.0,
f_15.00.a,f_15.00.a,r0010,c0030,dp66924,87740.0,
f_15.00.a,f_15.00.a,r0010,c0070,dp67162,-39161.0,
f_15.00.a,f_15.00.a,r0010,c0080,dp66883,-87130.0,
f_15.00.a,f_15.00.a,r0010,c0110,dp67127,31903.0,
f_15.00.a,f_15.00.a,r0020,c0010,dp66919,44484.0,
f_15.00.a,f_15.00.a,r0020,c0020,dp66920,75223.0,
f_15.00.a,f_15.00.a,r0020,c0030,dp66921,65473.0,
f_15.00.a,f_15.00.a,r0020,c0070,dp67161,-14289.0,
f_15.00.a,f_15.00.a,r0020,c0080,dp66882,-51951.0,
f_15.00.a,f_15.00.a,r0030,c0010,dp66916,40395.0,
f_15.00.a,f_15.00.a,r0030,c0020,dp66917,92903.0,
f_15.00.a,f_15.00.a,r0030,c0030,dp66918,28623.0,
f_15.00.a,f_15.00.a,r0030,c0070,dp67160,-81557.0,
f_15.00.a,f_15.00.a,r0030,c0080,dp66881,-17938.0,
f_15.00.a,f_15.00.a,r0030,c0110,dp67126,77664.0,
f_15.00.a,f_15.00.a,r0040,c0010,dp66925,77163.0,
f_15.00.a,f_15.00.a,r0040,c0020,dp66926,14716.0,
f_15.00.a,f_15.00.a,r0040,c0030,dp66927,22267.0,
f_15.00.a,f_15.00.a,r0040,c0070,dp67163,-24872.0,
f_15.00.a,f_15.00.a,r0040,c0080,dp66884,-35179.0,
f_15.00.a,f_15.00.a,r0040,c0110,dp67128,26795.0,
f_15.00.a,f_15.00.a,r0041,c0010,dp66985,78489.0,
f_15.00.a,f_15.00.a,r0041,c0020,dp66986,77844.0,
f_15.00.a,f_15.00.a,r0041,c0030,dp66987,98210.0,
f_15.00.a,f_15.00.a,r0042,c0010,dp66982,35315.0,
f_15.00.a,f_15.00.a,r0042,c0020,dp66983,54306.0,
f_15.00.a,f_15.00.a,r0042,c0030,dp66984,18387.0,
f_15.00.a,f_15.00.a,r0043,c0010,dp66979,11606.0,
f_15.00.a,f_15.00.a,r0043,c0020,dp66980,63244.0,
f_15.00.a,f_15.00.a,r0043,c0030,dp66981,48083.0,
f_15.00.a,f_15.00.a,r0044,c0010,dp66988,43174.0,
f_15.00.a,f_15.00.a,r0044,c0020,dp66989,23538.0,
f_15.00.a,f_15.00.a,r0044,c0030,dp66990,79823.0,
f_15.00.a,f_15.00.a,r0045,c0010,dp149702,190139.0,
f_15.00.a,f_15.00.a,r0045,c0020,dp149703,114921.0,
f_15.00.a,f_15.00.a,r0045,c0030,dp149704,192849.0,
f_15.00.a,f_15.00.a,r0045,c0070,dp149776,-42809.0,
f_15.00.a,f_15.00.a,r0045,c0080,dp149772,-49198.0,
f_15.00.a,f_15.00.a,r0045,c0110,dp149694,49268.0,
f_15.00.a,f_15.00.a,r0046,c0010,dp149699,90396.0,
f_15.00.a,f_15.00.a,r0046,c0020,dp149700,79953.0,
f_15.00.a,f_15.00.a,r0046,c0030,dp149701,98672.0,
f_15.00.a,f_15.00.a,r0046,c0070,dp149775,-1441.0,
f_15.00.a,f_15.00.a,r0046,c0080,dp149771,-2594.0,
f_15.00.a,f_15.00.a,r0047,c0010,dp149696,36117.0,
f_15.00.a,f_15.00.a,r0047,c0020,dp149697,73431.0,
f_15.00.a,f_15.00.a,r0047,c0030,dp149698,72205.0,
f_15.00.a,f_15.00.a,r0047,c0070,dp149774,-16684.0,
f_15.00.a,f_15.00.a,r0047,c0080,dp149770,-77362.0,
f_15.00.a,f_15.00.a,r0047,c0110,dp149693,9367.0,
f_15.00.a,f_15.00.a,r0048,c0010,dp149705,99743.0,
f_15.00.a,f_15.00.a,r0048,c0020,dp149706,34968.0,
f_15.00.a,f_15.00.a,r0048,c0030,dp149707,94177.0,
f_15.00.a,f_15.00.a,r0048,c0070,dp149777,-41368.0,
f_15.00.a,f_15.00.a,r0048,c0080,dp149773,-46604.0,
f_15.00.a,f_15.00.a,r0048,c0110,dp149695,38113.0,
f_15.00.a,f_15.00.a,r0050,c0010,dp66910,97454.0,
f_15.00.a,f_15.00.a,r0050,c0020,dp66911,115417.0,
f_15.00.a,f_15.00.a,r0050,c0030,dp66912,113290.0,
f_15.00.a,f_15.00.a,r0050,c0070,dp67158,-125300.0,
f_15.00.a,f_15.00.a,r0050,c0080,dp66879,-76968.0,
f_15.00.a,f_15.00.a,r0050,c0110,dp67124,89778.0,
f_15.00.a,f_15.00.a,r0060,c0010,dp66907,76190.0,
f_15.00.a,f_15.00.a,r0060,c0020,dp66908,57042.0,
f_15.00.a,f_15.00.a,r0060,c0030,dp66909,65726.0,
f_15.00.a,f_15.00.a,r0060,c0070,dp67157,-88773.0,
f_15.00.a,f_15.00.a,r0060,c0080,dp66878,-43197.0,
f_15.00.a,f_15.00.a,r0070,c0010,dp66904,82371.0,
f_15.00.a,f_15.00.a,r0070,c0020,dp66905,26998.0,
f_15.00.a,f_15.00.a,r0070,c0030,dp66906,34324.0,
f_15.00.a,f_15.00.a,r0070,c0070,dp67156,-93047.0,
f_15.00.a,f_15.00.a,r0070,c0080,dp66877,-89506.0,
f_15.00.a,f_15.00.a,r0070,c0110,dp67123,61806.0,
f_15.00.a,f_15.00.a,r0080,c0010,dp66913,21264.0,
f_15.00.a,f_15.00.a,r0080,c0020,dp66914,58375.0,
f_15.00.a,f_15.00.a,r0080,c0030,dp66915,47564.0,
f_15.00.a,f_15.00.a,r0080,c0070,dp67159,-36527.0,
f_15.00.a,f_15.00.a,r0080,c0080,dp66880,-33771.0,
f_15.00.a,f_15.00.a,r0080,c0110,dp67125,74664.0,
f_15.00.a,f_15.00.a,r0091,c0010,dp149717,73106.0,
f_15.00.a,f_15.00.a,r0091,c0020,dp149718,73300.0,
f_15.00.a,f_15.00.a,r0091,c0030,dp149719,86665.0,
f_15.00.a,f_15.00.a,r0091,c0070,dp149784,-45644.0,
f_15.00.a,f_15.00.a,r0091,c0080,dp149780,-73705.0,
f_15.00.a,f_15.00.a,r0091,c0110,dp149709,130885.0,
f_15.00.a,f_15.00.a,r0092,c0010,dp149714,59873.0,
f_15.00.a,f_15.00.a,r0092,c0020,dp149715,17212.0,
f_15.00.a,f_15.00.a,r0092,c0030,dp149716,17543.0,
f_15.00.a,f_15.00.a,r0092,c0070,dp149783,-38552.0,
f_15.00.a,f_15.00.a,r0092,c0080,dp149779,-53390.0,
f_15.00.a,f_15.00.a,r0093,c0010,dp149711,77445.0,
f_15.00.a,f_15.00.a,r0093,c0020,dp149712,79338.0,
f_15.00.a,f_15.00.a,r0093,c0030,dp149713,45466.0,
f_15.00.a,f_15.00.a,r0093,c0070,dp149782,-50213.0,
f_15.00.a,f_15.00.a,r0093,c0080,dp149778,-25170.0,
f_15.00.a,f_15.00.a,r0093,c0110,dp149708,8515.0,
f_15.00.a,f_15.00.a,r0094,c0010,dp149720,13233.0,
f_15.00.a,f_15.00.a,r0094,c0020,dp149721,56088.0,
f_15.00.a,f_15.00.a,r0094,c0030,dp149722,69122.0,
f_15.00.a,f_15.00.a,r0094,c0070,dp149785,-7092.0,
f_15.00.a,f_15.00.a,r0094,c0080,dp149781,-20315.0,
f_15.00.a,f_15.00.a,r0094,c0110,dp149710,78379.0,
f_15.00.a,f_15.00.a,r0121,c0010,dp66952,45741.0,
f_15.00.a,f_15.00.a,r0121,c0020,dp66953,30851.0,
f_15.00.a,f_15.00.a,r0121,c0030,dp66954,49163.0,
f_15.00.a,f_15.00.a,r0122,c0010,dp66949,34531.0,
f_15.00.a,f_15.00.a,r0122,c0020,dp66950,9605.0,
f_15.00.a,f_15.00.a,r0122,c0030,dp66951,22786.0,
f_15.00.a,f_15.00.a,r0123,c0010,dp66946,11603.0,
f_15.00.a,f_15.00.a,r0123,c0020,dp66947,91737.0,
f_15.00.a,f_15.00.a,r0123,c0030,dp66948,74437.0,
f_15.00.a,f_15.00.a,r0124,c0010,dp66955,11210.0,
f_15.00.a,f_15.00.a,r0124,c0020,dp66956,21246.0,
f_15.00.a,f_15.00.a,r0124,c0030,dp66957,26377.0,
f_15.00.a,f_15.00.a,r0125,c0010,dp66964,130516.0,
f_15.00.a,f_15.00.a,r0125,c0020,dp66965,83717.0,
f_15.00.a,f_15.00.a,r0125,c0030,dp66966,133609.0,
f_15.00.a,f_15.00.a,r0126,c0010,dp66961,56203.0,
f_15.00.a,f_15.00.a,r0126,c0020,dp66962,2998.0,
f_15.00.a,f_15.00.a,r0126,c0030,dp66963,56581.0,
f_15.00.a,f_15.00.a,r0127,c0010,dp66958,7365.0,
f_15.00.a,f_15.00.a,r0127,c0020,dp66959,4816.0,
f_15.00.a,f_15.00.a,r0127,c0030,dp66960,16771.0,
f_15.00.a,f_15.00.a,r0128,c0010,dp66967,74313.0,
f_15.00.a,f_15.00.a,r0128,c0020,dp66968,80719.0,
f_15.00.a,f_15.00.a,r0128,c0030,dp66969,77028.0,
f_15.00.a,f_15.00.a,r0131,c0010,dp149687,54633.0,
f_15.00.a,f_15.00.a,r0131,c0020,dp149688,25177.0,
f_15.00.a,f_15.00.a,r0131,c0030,dp149689,97067.0,
f_15.00.a,f_15.00.a,r0131,c0070,dp149768,-82505.0,
f_15.00.a,f_15.00.a,r0131,c0080,dp149765,-66859.0,
f_15.00.a,f_15.00.a,r0131,c0110,dp149682,91314.0,
f_15.00.a,f_15.00.a,r0132,c0010,dp149684,23139.0,
f_15.00.a,f_15.00.a,r0132,c0020,dp149685,18321.0,
f_15.00.a,f_15.00.a,r0132,c0030,dp149686,66265.0,
f_15.00.a,f_15.00.a,r0132,c0070,dp149767,-27128.0,
f_15.00.a,f_15.00.a,r0132,c0080,dp149764,-36748.0,
f_15.00.a,f_15.00.a,r0132,c0110,dp149681,58377.0,
f_15.00.a,f_15.00.a,r0133,c0010,dp149690,31494.0,
f_15.00.a,f_15.00.a,r0133,c0020,dp149691,6856.0,
f_15.00.a,f_15.00.a,r0133,c0030,dp149692,30802.0,
f_15.00.a,f_15.00.a,r0133,c0070,dp149769,-55377.0,
f_15.00.a,f_15.00.a,r0133,c0080,dp149766,-30111.0,
f_15.00.a,f_15.00.a,r0133,c0110,dp149683,32937.0,
f_15.00.a,f_15.00.a,r0181,c0010,dp66973,101540.0,
f_15.00.a,f_15.00.a,r0181,c0020,dp66974,142927.0,
f_15.00.a,f_15.00.a,r0181,c0030,dp66975,155570.0,
f_15.00.a,f_15.00.a,r0182,c0010,dp66970,74872.0,
f_15.00.a,f_15.00.a,r0182,c0020,dp66971,31990.0,
f_15.00.a,f_15.00.a,r0182,c0030,dp66972,74203.0,
f_15.00.a,f_15.00.a,r0183,c0010,dp66976,8417.0,
f_15.00.a,f_15.00.a,r0183,c0020,dp66977,88559.0,
f_15.00.a,f_15.00.a,r0183,c0030,dp66978,95273.0,
f_15.00.a,f_15.00.a,r0184,c0010,dp66997,163448.0,
f_15.00.a,f_15.00.a,r0184,c0020,dp66998,66692.0,
f_15.00.a,f_15.00.a,r0184,c0030,dp66999,89347.0,
f_15.00.a,f_15.00.a,r0185,c0010,dp66994,80830.0,
f_15.00.a,f_15.00.a,r0185,c0020,dp66995,44842.0,
f_15.00.a,f_15.00.a,r0185,c0030,dp66996,986.0,
f_15.00.a,f_15.00.a,r0186,c0010,dp66991,32639.0,
f_15.00.a,f_15.00.a,r0186,c0020,dp66992,68235.0,
f_15.00.a,f_15.00.a,r0186,c0030,dp66993,72351.0,
f_15.00.a,f_15.00.a,r0187,c0010,dp67000,82618.0,
f_15.00.a,f_15.00.a,r0187,c0020,dp67001,21850.0,
f_15.00.a,f_15.00.a,r0187,c0030,dp67002,88361.0,
f_15.00.a,f_15.00.a,r0190,c0010,dp67003,1056713.0,
f_15.00.a,f_15.00.a,r0190,c0020,dp67004,820785.0,
f_15.00.a,f_15.00.a,r0190,c0030,dp67005,1103510.0,
f_15.00.a,f_15.00.a,r0190,c0070,dp67189,-933051.0,
f_15.00.a,f_15.00.a,r0190,c0080,dp66891,-820137.0,
f_15.00.a,f_15.00.a,r0190,c0100,dp67151,-643747.0,
f_15.00.a,f_15.00.a,r0190,c0110,dp67150,393148.0,
f_15.00.a,f_15.00.a,r0200,c0010,dp149666,93123.0,
f_15.00.a,f_15.00.a,r0200,c0020,dp149667,54368.0,
f_15.00.a,f_15.00.a,r0200,c0030,dp149668,60297.0,
f_15.00.b,f_15.00.b,r0010,c0040,dp67072,45355.0,
f_15.00.b,f_15.00.b,r0010,c0050,dp67073,-60165.0,
f_15.00.b,f_15.00.b,r0010,c0090,dp67182,46324.0,
f_15.00.b,f_15.00.b,r0020,c0040,dp67051,17412.0,
f_15.00.b,f_15.00.b,r0020,c0050,dp67052,-47800.0,
f_15.00.b,f_15.00.b,r0030,c0040,dp67012,21049.0,
f_15.00.b,f_15.00.b,r0030,c0050,dp67013,-57360.0,
f_15.00.b,f_15.00.b,r0030,c0090,dp67172,36140.0,
f_15.00.b,f_15.00.b,r0040,c0040,dp67093,27943.0,
f_15.00.b,f_15.00.b,r0040,c0050,dp67094,-12365.0,
f_15.00.b,f_15.00.b,r0040,c0090,dp67185,46324.0,
f_15.00.b,f_15.00.b,r0045,c0040,dp149748,94711.0,
f_15.00.b,f_15.00.b,r0045,c0050,dp149749,-52457.0,
f_15.00.b,f_15.00.b,r0045,c0090,dp149792,4470.0,
f_15.00.b,f_15.00.b,r0046,c0040,dp149739,62470.0,
f_15.00.b,f_15.00.b,r0046,c0050,dp149740,-11511.0,
f_15.00.b,f_15.00.b,r0047,c0040,dp149727,66991.0,
f_15.00.b,f_15.00.b,r0047,c0050,dp149728,-95042.0,
f_15.00.b,f_15.00.b,r0047,c0090,dp149787,76612.0,
f_15.00.b,f_15.00.b,r0048,c0040,dp149757,32241.0,
f_15.00.b,f_15.00.b,r0048,c0050,dp149758,-40946.0,
f_15.00.b,f_15.00.b,r0048,c0090,dp149795,4470.0,
f_15.00.b,f_15.00.b,r0050,c0040,dp67069,81064.0,
f_15.00.b,f_15.00.b,r0050,c0050,dp67070,-104504.0,
f_15.00.b,f_15.00.b,r0050,c0090,dp67181,19038.0,
f_15.00.b,f_15.00.b,r0060,c0040,dp67048,75080.0,
f_15.00.b,f_15.00.b,r0060,c0050,dp67049,-44922.0,
f_15.00.b,f_15.00.b,r0070,c0040,dp67009,33808.0,
f_15.00.b,f_15.00.b,r0070,c0050,dp67010,-19104.0,
f_15.00.b,f_15.00.b,r0070,c0090,dp67171,28497.0,
f_15.00.b,f_15.00.b,r0080,c0040,dp67090,5984.0,
f_15.00.b,f_15.00.b,r0080,c0050,dp67091,-59582.0,
f_15.00.b,f_15.00.b,r0080,c0090,dp67184,19038.0,
f_15.00.b,f_15.00.b,r0091,c0040,dp149751,140319.0,
f_15.00.b,f_15.00.b,r0091,c0050,dp149752,-71870.0,
f_15.00.b,f_15.00.b,r0091,c0090,dp149793,1772.0,
f_15.00.b,f_15.00.b,r0092,c0040,dp149742,63655.0,
f_15.00.b,f_15.00.b,r0092,c0050,dp149743,-38312.0,
f_15.00.b,f_15.00.b,r0093,c0040,dp149730,11717.0,
f_15.00.b,f_15.00.b,r0093,c0050,dp149731,-24954.0,
f_15.00.b,f_15.00.b,r0093,c0090,dp149788,42667.0,
f_15.00.b,f_15.00.b,r0094,c0040,dp149760,76664.0,
f_15.00.b,f_15.00.b,r0094,c0050,dp149761,-33558.0,
f_15.00.b,f_15.00.b,r0094,c0090,dp149796,1772.0,
f_15.00.b,f_15.00.b,r0131,c0040,dp149733,42265.0,
f_15.00.b,f_15.00.b,r0131,c0050,dp149734,-21580.0,
f_15.00.b,f_15.00.b,r0131,c0090,dp149789,77587.0,
f_15.00.b,f_15.00.b,r0132,c0040,dp149724,25264.0,
f_15.00.b,f_15.00.b,r0132,c0050,dp149725,-20648.0,
f_15.00.b,f_15.00.b,r0132,c0090,dp149786,24530.0,
f_15.00.b,f_15.00.b,r0133,c0040,dp149754,17001.0,
f_15.00.b,f_15.00.b,r0133,c0050,dp149755,-932.0,
f_15.00.b,f_15.00.b,r0133,c0090,dp149794,53057.0,
f_15.00.b,f_15.00.b,r0190,c0040,dp67117,403714.0,
f_15.00.b,f_15.00.b,r0190,c0050,dp67118,-310576.0,
f_15.00.b,f_15.00.b,r0190,c0060,dp67119,46994.0,
f_15.00.b,f_15.00.b,r0190,c0090,dp67188,461333.0,
f_16.02,f_16.02,r0010,c0010,dp10748,19051.0,
f_16.02,f_16.02,r0020,c0010,dp10745,10008.0,
f_16.02,f_16.02,r0030,c0010,dp10749,19318.0,
f_16.02,f_16.02,r0040,c0010,dp10747,-47034.0,
f_16.02,f_16.02,r0050,c0010,dp10746,-35592.0,
f_16.02,f_16.02,r0060,c0010,dp10750,-2631.0,
f_16.02,f_16.02,r0070,c0010,dp10744,16420.0,
f_16.03,f_16.03,r0010,c0010,dp10677,65239.0,
f_16.03,f_16.03,r0015,c0010,dp151042,28055.0,
f_16.03,f_16.03,r0020,c0010,dp10679,68294.0,
f_16.03,f_16.03,r0030,c0010,dp10674,12329.0,
f_16.03,f_16.03,r0040,c0010,dp10680,55348.0,
f_16.03,f_16.03,r0050,c0010,dp10682,16506.0,
f_16.03,f_16.03,r0060,c0010,dp10676,21049.0,
f_16.03,f_16.03,r0070,c0010,dp10675,14130.0,
f_16.03,f_16.03,r0080,c0010,dp10681,21146.0,
f_16.03,f_16.03,r0090,c0010,dp10678,98714.0,
f_16.03,f_16.03,r0095,c0010,dp151041,23754.0,
f_16.03,f_16.03,r0100,c0010,dp46570,21645.0,
f_16.03,f_16.03,r0110,c0010,dp46572,37381.0,
f_16.03,f_16.03,r0120,c0010,dp46567,23174.0,
f_16.03,f_16.03,r0130,c0010,dp46573,1579.0,
f_16.03,f_16.03,r0140,c0010,dp46575,29069.0,
f_16.03,f_16.03,r0150,c0010,dp46569,69454.0,
f_16.03,f_16.03,r0160,c0010,dp46568,41686.0,
f_16.03,f_16.03,r0170,c0010,dp46574,66397.0,
f_16.03,f_16.03,r0180,c0010,dp46571,88042.0,
f_16.04,f_16.04,r0010,c0010,dp10684,80352.0,
f_16.04,f_16.04,r0020,c0010,dp10686,93119.0,
f_16.04,f_16.04,r0030,c0010,dp10687,51423.0,
f_16.04,f_16.04,r0040,c0010,dp10683,85489.0,
f_16.04,f_16.04,r0050,c0010,dp10685,-8010.0,
f_16.04,f_16.04,r0060,c0010,dp10688,-15289.0,
f_16.04,f_16.04,r0070,c0010,dp10678,65063.0,
f_16.04,f_16.04,r0080,c0010,dp46577,-3384.0,
f_16.04,f_16.04,r0090,c0010,dp46579,-27085.0,
f_16.04,f_16.04,r0100,c0010,dp46580,29448.0,
f_16.04,f_16.04,r0110,c0010,dp46576,62912.0,
f_16.04,f_16.04,r0120,c0010,dp46578,13892.0,
f_16.04,f_16.04,r0130,c0010,dp46581,-13848.0,
f_16.04,f_16.04,r0140,c0010,dp46571,-17232.0,
f_16.05,f_16.05,r0010,c0010,dp10983,-47942.0,
f_16.05,f_16.05,r0020,c0010,dp10982,28568.0,
f_16.05,f_16.05,r0020,c0020,dp67308,3646.0,
f_16.05,f_16.05,r0030,c0010,dp10985,57520.0,
f_16.05,f_16.05,r0030,c0020,dp67311,1930.0,
f_16.05,f_16.05,r0040,c0010,dp11253,-47166.0,
f_16.05,f_16.05,r0040,c0020,dp67323,7470.0,
f_16.05,f_16.05,r0050,c0010,dp11252,-19891.0,
f_16.05,f_16.05,r0050,c0020,dp67322,-20437.0,
f_16.05,f_16.05,r0060,c0010,dp11255,58996.0,
f_16.05,f_16.05,r0060,c0020,dp67326,39332.0,
f_16.05,f_16.05,r0070,c0010,dp56328,11054.0,
f_16.05,f_16.05,r0071,c0010,dp151196,29470.0,
f_16.05,f_16.05,r0072,c0010,dp151197,-26172.0,
f_16.05,f_16.05,r0080,c0010,dp46501,-12608.0,
f_16.05,f_16.05,r0090,c0010,dp46498,-26646.0,
f_16.05,f_16.05,r0090,c0020,dp67563,30421.0,
f_16.05,f_16.05,r0100,c0010,dp46503,-5456.0,
f_16.05,f_16.05,r0100,c0020,dp67566,-15218.0,
f_16.05,f_16.05,r0110,c0010,dp46500,27673.0,
f_16.05,f_16.05,r0110,c0020,dp67565,28856.0,
f_16.05,f_16.05,r0120,c0010,dp46499,-5279.0,
f_16.05,f_16.05,r0120,c0020,dp67564,-8401.0,
f_16.05,f_16.05,r0130,c0010,dp46504,10418.0,
f_16.05,f_16.05,r0130,c0020,dp67567,39838.0,
f_16.05,f_16.05,r0140,c0010,dp56346,-2190.0,
f_17.01,f_17.01,r0010,c0010,dp10899,20109.0,
f_17.01,f_17.01,r0020,c0010,dp32359,788.0,
f_17.01,f_17.01,r0030,c0010,dp32238,19312.0,
f_17.01,f_17.01,r0040,c0010,dp32245,19321.0,
f_17.01,f_17.01,r0050,c0010,dp11111,15086.0,
f_17.01,f_17.01,r0060,c0010,dp11109,309.0,
f_17.01,f_17.01,r0070,c0010,dp11113,3751.0,
f_17.01,f_17.01,r0080,c0010,dp11107,216.0,
f_17.01,f_17.01,r0090,c0010,dp11115,14777.0,
f_17.01,f_17.01,r0091,c0010,dp46564,22648.0,
f_17.01,f_17.01,r0092,c0010,dp46563,4458.0,
f_17.01,f_17.01,r0093,c0010,dp46565,11805.0,
f_17.01,f_17.01,r0094,c0010,dp46562,6529.0,
f_17.01,f_17.01,r0095,c0010,dp46566,18190.0,
f_17.01,f_17.01,r0096,c0010,dp152737,23970.0,
f_17.01,f_17.01,r0097,c0010,dp152735,4289.0,
f_17.01,f_17.01,r0098,c0010,dp152733,5976.0,
f_17.01,f_17.01,r0099,c0010,dp152739,19681.0,
f_17.01,f_17.01,r0100,c0010,dp10977,27672.0,
f_17.01,f_17.01,r0110,c0010,dp10975,16831.0,
f_17.01,f_17.01,r0120,c0010,dp10973,14775.0,
f_17.01,f_17.01,r0130,c0010,dp10979,10841.0,
f_17.01,f_17.01,r0141,c0010,dp152878,11943.0,
f_17.01,f_17.01,r0142,c0010,dp152876,1182.0,
f_17.01,f_17.01,r0143,c0010,dp152874,18872.0,
f_17.01,f_17.01,r0144,c0010,dp152880,10761.0,
f_17.01,f_17.01,r0171,c0010,dp46552,16280.0,
f_17.01,f_17.01,r0172,c0010,dp46551,7134.0,
f_17.01,f_17.01,r0173,c0010,dp46550,224.0,
f_17.01,f_17.01,r0174,c0010,dp46553,9146.0,
f_17.01,f_17.01,r0175,c0010,dp46556,15458.0,
f_17.01,f_17.01,r0176,c0010,dp46555,6191.0,
f_17.01,f_17.01,r0177,c0010,dp46554,16315.0,
f_17.01,f_17.01,r0178,c0010,dp46557,9267.0,
f_17.01,f_17.01,r0181,c0010,dp152252,26301.0,
f_17.01,f_17.01,r0182,c0010,dp152248,16623.0,
f_17.01,f_17.01,r0183,c0010,dp152254,9678.0,
f_17.01,f_17.01,r0231,c0010,dp46533,4008.0,
f_17.01,f_17.01,r0232,c0010,dp46531,12075.0,
f_17.01,f_17.01,r0233,c0010,dp46535,4008.0,
f_17.01,f_17.01,r0234,c0010,dp46590,4893.0,
f_17.01,f_17.01,r0235,c0010,dp46589,4197.0,
f_17.01,f_17.01,r0236,c0010,dp46588,15559.0,
f_17.01,f_17.01,r0237,c0010,dp46591,696.0,
f_17.01,f_17.01,r0240,c0010,dp11479,7381.0,
f_17.01,f_17.01,r0250,c0010,dp32403,250.0,
f_17.01,f_17.01,r0260,c0010,dp11803,241.0,
f_17.01,f_17.01,r0270,c0010,dp32424,19776.0,
f_17.01,f_17.01,r0290,c0010,dp32407,26528.0,
f_17.01,f_17.01,r0300,c0010,dp32405,16077.0,
f_17.01,f_17.01,r0310,c0010,dp32409,10451.0,
f_17.01,f_17.01,r0320,c0010,dp32423,30859.0,
f_17.01,f_17.01,r0330,c0010,dp32361,13158.0,
f_17.01,f_17.01,r0340,c0010,dp32374,17701.0,
f_17.01,f_17.01,r0350,c0010,dp32357,18315.0,
f_17.01,f_17.01,r0360,c0010,dp10904,3455.0,
f_17.01,f_17.01,r0365,c0010,dp155443,3022.0,
f_17.01,f_17.01,r0370,c0010,dp32355,277928.0,
f_17.01,f_17.01,r0380,c0010,dp152250,14599.0,
f_17.03,f_17.03,r0010,c0010,dp11346,-18391.0,
f_17.03,f_17.03,r0020,c0010,dp11344,-9356.0,
f_17.03,f_17.03,r0030,c0010,dp11350,-2289.0,
f_17.03,f_17.03,r0040,c0010,dp11342,-3286.0,
f_17.03,f_17.03,r0050,c0010,dp11333,-9835.0,
f_17.03,f_17.03,r0060,c0010,dp11348,-9035.0,
f_17.03,f_17.03,r0061,c0010,dp46666,-6937.0,
f_17.03,f_17.03,r0062,c0010,dp46665,-4544.0,
f_17.03,f_17.03,r0063,c0010,dp46668,-8237.0,
f_17.03,f_17.03,r0064,c0010,dp46664,-8461.0,
f_17.03,f_17.03,r0065,c0010,dp46663,-1089.0,
f_17.03,f_17.03,r0066,c0010,dp46667,-2393.0,
f_17.03,f_17.03,r0070,c0010,dp11248,-12587.0,
f_17.03,f_17.03,r0080,c0010,dp11244,-5266.0,
f_17.03,f_17.03,r0090,c0010,dp11234,-4412.0,
f_17.03,f_17.03,r0100,c0010,dp11250,-7321.0,
f_17.03,f_17.03,r0110,c0010,dp11452,-2184.0,
f_17.03,f_17.03,r0120,c0010,dp11448,-449.0,
f_17.03,f_17.03,r0130,c0010,dp11438,-136.0,
f_17.03,f_17.03,r0140,c0010,dp11454,-1735.0,
f_17.03,f_17.03,r0141,c0010,dp46661,-6464.0,
f_17.03,f_17.03,r0142,c0010,dp46660,-5544.0,
f_17.03,f_17.03,r0143,c0010,dp46659,-7412.0,
f_17.03,f_17.03,r0144,c0010,dp46662,-920.0,
f_17.03,f_17.03,r0150,c0010,dp11486,-2141.0,
f_17.03,f_17.03,r0160,c0010,dp32630,1681.0,
f_17.03,f_17.03,r0170,c0010,dp32653,-6730.0,
f_17.03,f_17.03,r0190,c0010,dp32652,-6453.0,
f_17.03,f_17.03,r0200,c0010,dp32595,-4989.0,
f_17.03,f_17.03,r0210,c0010,dp32605,-1464.0,
f_17.03,f_17.03,r0220,c0010,dp32649,-264.0,
f_17.03,f_17.03,r0230,c0010,dp32632,-3334.0,
f_17.03,f_17.03,r0240,c0010,dp10908,-6261.0,
f_17.03,f_17.03,r0245,c0010,dp155641,-9923.0,
f_17.03,f_17.03,r0250,c0010,dp32593,-65344.0,
f_17.03,f_17.03,r0390,c0010,dp32655,157300.0,
f_20.06,f_20.06,r0010,c0010,dp5486450,-96204.0,eba_GA:BE
f_20.06,f_20.06,r0010,c0010,dp5486450,-27037.0,eba_GA:DE
f_20.06,f_20.06,r0020,c0010,dp5486449,-94265.0,eba_GA:BE
f_20.06,f_20.06,r0020,c0010,dp5486449,-57290.0,eba_GA:DE
f_20.06,f_20.06,r0030,c0010,dp5486448,-89762.0,eba_GA:BE
f_20.06,f_20.06,r0030,c0010,dp5486448,-26210.0,eba_GA:DE
f_20.06,f_20.06,r0040,c0010,dp5486077,-23799.0,eba_GA:BE
f_20.06,f_20.06,r0040,c0010,dp5486077,-60067.0,eba_GA:DE
f_20.06,f_20.06,r0050,c0010,dp5486075,-95317.0,eba_GA:BE
f_20.06,f_20.06,r0050,c0010,dp5486075,-22464.0,eba_GA:DE
f_20.06,f_20.06,r0060,c0010,dp5486076,-97687.0,eba_GA:BE
f_20.06,f_20.06,r0060,c0010,dp5486076,-48071.0,eba_GA:DE
f_20.06,f_20.06,r0070,c0010,dp5486071,-28764.0,eba_GA:BE
f_20.06,f_20.06,r0070,c0010,dp5486071,-113581.0,eba_GA:DE
f_20.06,f_20.06,r0080,c0010,dp5486446,-10009.0,eba_GA:BE
f_20.06,f_20.06,r0080,c0010,dp5486446,-65557.0,eba_GA:DE
f_20.06,f_20.06,r0090,c0010,dp5486447,-62915.0,eba_GA:BE
f_20.06,f_20.06,r0090,c0010,dp5486447,-71220.0,eba_GA:DE
f_20.06,f_20.06,r0100,c0010,dp5486072,-83144.0,eba_GA:BE
f_20.06,f_20.06,r0100,c0010,dp5486072,-79395.0,eba_GA:DE
f_20.06,f_20.06,r0110,c0010,dp5486074,-51205.0,eba_GA:BE
f_20.06,f_20.06,r0110,c0010,dp5486074,-33757.0,eba_GA:DE
f_20.06,f_20.06,r0120,c0010,dp5486073,-88975.0,eba_GA:BE
f_20.06,f_20.06,r0120,c0010,dp5486073,-47794.0,eba_GA:DE
f_20.06,f_20.06,r0130,c0010,dp5486445,-18755.0,eba_GA:BE
f_20.06,f_20.06,r0130,c0010,dp5486445,-48024.0,eba_GA:DE
f_41.01,f_41.01,r0015,c0020,dp152260,514015.0,
f_41.01,f_41.01,r0015,c0030,dp152263,317004.0,
f_41.01,f_41.01,r0015,c0040,dp152266,582225.0,
f_41.01,f_41.01,r0016,c0020,dp152259,108044.0,
f_41.01,f_41.01,r0016,c0030,dp152262,262784.0,
f_41.01,f_41.01,r0016,c0040,dp152265,378716.0,
f_41.01,f_41.01,r0017,c0020,dp152261,405971.0,
f_41.01,f_41.01,r0017,c0030,dp152264,54220.0,
f_41.01,f_41.01,r0017,c0040,dp152267,203509.0,
f_41.01,f_41.01,r0021,c0020,dp151657,472744.0,
f_41.01,f_41.01,r0021,c0030,dp151661,357291.0,
f_41.01,f_41.01,r0021,c0040,dp151665,827969.0,
f_41.01,f_41.01,r0022,c0020,dp151656,437784.0,
f_41.01,f_41.01,r0022,c0030,dp151660,217450.0,
f_41.01,f_41.01,r0022,c0040,dp151664,338720.0,
f_41.01,f_41.01,r0023,c0020,dp151655,287796.0,
f_41.01,f_41.01,r0023,c0030,dp151659,214899.0,
f_41.01,f_41.01,r0023,c0040,dp151663,335161.0,
f_41.01,f_41.01,r0024,c0020,dp151658,34960.0,
f_41.01,f_41.01,r0024,c0030,dp151662,139841.0,
f_41.01,f_41.01,r0024,c0040,dp151666,489249.0,
f_41.01,f_41.01,r0031,c0020,dp152059,420277.0,
f_41.01,f_41.01,r0031,c0030,dp152063,473298.0,
f_41.01,f_41.01,r0031,c0040,dp152067,423050.0,
f_41.01,f_41.01,r0032,c0020,dp152058,177237.0,
f_41.01,f_41.01,r0032,c0030,dp152062,397958.0,
f_41.01,f_41.01,r0032,c0040,dp152066,142170.0,
f_41.01,f_41.01,r0033,c0020,dp152057,17676.0,
f_41.01,f_41.01,r0033,c0030,dp152061,117919.0,
f_41.01,f_41.01,r0033,c0040,dp152065,311142.0,
f_41.01,f_41.01,r0034,c0020,dp152060,243040.0,
f_41.01,f_41.01,r0034,c0030,dp152064,75340.0,
f_41.01,f_41.01,r0034,c0040,dp152068,280880.0,
f_41.01,f_41.01,r0070,c0020,dp11459,-457604.0,
f_41.01,f_41.01,r0070,c0030,dp11463,-617926.0,
f_41.01,f_41.01,r0070,c0040,dp11467,-455404.0,
f_41.01,f_41.01,r0080,c0020,dp11458,-75957.0,
f_41.01,f_41.01,r0080,c0030,dp11462,-145612.0,
f_41.01,f_41.01,r0080,c0040,dp11466,-242026.0,
f_41.01,f_41.01,r0090,c0020,dp11457,-81265.0,
f_41.01,f_41.01,r0090,c0030,dp11461,-240212.0,
f_41.01,f_41.01,r0090,c0040,dp11465,-319596.0,
f_41.01,f_41.01,r0100,c0020,dp11460,-381647.0,
f_41.01,f_41.01,r0100,c0030,dp11464,-472314.0,
f_41.01,f_41.01,r0100,c0040,dp11468,-213378.0,
f_41.01,f_41.01,r0101,c0020,dp151851,-444202.0,
f_41.01,f_41.01,r0101,c0030,dp151855,-501740.0,
f_41.01,f_41.01,r0101,c0040,dp151859,-221233.0,
f_41.01,f_41.01,r0102,c0020,dp151850,-193515.0,
f_41.01,f_41.01,r0102,c0030,dp151854,-405427.0,
f_41.01,f_41.01,r0102,c0040,dp151858,-37047.0,
f_41.01,f_41.01,r0103,c0020,dp151849,-63465.0,
f_41.01,f_41.01,r0103,c0030,dp151853,-354187.0,
f_41.01,f_41.01,r0103,c0040,dp151857,-397610.0,
f_41.01,f_41.01,r0104,c0020,dp151852,-250687.0,
f_41.01,f_41.01,r0104,c0030,dp151856,-96313.0,
f_41.01,f_41.01,r0104,c0040,dp151860,-184186.0,
f_41.02,f_41.02,r0010,c0010,dp11027,469760.0,
f_41.02,f_41.02,r0010,c0040,dp151163,451393.0,
f_41.02,f_41.02,r0030,c0010,dp11025,469760.0,
f_41.02,f_41.02,r0030,c0040,dp151161,451393.0,
f_41.02,f_41.02,r0040,c0010,dp11028,326235.0,
f_41.02,f_41.02,r0040,c0040,dp151165,82197.0,
f_41.02,f_41.02,r0050,c0010,dp11031,-692917.0,
f_41.02,f_41.02,r0050,c0020,dp11040,-667532.0,
f_41.02,f_41.02,r0050,c0030,dp11047,-26938.0,
f_41.02,f_41.02,r0050,c0040,dp151191,-265657.0,
f_41.02,f_41.02,r0060,c0010,dp11030,-330744.0,
f_41.02,f_41.02,r0060,c0020,dp11039,-384792.0,
f_41.02,f_41.02,r0060,c0030,dp11046,-21214.0,
f_41.02,f_41.02,r0060,c0040,dp151187,-205514.0,
f_41.02,f_41.02,r0070,c0010,dp11029,-78252.0,
f_41.02,f_41.02,r0070,c0020,dp11038,-484758.0,
f_41.02,f_41.02,r0070,c0030,dp11045,-316972.0,
f_41.02,f_41.02,r0070,c0040,dp151183,-137741.0,
f_41.02,f_41.02,r0080,c0010,dp11032,-362173.0,
f_41.02,f_41.02,r0080,c0020,dp11041,-282740.0,
f_41.02,f_41.02,r0080,c0030,dp11048,-5724.0,
f_41.02,f_41.02,r0080,c0040,dp151195,-60143.0,
f_43.00,f_43.00,r0030,c0010,dp32019,-1433148.0,
f_43.00,f_43.00,r0030,c0020,dp32018,3095367.0,
f_43.00,f_43.00,r0030,c0030,dp32023,946631.0,
f_43.00,f_43.00,r0030,c0040,dp32022,-272397.0,
f_43.00,f_43.00,r0030,c0050,dp32020,2078989.0,
f_43.00,f_43.00,r0030,c0055,dp152650,8746524.0,
f_43.00,f_43.00,r0030,c0060,dp32021,2228237.0,
f_43.00,f_43.00,r0040,c0010,dp38660,761410.0,
f_43.00,f_43.00,r0040,c0020,dp38659,5465369.0,
f_43.00,f_43.00,r0040,c0030,dp38664,1402421.0,
f_43.00,f_43.00,r0040,c0040,dp38663,6528762.0,
f_43.00,f_43.00,r0040,c0050,dp38661,3017945.0,
f_43.00,f_43.00,r0040,c0055,dp152700,938308.0,
f_43.00,f_43.00,r0040,c0060,dp38662,559948.0,
f_43.00,f_43.00,r0050,c0010,dp37404,547734.0,
f_43.00,f_43.00,r0050,c0020,dp37403,-9069330.0,
f_43.00,f_43.00,r0050,c0030,dp37408,-8673984.0,
f_43.00,f_43.00,r0050,c0040,dp37407,89899.0,
f_43.00,f_43.00,r0050,c0050,dp37405,56757.0,
f_43.00,f_43.00,r0050,c0055,dp152692,-198057.0,
f_43.00,f_43.00,r0050,c0060,dp37406,-4817945.0,
f_44.03,f_44.03,r0010,c0010,dp33819,545093.0,
f_44.03,f_44.03,r0020,c0010,dp33820,292875.0,
f_44.03,f_44.03,r0030,c0010,dp433774,458296.0,
f_44.03,f_44.03,r0040,c0010,dp433775,683706.0,
f_44.03,f_44.03,r0050,c0010,dp433776,480226.0,
f_44.03,f_44.03,r0060,c0010,dp433777,326268.0,
f_44.03,f_44.03,r0070,c0010,dp33818,545093.0,
f_44.04,f_44.04,r0010,c0010,dp433782,526110.0,
f_44.04,f_44.04,r0010,c0020,dp433783,577235.0,
f_44.04,f_44.04,r0010,c0030,dp433784,934428.0,
f_44.04,f_44.04,r0010,c0040,dp433785,318738.0,
f_44.04,f_44.04,r0020,c0010,dp433786,512539.0,
f_44.04,f_44.04,r0020,c0020,dp433787,901219.0,
f_44.04,f_44.04,r0020,c0030,dp433788,535559.0,
f_44.04,f_44.04,r0020,c0040,dp433789,306491.0,
f_44.04,f_44.04,r0030,c0010,dp433778,88874.0,
f_44.04,f_44.04,r0030,c0020,dp433779,463958.0,
f_44.04,f_44.04,r0030,c0030,dp433780,339843.0,
f_44.04,f_44.04,r0030,c0040,dp433781,240898.0,
f_44.04,f_44.04,r0040,c0010,dp33818,614984.0,
f_44.04,f_44.04,r0040,c0020,dp433790,1041193.0,
f_44.04,f_44.04,r0040,c0030,dp433791,1274271.0,
f_44.04,f_44.04,r0040,c0040,dp433792,559636.0,
f_44.04,f_44.04,r0050,c0010,dp434117,89562.0,
f_44.04,f_44.04,r0050,c0020,dp434118,478569.0,
f_44.04,f_44.04,r0050,c0030,dp434119,123658.0,
f_44.04,f_44.04,r0050,c0040,dp434120,12896541.0,
f_45.01,f_45.01,r0010,c0010,dp67309,86088.0,
f_45.01,f_45.01,r0020,c0010,dp67324,-8061.0,
f_45.01,f_45.01,r0020,c0020,dp67325,26365.0,
f_45.01,f_45.01,r0030,c0010,dp56328,78027.0,
f_45.02,f_45.02,r0010,c0010,dp429252,8768768.0,
f_45.02,f_45.02,r0020,c0010,dp11781,78787.0,
f_45.02,f_45.02,r0030,c0010,dp33929,123558.0,
f_45.02,f_45.02,r0040,c0010,dp434224,10000.0,
f_45.02,f_45.02,r0050,c0010,dp33924,8778768.0,
f_45.03,f_45.03,r0010,c0010,dp11790,-1889696.0,
f_45.03,f_45.03,r0010,c0020,dp11789,747565.0,
f_45.03,f_45.03,r0020,c0010,dp11780,-792915.0,
f_45.03,f_45.03,r0020,c0020,dp11779,293347.0,
f_45.03,f_45.03,r0030,c0010,dp11926,-681205.0,
f_45.03,f_45.03,r0030,c0020,dp11925,1735279.0,
f_45.03,f_45.03,r0040,c0010,dp33897,-250087.0,
f_45.03,f_45.03,r0040,c0020,dp33832,1907485.0,
f_45.03,f_45.03,r0050,c0010,dp33896,-2139783.0,
f_45.03,f_45.03,r0050,c0020,dp33831,2655050.0,
f_46.00,f_46.00,r0010,c0010,dp33213,-17197.0,
f_46.00,f_46.00,r0010,c0020,dp33222,419921.0,
f_46.00,f_46.00,r0010,c0030,dp33214,-308139.0,
f_46.00,f_46.00,r0010,c0040,dp33215,-497244.0,
f_46.00,f_46.00,r0010,c0050,dp33212,386855.0,
f_46.00,f_46.00,r0010,c0060,dp33220,-210383.0,
f_46.00,f_46.00,r0010,c0070,dp33221,229151.0,
f_46.00,f_46.00,r0010,c0075,dp46600,-256971.0,
f_46.00,f_46.00,r0010,c0080,dp33217,335974.0,
f_46.00,f_46.00,r0010,c0085,dp46601,-36726.0,
f_46.00,f_46.00,r0010,c0090,dp33218,358345.0,
f_46.00,f_46.00,r0010,c0100,dp33219,-26337.0,
f_46.00,f_46.00,r0010,c0110,dp33216,-285237.0,
f_46.00,f_46.00,r0010,c0120,dp33210,4266509.0,
f_46.00,f_46.00,r0020,c0010,dp55262,382631.0,
f_46.00,f_46.00,r0020,c0020,dp55271,-322176.0,
f_46.00,f_46.00,r0020,c0030,dp55263,-165167.0,
f_46.00,f_46.00,r0020,c0040,dp55264,285225.0,
f_46.00,f_46.00,r0020,c0050,dp55261,-131666.0,
f_46.00,f_46.00,r0020,c0060,dp55269,442813.0,
f_46.00,f_46.00,r0020,c0070,dp55270,345925.0,
f_46.00,f_46.00,r0020,c0075,dp55272,314991.0,
f_46.00,f_46.00,r0020,c0080,dp55266,-427250.0,
f_46.00,f_46.00,r0020,c0085,dp55273,-176609.0,
f_46.00,f_46.00,r0020,c0090,dp55267,-369056.0,
f_46.00,f_46.00,r0020,c0100,dp55268,221744.0,
f_46.00,f_46.00,r0020,c0110,dp55265,225118.0,
f_46.00,f_46.00,r0020,c0120,dp55259,918955.0,
f_46.00,f_46.00,r0030,c0010,dp55246,-70766.0,
f_46.00,f_46.00,r0030,c0020,dp55255,-403012.0,
f_46.00,f_46.00,r0030,c0030,dp55247,131537.0,
f_46.00,f_46.00,r0030,c0040,dp55248,-464335.0,
f_46.00,f_46.00,r0030,c0050,dp55245,389503.0,
f_46.00,f_46.00,r0030,c0060,dp55253,441150.0,
f_46.00,f_46.00,r0030,c0070,dp55254,-421434.0,
f_46.00,f_46.00,r0030,c0075,dp55256,185815.0,
f_46.00,f_46.00,r0030,c0080,dp55250,276446.0,
f_46.00,f_46.00,r0030,c0085,dp55257,-363562.0,
f_46.00,f_46.00,r0030,c0090,dp55251,-403872.0,
f_46.00,f_46.00,r0030,c0100,dp55252,-164506.0,
f_46.00,f_46.00,r0030,c0110,dp55249,-289808.0,
f_46.00,f_46.00,r0030,c0120,dp55243,4715924.0,
f_46.00,f_46.00,r0040,c0010,dp49599,-87963.0,
f_46.00,f_46.00,r0040,c0020,dp49608,16909.0,
f_46.00,f_46.00,r0040,c0030,dp49600,-176602.0,
f_46.00,f_46.00,r0040,c0040,dp49601,-961579.0,
f_46.00,f_46.00,r0040,c0050,dp49598,776358.0,
f_46.00,f_46.00,r0040,c0060,dp49606,230767.0,
f_46.00,f_46.00,r0040,c0070,dp49607,-192283.0,
f_46.00,f_46.00,r0040,c0075,dp49609,-71156.0,
f_46.00,f_46.00,r0040,c0080,dp49603,612420.0,
f_46.00,f_46.00,r0040,c0085,dp49610,-400288.0,
f_46.00,f_46.00,r0040,c0090,dp49604,-45527.0,
f_46.00,f_46.00,r0040,c0100,dp49605,-190843.0,
f_46.00,f_46.00,r0040,c0110,dp49602,-575045.0,
f_46.00,f_46.00,r0040,c0120,dp49596,8982433.0,
f_46.00,f_46.00,r0050,c0010,dp37424,-104940.0,
f_46.00,f_46.00,r0050,c0020,dp37427,-375027.0,
f_46.00,f_46.00,r0050,c0060,dp37425,-115367.0,
f_46.00,f_46.00,r0050,c0070,dp37426,-340337.0,
f_46.00,f_46.00,r0050,c0075,dp46623,-491001.0,
f_46.00,f_46.00,r0050,c0080,dp42669,-363277.0,
f_46.00,f_46.00,r0060,c0010,dp37432,-265013.0,
f_46.00,f_46.00,r0060,c0020,dp37435,-388612.0,
f_46.00,f_46.00,r0060,c0030,dp42670,256963.0,
f_46.00,f_46.00,r0060,c0060,dp37433,76130.0,
f_46.00,f_46.00,r0060,c0070,dp37434,54292.0,
f_46.00,f_46.00,r0060,c0075,dp46625,409558.0,
f_46.00,f_46.00,r0060,c0080,dp42671,-338167.0,
f_46.00,f_46.00,r0070,c0030,dp37417,168035.0,
f_46.00,f_46.00,r0070,c0060,dp37418,124965.0,
f_46.00,f_46.00,r0070,c0070,dp37419,410236.0,
f_46.00,f_46.00,r0070,c0075,dp46621,236905.0,
f_46.00,f_46.00,r0070,c0080,dp42668,-26618.0,
f_46.00,f_46.00,r0080,c0030,dp34044,-82223.0,
f_46.00,f_46.00,r0080,c0060,dp34045,-112852.0,
f_46.00,f_46.00,r0080,c0070,dp34046,-308679.0,
f_46.00,f_46.00,r0080,c0075,dp46619,-84915.0,
f_46.00,f_46.00,r0080,c0080,dp42190,302302.0,
f_46.00,f_46.00,r0090,c0010,dp33427,-263147.0,
f_46.00,f_46.00,r0090,c0020,dp33430,240561.0,
f_46.00,f_46.00,r0090,c0030,dp42177,58174.0,
f_46.00,f_46.00,r0090,c0040,dp42178,22026.0,
f_46.00,f_46.00,r0090,c0060,dp33428,112450.0,
f_46.00,f_46.00,r0090,c0075,dp46608,27989.0,
f_46.00,f_46.00,r0090,c0080,dp42179,214936.0,
f_46.00,f_46.00,r0090,c0090,dp117491,-232950.0,
f_46.00,f_46.00,r0100,c0010,dp32222,-141886.0,
f_46.00,f_46.00,r0100,c0020,dp32226,483939.0,
f_46.00,f_46.00,r0100,c0060,dp32224,392506.0,
f_46.00,f_46.00,r0100,c0070,dp32225,-196665.0,
f_46.00,f_46.00,r0100,c0075,dp46592,424519.0,
f_46.00,f_46.00,r0100,c0080,dp32223,303111.0,
f_46.00,f_46.00,r0100,c0090,dp41499,-87077.0,
f_46.00,f_46.00,r0100,c0100,dp84724,-300312.0,
f_46.00,f_46.00,r0110,c0010,dp33961,-346150.0,
f_46.00,f_46.00,r0110,c0020,dp33967,-131985.0,
f_46.00,f_46.00,r0110,c0030,dp33962,-445214.0,
f_46.00,f_46.00,r0110,c0040,dp42186,418358.0,
f_46.00,f_46.00,r0110,c0060,dp33965,-76433.0,
f_46.00,f_46.00,r0110,c0070,dp33966,-359957.0,
f_46.00,f_46.00,r0110,c0075,dp46613,160047.0,
f_46.00,f_46.00,r0110,c0080,dp33963,-382080.0,
f_46.00,f_46.00,r0110,c0090,dp42188,-360936.0,
f_46.00,f_46.00,r0110,c0110,dp42187,-295676.0,
f_46.00,f_46.00,r0120,c0060,dp37902,243300.0,
f_46.00,f_46.00,r0120,c0070,dp37903,160902.0,
f_46.00,f_46.00,r0120,c0075,dp46627,-311175.0,
f_46.00,f_46.00,r0120,c0080,dp37901,-371422.0,
f_46.00,f_46.00,r0120,c0090,dp42723,-412469.0,
f_46.00,f_46.00,r0130,c0060,dp38235,-282574.0,
f_46.00,f_46.00,r0130,c0070,dp38236,-333849.0,
f_46.00,f_46.00,r0130,c0075,dp46633,273305.0,
f_46.00,f_46.00,r0130,c0080,dp38234,127731.0,
f_46.00,f_46.00,r0130,c0090,dp42726,-363538.0,
f_46.00,f_46.00,r0140,c0010,dp37913,-183820.0,
f_46.00,f_46.00,r0140,c0020,dp37915,269104.0,
f_46.00,f_46.00,r0140,c0030,dp37914,-186471.0,
f_46.00,f_46.00,r0140,c0040,dp42724,-325579.0,
f_46.00,f_46.00,r0140,c0075,dp46629,176064.0,
f_46.00,f_46.00,r0150,c0010,dp37919,-371662.0,
f_46.00,f_46.00,r0150,c0020,dp37921,-106843.0,
f_46.00,f_46.00,r0150,c0030,dp37920,-352524.0,
f_46.00,f_46.00,r0150,c0040,dp42725,2807.0,
f_46.00,f_46.00,r0150,c0075,dp46631,-305530.0,
f_46.00,f_46.00,r0160,c0030,dp38492,-313965.0,
f_46.00,f_46.00,r0160,c0040,dp38493,-16346.0,
f_46.00,f_46.00,r0160,c0050,dp38491,-263299.0,
f_46.00,f_46.00,r0160,c0060,dp38497,121449.0,
f_46.00,f_46.00,r0160,c0070,dp38498,-335815.0,
f_46.00,f_46.00,r0160,c0075,dp46637,266593.0,
f_46.00,f_46.00,r0160,c0085,dp46638,-238260.0,
f_46.00,f_46.00,r0160,c0090,dp155817,290762.0,
f_46.00,f_46.00,r0160,c0100,dp38496,461890.0,
f_46.00,f_46.00,r0160,c0110,dp38494,-323066.0,
f_46.00,f_46.00,r0160,c0120,dp38489,-3924263.0,
f_46.00,f_46.00,r0170,c0010,dp33232,-145051.0,
f_46.00,f_46.00,r0170,c0020,dp33238,-51460.0,
f_46.00,f_46.00,r0170,c0030,dp33233,-417892.0,
f_46.00,f_46.00,r0170,c0040,dp33234,-167731.0,
f_46.00,f_46.00,r0170,c0050,dp33231,264454.0,
f_46.00,f_46.00,r0170,c0060,dp33236,-158068.0,
f_46.00,f_46.00,r0170,c0070,dp33237,457818.0,
f_46.00,f_46.00,r0170,c0075,dp46602,30058.0,
f_46.00,f_46.00,r0170,c0080,dp33235,-437058.0,
f_46.00,f_46.00,r0170,c0085,dp46603,129304.0,
f_46.00,f_46.00,r0170,c0090,dp42174,-202329.0,
f_46.00,f_46.00,r0180,c0010,dp33242,192682.0,
f_46.00,f_46.00,r0180,c0020,dp33245,484051.0,
f_46.00,f_46.00,r0180,c0040,dp42175,-169266.0,
f_46.00,f_46.00,r0180,c0075,dp46604,358388.0,
f_46.00,f_46.00,r0180,c0090,dp42176,228112.0,
f_46.00,f_46.00,r0190,c0030,dp33250,154008.0,
f_46.00,f_46.00,r0190,c0040,dp33251,93753.0,
f_46.00,f_46.00,r0190,c0050,dp33249,401355.0,
f_46.00,f_46.00,r0190,c0060,dp33256,478510.0,
f_46.00,f_46.00,r0190,c0070,dp33257,-113953.0,
f_46.00,f_46.00,r0190,c0075,dp46606,30721.0,
f_46.00,f_46.00,r0190,c0080,dp33253,224528.0,
f_46.00,f_46.00,r0190,c0090,dp33254,-23203.0,
f_46.00,f_46.00,r0190,c0100,dp33255,-303874.0,
f_46.00,f_46.00,r0190,c0110,dp33252,54277.0,
f_46.00,f_46.00,r0190,c0120,dp33247,714412.0,
f_46.00,f_46.00,r0200,c0050,dp38367,-34341539.0,
f_46.00,f_46.00,r0200,c0100,dp42728,4534532.0,
f_46.00,f_46.00,r0200,c0120,dp38365,-25731923.0,
f_46.00,f_46.00,r0200,c0130,dp38366,1150143.0,
f_46.00,f_46.00,r0210,c0010,dp32440,-192903.0,
f_46.00,f_46.00,r0210,c0020,dp32462,-358118.0,
f_46.00,f_46.00,r0210,c0030,dp32444,-176602.0,
f_46.00,f_46.00,r0210,c0040,dp32446,-961579.0,
f_46.00,f_46.00,r0210,c0050,dp32429,-33565181.0,
f_46.00,f_46.00,r0210,c0060,dp32458,115400.0,
f_46.00,f_46.00,r0210,c0070,dp32460,-532620.0,
f_46.00,f_46.00,r0210,c0075,dp46296,-562157.0,
f_46.00,f_46.00,r0210,c0080,dp32450,249143.0,
f_46.00,f_46.00,r0210,c0085,dp46301,-400288.0,
f_46.00,f_46.00,r0210,c0090,dp32454,-45527.0,
f_46.00,f_46.00,r0210,c0100,dp32456,4343689.0,
f_46.00,f_46.00,r0210,c0110,dp32448,-575045.0,
f_46.00,f_46.00,r0210,c0120,dp32425,-16749490.0,
f_46.00,f_46.00,r0210,c0130,dp32428,1150143.0,
f_47.00,f_47.00,r0020,c0010,dp434109,37255.0,
f_47.00,f_47.00,r0020,c0020,dp434104,993041.0,
f_47.00,f_47.00,r0020,c0030,dp434103,930515.0,
f_47.00,f_47.00,r0020,c0040,dp434108,597928.0,
f_47.00,f_47.00,r0020,c0050,dp434106,184590.0,
f_47.00,f_47.00,r0020,c0060,dp434105,257488.0,
f_47.00,f_47.00,r0020,c0070,dp434107,39263.0,
f_47.00,f_47.00,r0030,c0010,dp434116,398086.0,
f_47.00,f_47.00,r0030,c0020,dp434111,49670.0,
f_47.00,f_47.00,r0030,c0030,dp434110,908107.0,
f_47.00,f_47.00,r0030,c0040,dp434115,887687.0,
f_47.00,f_47.00,r0030,c0050,dp434113,164030.0,
f_47.00,f_47.00,r0030,c0060,dp434112,34249.0,
f_47.00,f_47.00,r0030,c0070,dp434114,177667.0,
